TransactionAmount,AccountAgeDays,NumTransactionsLast7D,AvgTransactionAmount7D,TransactionHour,BalanceBefore,BalanceAfter,TransactionType,MerchantCategory,DeviceType,Location,AmountBin,Target
24.69999999999999,850.0,16.0,18.250000000000014,21.0,9578.67,9553.97,Purchase,Food,Mobile,Medan,Rendah,2
11.599999999999994,681.0,15.0,8.25,13.0,3178.36,3166.76,Payment,Grocery,Mobile,Jakarta,Rendah,0
221.83,316.0,5.0,169.53,2.0,1668.0199999999995,1446.1899999999996,Transfer,Fashion,Mobile,Bandung,Sedang,3
396.46,51.0,2.999999999999999,373.11,3.0,5947.21,5550.75,Transfer,Travel,Mobile,Medan,Sedang,1
15.240000000000009,1076.0,8.0,15.150000000000006,8.0,6825.49,6810.25,Payment,Grocery,Desktop,Bandung,Rendah,0
60.979999999999976,2499.0,9.0,57.99000000000001,12.0,5443.72,5382.74,Purchase,Grocery,Mobile,Surabaya,Rendah,2
24.909999999999997,1817.0,20.0,26.73999999999998,16.0,460.52999999999975,435.6199999999999,Purchase,Grocery,Mobile,Medan,Rendah,2
35.81999999999999,1472.0,11.0,36.06999999999998,21.0,11142.27,11106.45,Purchase,Grocery,Mobile,Surabaya,Rendah,2
283.25,209.0,10.0,268.93,23.0,5707.53,5424.28,Payment,Travel,Mobile,Surabaya,Sedang,2
207.33,580.0,6.0,165.7,14.0,3439.26,3231.93,Transfer,Electronics,Desktop,Jakarta,Sedang,3
21.44999999999999,1221.0,10.0,19.549999999999997,14.0,2288.19,2266.74,Payment,Food,Mobile,Medan,Rendah,2
13.710000000000008,2421.0,15.0,9.980000000000004,9.0,10007.03,9993.32,Purchase,Grocery,Mobile,Surabaya,Rendah,2
75.34,480.0,15.0,67.54,8.0,4840.5,4765.16,Payment,Food,Mobile,Medan,Rendah,2
173.79,154.0000000000001,4.0,123.29,16.0,1662.6400000000003,1488.85,Transfer,Electronics,Tablet,Medan,Rendah,3
56.120000000000005,295.0,4.0,51.95,8.0,7438.94,7382.82,Transfer,Travel,Mobile,Jakarta,Rendah,0
133.18,134.0,8.0,100.55,19.0,2208.45,2075.27,Transfer,Electronics,Mobile,Jakarta,Rendah,3
181.12,779.0,4.0,190.26,0.0,4417.0,4235.88,Transfer,Electronics,Desktop,Surabaya,Rendah,3
118.73,737.0,4.0,96.57,8.0,5575.58,5456.85,Transfer,Fashion,Mobile,Bandung,Rendah,3
273.72,139.0000000000001,5.0,294.74,20.0,8206.02,7932.3,Transfer,Fashion,Tablet,Medan,Sedang,3
50.95,1079.0,6.0,49.41000000000001,14.0,7772.66,7721.71,Purchase,Grocery,Mobile,Denpasar,Rendah,0
34.33,2459.0,10.0,35.2,18.0,7771.46,7737.13,Purchase,Grocery,Desktop,Medan,Rendah,2
142.57,1036.0,4.0,121.69,14.0,2420.75,2278.18,Payment,Travel,Mobile,Medan,Rendah,2
30.67,2331.0,12.0,26.340000000000018,12.0,1229.75,1199.08,Purchase,Grocery,Mobile,Surabaya,Rendah,2
21.72,1041.0,12.0,23.150000000000006,18.0,5639.75,5618.03,Purchase,Grocery,Desktop,Bandung,Rendah,0
53.94,884.0,11.0,53.53999999999999,11.0,6634.62,6580.68,Payment,Grocery,Mobile,Medan,Rendah,2
485.49,942.0,4.0,380.01,16.0,8136.2,7650.71,Transfer,Fashion,Desktop,Bandung,Tinggi,3
18.53,2690.0,16.0,16.450000000000003,18.0,2997.22,2978.69,Purchase,Grocery,Mobile,Surabaya,Rendah,2
458.64,969.0,7.0,457.87999999999994,6.0,2945.08,2486.44,Transfer,Travel,Mobile,Jakarta,Tinggi,1
224.95,684.0,6.0,173.78,20.0,9646.58,9421.63,Payment,Electronics,Desktop,Jakarta,Sedang,3
121.33,474.0,6.0,86.87,7.0,3263.1,3141.77,Transfer,Fashion,Tablet,Medan,Rendah,3
689.48,150.9999999999999,0.0,625.1,2.0,8826.39,8136.91,Withdrawal,Travel,Desktop,Surabaya,Sangat Tinggi,1
18.379999999999995,2668.0,10.0,16.08,19.0,6380.97,6362.59,Purchase,Food,Desktop,Jakarta,Rendah,0
94.53999999999999,234.0,2.999999999999999,87.28999999999999,12.0,8570.76,8476.22,Payment,Electronics,Desktop,Medan,Rendah,3
30.189999999999998,1600.0,12.0,22.67,9.0,2262.42,2232.23,Purchase,Food,Mobile,Jakarta,Rendah,0
321.17,1100.0,6.0,350.28,6.0,3798.78,3477.6100000000006,Transfer,Travel,Mobile,Jakarta,Sedang,1
91.09,551.0,2.0,93.67,18.0,3082.08,2990.99,Transfer,Travel,Tablet,Denpasar,Rendah,0
30.480000000000004,1244.0,9.0,26.710000000000008,10.0,5150.7,5120.22,Payment,Grocery,Mobile,Surabaya,Rendah,2
41.55000000000001,494.0,12.0,30.710000000000008,10.0,3624.7,3583.15,Payment,Food,Mobile,Medan,Rendah,2
36.83,393.0,14.0,37.42999999999999,15.0,1949.94,1913.1099999999997,Purchase,Food,Mobile,Denpasar,Rendah,0
15.47999999999999,952.0,9.0,12.400000000000006,14.0,2460.66,2445.18,Purchase,Grocery,Mobile,Surabaya,Rendah,2
291.27,1115.0,4.0,262.21,20.0,2298.83,2007.56,Transfer,Fashion,Mobile,Bandung,Sedang,3
330.64,553.0,4.0,310.19,19.0,3267.17,2936.53,Transfer,Electronics,Desktop,Medan,Sedang,3
50.50999999999999,2818.0,18.0,53.12000000000002,13.0,3956.99,3906.48,Purchase,Fashion,Mobile,Medan,Rendah,2
597.16,146.9999999999999,1.0,486.92999999999995,5.0,10236.46,9639.3,Withdrawal,Travel,Mobile,Denpasar,Tinggi,1
39.579999999999984,1190.0,15.0,29.629999999999995,21.0,2533.62,2494.04,Purchase,Food,Mobile,Surabaya,Rendah,2
92.12,168.0,7.0,67.84,21.0,3274.67,3182.55,Payment,Electronics,Mobile,Medan,Rendah,3
25.730000000000004,2893.0,18.0,18.629999999999995,14.0,1753.9700000000003,1728.2399999999998,Purchase,Grocery,Mobile,Jakarta,Rendah,0
13.659999999999997,897.0,11.0,10.939999999999998,14.0,2943.95,2930.29,Purchase,Food,Mobile,Denpasar,Rendah,0
18.069999999999993,2417.0,17.0,17.840000000000003,14.0,6622.29,6604.22,Purchase,Fashion,Mobile,Bandung,Rendah,0
19.710000000000008,755.0,18.0,16.129999999999995,9.0,5148.37,5128.66,Purchase,Grocery,Mobile,Surabaya,Rendah,2
210.41,1061.0,2.999999999999999,168.11,9.0,731.1999999999998,520.79,Transfer,Fashion,Mobile,Surabaya,Sedang,3
170.59,1008.0,2.999999999999999,147.22,22.0,3517.87,3347.28,Transfer,Electronics,Mobile,Surabaya,Rendah,3
189.38,489.0,2.999999999999999,134.02,1.0,12125.13,11935.75,Transfer,Electronics,Mobile,Bandung,Rendah,3
37.729999999999976,2958.0,12.0,40.400000000000006,21.0,4617.69,4579.96,Purchase,Food,Mobile,Jakarta,Rendah,0
170.73,228.0,2.0,129.86,21.0,2543.94,2373.21,Payment,Travel,Tablet,Bandung,Rendah,0
236.78,325.0,4.0,224.87,4.0,3012.16,2775.38,Transfer,Electronics,Mobile,Denpasar,Sedang,3
24.25,895.0,18.0,24.67,8.0,15772.7,15748.45,Purchase,Grocery,Mobile,Jakarta,Rendah,0
69.89,1392.0,8.0,52.46000000000001,10.0,10403.99,10334.1,Purchase,Grocery,Mobile,Bandung,Rendah,0
29.14,2312.0,10.0,26.450000000000003,18.0,4017.98,3988.84,Purchase,Food,Mobile,Surabaya,Rendah,2
49.89,948.0,10.0,50.66,17.0,4743.68,4693.79,Purchase,Food,Desktop,Medan,Rendah,2
140.87,987.0,2.999999999999999,145.01,8.0,8810.3,8669.43,Payment,Travel,Mobile,Surabaya,Rendah,2
69.2,1753.0,15.0,58.11,20.0,458.21000000000004,389.0100000000002,Purchase,Fashion,Mobile,Surabaya,Rendah,2
31.340000000000003,2529.0,12.0,31.980000000000004,21.0,2321.72,2290.38,Purchase,Grocery,Mobile,Denpasar,Rendah,0
24.389999999999986,2660.0,11.0,24.74000000000001,16.0,10457.7,10433.31,Purchase,Fashion,Mobile,Medan,Rendah,2
788.8999999999999,68.0,0.0,686.06,4.0,15228.25,14439.35,Withdrawal,Travel,Desktop,Surabaya,Sangat Tinggi,1
45.16,623.0,16.0,39.03,20.0,9624.86,9579.7,Purchase,Grocery,Mobile,Denpasar,Rendah,0
445.81,650.0,7.0,351.58,22.0,1090.42,644.6099999999997,Payment,Travel,Mobile,Jakarta,Tinggi,1
79.2,678.0,4.0,75.77,6.0,3275.6,3196.4,Transfer,Fashion,Mobile,Surabaya,Rendah,2
217.06,522.0,5.0,229.69,4.0,6901.19,6684.13,Payment,Electronics,Desktop,Bandung,Sedang,3
609.93,176.0000000000001,1.0,595.63,3.0,1896.63,1286.7000000000003,Withdrawal,Travel,Mobile,Surabaya,Sangat Tinggi,1
46.879999999999995,1026.0,10.0,40.66,13.0,12662.11,12615.23,Purchase,Food,Mobile,Surabaya,Rendah,2
304.52,761.0,4.0,302.15999999999997,19.0,7055.58,6751.06,Payment,Travel,Tablet,Medan,Sedang,1
254.93,651.0,2.999999999999999,224.64,23.0,11714.49,11459.56,Transfer,Travel,Desktop,Medan,Sedang,1
26.210000000000022,1320.0,13.0,24.159999999999997,16.0,12300.43,12274.22,Purchase,Grocery,Desktop,Denpasar,Rendah,0
106.0,366.0,2.0,91.69,23.0,6812.63,6706.63,Transfer,Travel,Tablet,Bandung,Rendah,0
24.310000000000002,2994.0,7.0,21.799999999999997,10.0,2625.68,2601.37,Purchase,Fashion,Mobile,Denpasar,Rendah,0
36.21000000000001,1104.0,11.0,36.00999999999999,12.0,3630.9300000000003,3594.72,Payment,Food,Mobile,Surabaya,Rendah,2
51.81,2862.0,14.0,50.19,16.0,3215.62,3163.81,Purchase,Fashion,Mobile,Jakarta,Rendah,0
579.6,172.9999999999999,0.0,409.69,4.0,4803.31,4223.71,Withdrawal,Travel,Mobile,Denpasar,Tinggi,1
40.63000000000001,874.0,13.0,38.03999999999999,8.0,4214.47,4173.84,Purchase,Grocery,Mobile,Denpasar,Rendah,0
37.31,1967.0,17.0,33.55999999999999,19.0,10788.05,10750.74,Payment,Food,Mobile,Bandung,Rendah,0
35.55,1826.0,10.0,29.84999999999998,17.0,7639.83,7604.28,Purchase,Grocery,Mobile,Surabaya,Rendah,2
35.25,1148.0,17.0,27.349999999999994,18.0,5688.74,5653.49,Payment,Fashion,Mobile,Medan,Rendah,2
63.81999999999999,1593.0,15.0,55.620000000000005,20.0,2504.06,2440.24,Purchase,Grocery,Mobile,Surabaya,Rendah,2
179.1,221.0000000000001,4.0,193.57,21.0,6082.58,5903.48,Transfer,Electronics,Desktop,Denpasar,Rendah,3
37.61999999999999,1191.0,9.0,34.97999999999999,8.0,7471.64,7434.02,Purchase,Food,Mobile,Denpasar,Rendah,0
332.39,513.0,9.0,262.33,12.0,2772.49,2440.1,Payment,Electronics,Desktop,Denpasar,Sedang,3
495.03,773.0,6.0,415.72,23.0,1101.3400000000001,606.3099999999995,Payment,Electronics,Mobile,Denpasar,Tinggi,3
283.95,806.0,7.0,236.70999999999998,15.0,10458.93,10174.98,Payment,Electronics,Desktop,Jakarta,Sedang,3
19.069999999999993,1961.0,22.0,17.60000000000001,20.0,8171.37,8152.3,Payment,Grocery,Mobile,Bandung,Rendah,0
13.460000000000008,1957.0,13.0,13.620000000000005,12.0,3246.3,3232.84,Purchase,Grocery,Mobile,Denpasar,Rendah,0
78.45,2358.0,7.0,57.120000000000005,20.0,16060.75,15982.3,Purchase,Food,Mobile,Surabaya,Rendah,2
158.31,580.0,4.0,152.14,6.0,5589.56,5431.25,Transfer,Fashion,Desktop,Surabaya,Rendah,3
37.00999999999999,524.0,10.0,34.78999999999999,13.0,2880.3,2843.29,Purchase,Grocery,Mobile,Surabaya,Rendah,2
43.28999999999999,1573.0,15.0,44.68000000000002,13.0,1318.3500000000004,1275.06,Purchase,Fashion,Mobile,Medan,Rendah,2
70.91,696.0,9.0,50.39,21.0,2412.55,2341.64,Purchase,Grocery,Mobile,Surabaya,Rendah,2
696.5899999999999,45.0,4.0,571.2,4.0,10475.1,9778.51,Withdrawal,Travel,Desktop,Medan,Sangat Tinggi,1
317.85,916.0,9.0,325.32,12.0,2234.08,1916.23,Transfer,Fashion,Desktop,Surabaya,Sedang,3
28.049999999999997,1513.0,16.0,26.519999999999996,18.0,2165.0,2136.95,Purchase,Fashion,Mobile,Medan,Rendah,2
52.05,2561.0,13.0,45.61,10.0,6821.48,6769.43,Purchase,Grocery,Mobile,Bandung,Rendah,0
40.249999999999986,1961.0,8.0,33.59000000000002,8.0,4423.64,4383.39,Purchase,Grocery,Mobile,Medan,Rendah,2
195.29,287.0,4.0,163.69,18.0,3367.08,3171.79,Transfer,Electronics,Desktop,Bandung,Rendah,3
21.53,1018.0,11.0,15.400000000000006,13.0,2024.9700000000003,2003.44,Purchase,Food,Mobile,Surabaya,Rendah,2
18.47,890.0,13.0,18.39,13.0,7678.97,7660.5,Purchase,Grocery,Desktop,Jakarta,Rendah,0
21.400000000000006,1091.0,14.0,16.330000000000013,9.0,10085.11,10063.71,Payment,Grocery,Mobile,Denpasar,Rendah,0
48.64,1323.0,6.0,36.52000000000001,8.0,10127.05,10078.41,Payment,Food,Mobile,Medan,Rendah,2
241.65,990.0,9.0,191.41,23.0,2416.7,2175.05,Transfer,Electronics,Desktop,Denpasar,Sedang,3
223.3,927.0,7.0,214.03,20.0,5277.32,5054.02,Payment,Electronics,Desktop,Denpasar,Sedang,3
35.87000000000002,1611.0,17.0,27.17,20.0,9182.69,9146.82,Purchase,Grocery,Mobile,Bandung,Rendah,0
492.46,160.0,2.0,514.54,1.0,6260.95,5768.49,Withdrawal,Electronics,Mobile,Medan,Tinggi,3
18.47999999999999,2339.0,16.0,18.460000000000008,9.0,12431.98,12413.5,Purchase,Fashion,Mobile,Bandung,Rendah,0
471.3,728.0,6.0,369.21,4.0,4606.86,4135.56,Transfer,Fashion,Desktop,Medan,Tinggi,3
79.63,1973.0,14.0,67.31,9.0,6528.11,6448.48,Purchase,Grocery,Mobile,Bandung,Rendah,0
37.229999999999976,1115.0,8.0,32.22,16.0,3235.93,3198.7,Payment,Travel,Mobile,Bandung,Rendah,0
486.97,66.0,2.0,344.17,4.0,1921.0299999999997,1434.0600000000004,Transfer,Electronics,Desktop,Surabaya,Tinggi,3
84.01,2062.0,12.0,92.41,18.0,3597.39,3513.38,Purchase,Grocery,Mobile,Jakarta,Rendah,0
127.6,1165.0,2.999999999999999,103.55,22.0,4683.48,4555.88,Transfer,Electronics,Mobile,Surabaya,Rendah,3
23.78,2411.0,8.0,20.22,21.0,7832.24,7808.46,Purchase,Grocery,Mobile,Bandung,Rendah,0
93.61,796.0,1.0,91.48,22.0,6243.81,6150.2,Transfer,Travel,Desktop,Medan,Rendah,2
233.01,784.0,4.0,219.75,22.0,5291.38,5058.37,Transfer,Fashion,Desktop,Denpasar,Sedang,3
57.02000000000001,1058.0,2.0,57.099999999999994,2.0,2586.7,2529.68,Payment,Travel,Desktop,Jakarta,Rendah,0
33.61,2192.0,12.0,36.00999999999999,8.0,2141.97,2108.36,Purchase,Fashion,Mobile,Surabaya,Rendah,2
237.9,512.0,7.0,257.95,11.0,1704.3999999999996,1466.5000000000005,Transfer,Electronics,Mobile,Jakarta,Sedang,3
59.280000000000015,1054.0,11.0,52.75999999999998,6.0,6284.02,6224.74,Transfer,Fashion,Mobile,Jakarta,Rendah,0
256.24,266.0000000000001,7.0,243.23,2.0,5236.41,4980.17,Transfer,Travel,Mobile,Denpasar,Sedang,1
35.72,1045.0,9.0,37.75999999999999,13.0,1891.42,1855.6999999999998,Payment,Fashion,Mobile,Jakarta,Rendah,0
14.240000000000009,1799.0,7.0,12.799999999999997,15.0,15254.67,15240.43,Purchase,Grocery,Desktop,Medan,Rendah,2
36.5,1742.0,13.0,37.349999999999994,15.0,14736.51,14700.01,Purchase,Grocery,Desktop,Bandung,Rendah,0
305.15,135.9999999999999,6.0,244.15000000000003,4.0,7164.17,6859.02,Transfer,Travel,Tablet,Denpasar,Sedang,1
144.94,972.0,2.999999999999999,158.73,10.0,9185.64,9040.7,Transfer,Travel,Mobile,Medan,Rendah,2
157.5,497.0,2.999999999999999,156.15,21.0,8631.17,8473.67,Transfer,Fashion,Tablet,Bandung,Rendah,3
24.569999999999993,1522.0,10.0,24.430000000000007,18.0,1822.3400000000001,1797.77,Payment,Grocery,Mobile,Jakarta,Rendah,0
40.96000000000001,412.0,12.0,34.349999999999994,17.0,6291.43,6250.47,Purchase,Fashion,Mobile,Bandung,Rendah,0
328.43,131.9999999999999,1.0,354.54,1.0,4244.57,3916.14,Withdrawal,Travel,Desktop,Surabaya,Sedang,1
32.629999999999995,2055.0,11.0,31.0,21.0,4693.45,4660.82,Purchase,Grocery,Mobile,Medan,Rendah,2
40.06,2701.0,8.0,31.67,15.0,2038.48,1998.42,Purchase,Grocery,Mobile,Denpasar,Rendah,0
39.120000000000005,1349.0,10.0,38.34,18.0,4583.59,4544.47,Payment,Grocery,Mobile,Denpasar,Rendah,0
221.02,241.0,2.0,217.91,19.0,15012.22,14791.2,Transfer,Fashion,Desktop,Medan,Sedang,3
72.41,246.0,4.0,69.72,7.0,3383.44,3311.0300000000007,Payment,Travel,Mobile,Jakarta,Rendah,0
58.879999999999995,2147.0,12.0,47.53,13.0,4911.2,4852.32,Purchase,Grocery,Mobile,Bandung,Rendah,0
233.37,783.0,2.0,233.86,10.0,902.5599999999995,669.1900000000005,Payment,Travel,Desktop,Denpasar,Sedang,1
30.890000000000015,1067.0,16.0,29.739999999999995,20.0,11545.41,11514.52,Payment,Grocery,Mobile,Surabaya,Rendah,2
29.53,1449.0,14.0,29.67,12.0,5624.48,5594.95,Purchase,Food,Mobile,Bandung,Rendah,0
256.21,688.0,5.0,245.71,14.0,1899.6099999999997,1643.3999999999996,Transfer,Travel,Mobile,Bandung,Sedang,1
206.78,280.0,2.999999999999999,181.1,1.0,7640.05,7433.27,Payment,Travel,Desktop,Bandung,Sedang,1
7.6200000000000045,2122.0,8.0,6.110000000000014,11.0,3236.34,3228.72,Purchase,Food,Mobile,Medan,Rendah,2
34.03999999999999,1765.0,13.0,29.450000000000017,12.0,4377.37,4343.33,Purchase,Fashion,Mobile,Bandung,Rendah,0
23.94999999999999,414.0,12.0,24.67,11.0,1047.4400000000005,1023.4899999999998,Payment,Grocery,Mobile,Surabaya,Rendah,2
151.24,1096.0,4.0,117.62,20.0,7681.09,7529.85,Transfer,Travel,Mobile,Bandung,Rendah,0
480.87,156.0,4.0,380.92,2.0,3790.71,3309.84,Withdrawal,Travel,Mobile,Medan,Tinggi,1
156.55,1190.0,5.0,135.02,14.0,5231.13,5074.58,Transfer,Electronics,Mobile,Medan,Rendah,3
32.75,665.0,9.0,32.47999999999999,20.0,5137.18,5104.43,Purchase,Food,Mobile,Bandung,Rendah,0
34.870000000000005,1247.0,12.0,37.42999999999999,14.0,1285.42,1250.5500000000002,Purchase,Grocery,Mobile,Jakarta,Rendah,0
29.89,2929.0,14.0,29.64,20.0,1698.19,1668.3000000000002,Purchase,Grocery,Mobile,Jakarta,Rendah,0
15.300000000000011,1876.0,10.0,13.75,16.0,4089.04,4073.74,Purchase,Fashion,Mobile,Denpasar,Rendah,0
202.7,219.0,5.0,150.84,7.0,3905.53,3702.83,Transfer,Electronics,Tablet,Jakarta,Rendah,3
221.86,440.0,2.999999999999999,176.9,9.0,2950.06,2728.2,Transfer,Travel,Desktop,Denpasar,Sedang,1
46.09999999999998,1207.0,10.0,44.89,20.0,3657.82,3611.72,Purchase,Grocery,Mobile,Surabaya,Rendah,2
35.77000000000001,971.0,11.0,25.14,13.0,7608.44,7572.67,Purchase,Grocery,Mobile,Bandung,Rendah,0
93.53,875.0,9.0,79.81,11.0,1988.58,1895.0500000000002,Purchase,Grocery,Mobile,Bandung,Rendah,0
15.689999999999998,1547.0,13.0,13.030000000000015,11.0,9779.56,9763.87,Purchase,Fashion,Mobile,Surabaya,Rendah,2
27.329999999999984,1956.0,12.0,20.56999999999998,18.0,7637.04,7609.71,Purchase,Food,Mobile,Bandung,Rendah,0
178.63,831.0,2.999999999999999,137.56,5.0,1967.88,1789.25,Transfer,Electronics,Mobile,Surabaya,Rendah,3
38.229999999999976,2321.0,11.0,31.070000000000007,20.0,2816.66,2778.43,Payment,Grocery,Mobile,Jakarta,Rendah,0
431.19,1138.0,2.999999999999999,429.52,19.0,1569.77,1138.58,Payment,Travel,Desktop,Surabaya,Tinggi,1
347.03,613.0,2.0,379.88,9.0,7283.71,6936.68,Transfer,Travel,Desktop,Denpasar,Sedang,1
26.580000000000013,1891.0,13.0,25.299999999999997,9.0,6632.39,6605.81,Purchase,Fashion,Mobile,Medan,Rendah,2
60.02999999999999,2926.0,10.0,49.5,10.0,3305.35,3245.32,Purchase,Grocery,Mobile,Denpasar,Rendah,0
27.47,1414.0,13.0,27.700000000000003,16.0,4672.1,4644.63,Payment,Grocery,Desktop,Surabaya,Rendah,2
108.1,1129.0,1.0,97.45,14.0,6320.26,6212.16,Transfer,Fashion,Desktop,Surabaya,Rendah,2
395.21000000000004,78.0,1.0,412.37,3.0,3415.39,3020.18,Withdrawal,Electronics,Mobile,Denpasar,Sedang,3
159.73,975.0,6.0,128.15,20.0,3259.63,3099.9,Payment,Electronics,Mobile,Denpasar,Rendah,3
798.98,133.0,2.999999999999999,594.54,0.0,10827.05,10028.07,Withdrawal,Travel,Desktop,Surabaya,Sangat Tinggi,1
50.72,2006.0,7.0,47.66,18.0,4829.27,4778.55,Purchase,Grocery,Mobile,Denpasar,Rendah,0
17.860000000000014,468.0,16.0,17.239999999999995,14.0,6537.46,6519.6,Payment,Grocery,Desktop,Surabaya,Rendah,2
304.38,1023.0,7.0,213.52,17.0,4179.37,3874.99,Transfer,Travel,Desktop,Denpasar,Sedang,1
447.67,488.0,6.0,460.22,13.0,4033.06,3585.39,Transfer,Electronics,Mobile,Jakarta,Tinggi,3
64.48,2058.0,16.0,61.879999999999995,8.0,12004.04,11939.56,Purchase,Fashion,Mobile,Denpasar,Rendah,0
31.210000000000008,1657.0,15.0,30.950000000000003,15.0,3656.0,3624.79,Purchase,Grocery,Desktop,Medan,Rendah,2
186.79,956.0,6.0,157.73,1.0,2506.25,2319.46,Transfer,Electronics,Tablet,Surabaya,Rendah,3
29.319999999999993,795.0,11.0,22.92,8.0,5284.67,5255.35,Payment,Food,Mobile,Jakarta,Rendah,0
127.52,1073.0,6.0,105.43,4.0,4481.46,4353.94,Transfer,Travel,Mobile,Surabaya,Rendah,2
204.01,894.0,4.0,197.78,0.0,11821.79,11617.78,Transfer,Electronics,Mobile,Bandung,Rendah,3
213.28,107.0,0.0,169.3,1.0,4399.67,4186.39,Withdrawal,Electronics,Desktop,Denpasar,Sedang,3
43.370000000000005,1819.0,10.0,46.370000000000005,17.0,4078.98,4035.61,Purchase,Grocery,Mobile,Bandung,Rendah,0
458.4,150.9999999999999,2.0,329.06,1.0,8331.34,7872.94,Withdrawal,Travel,Desktop,Jakarta,Tinggi,1
91.04,137.0,5.0,94.92,0.0,2989.6,2898.56,Transfer,Electronics,Mobile,Surabaya,Rendah,3
253.86,501.0,6.0,225.52,15.0,6013.29,5759.43,Payment,Electronics,Tablet,Bandung,Sedang,3
102.5,171.0,8.0,92.69,15.0,2110.17,2007.67,Payment,Fashion,Mobile,Bandung,Rendah,0
95.85,615.0,6.0,104.82,6.0,3132.43,3036.58,Transfer,Electronics,Desktop,Jakarta,Rendah,3
23.50999999999999,545.0,15.0,18.86999999999999,19.0,12560.14,12536.63,Purchase,Fashion,Mobile,Surabaya,Rendah,2
13.449999999999989,500.0,12.0,13.980000000000004,17.0,1625.6999999999998,1612.2500000000005,Purchase,Food,Desktop,Jakarta,Rendah,0
138.34,550.0,2.999999999999999,141.53,17.0,2317.65,2179.31,Transfer,Electronics,Mobile,Bandung,Rendah,3
45.78,1138.0,12.0,46.650000000000006,8.0,2898.4,2852.62,Purchase,Grocery,Mobile,Surabaya,Rendah,2
220.87,862.0,4.0,168.51,7.0,1353.1599999999999,1132.29,Transfer,Fashion,Mobile,Denpasar,Sedang,3
87.79,615.0,5.0,69.8,21.0,2536.59,2448.8,Transfer,Travel,Mobile,Medan,Rendah,2
23.44999999999999,1477.0,12.0,22.820000000000007,16.0,1289.7299999999996,1266.2799999999993,Payment,Grocery,Mobile,Jakarta,Rendah,0
52.59000000000002,2780.0,12.0,45.06,10.0,4631.02,4578.43,Payment,Grocery,Mobile,Denpasar,Rendah,0
275.26,738.0,2.0,274.31,7.0,5494.86,5219.6,Transfer,Electronics,Mobile,Bandung,Sedang,3
12.560000000000002,1978.0,11.0,9.760000000000005,9.0,2695.23,2682.67,Purchase,Food,Mobile,Medan,Rendah,2
29.210000000000008,1459.0,8.0,27.64,21.0,14991.81,14962.6,Purchase,Fashion,Desktop,Medan,Rendah,2
341.18999999999994,182.0,6.0,354.44,0.0,5481.38,5140.19,Transfer,Electronics,Desktop,Surabaya,Sedang,3
55.95,1465.0,8.0,59.33,20.0,3169.94,3113.99,Purchase,Food,Mobile,Jakarta,Rendah,0
42.81000000000002,1093.0,11.0,43.41,8.0,2088.22,2045.4099999999999,Purchase,Grocery,Mobile,Medan,Rendah,2
167.54,986.0,2.0,174.73,15.0,4585.51,4417.97,Transfer,Electronics,Desktop,Surabaya,Rendah,3
17.680000000000007,495.0,15.0,18.250000000000014,14.0,11358.55,11340.87,Payment,Grocery,Mobile,Medan,Rendah,2
148.01,451.0,6.0,151.34,6.0,2206.32,2058.31,Payment,Electronics,Mobile,Jakarta,Rendah,3
279.1,667.0,7.0,269.17,12.0,4647.26,4368.16,Transfer,Travel,Desktop,Bandung,Sedang,1
14.719999999999999,2473.0,15.0,14.730000000000004,12.0,2974.81,2960.09,Purchase,Food,Desktop,Medan,Rendah,2
97.46000000000001,622.0,2.999999999999999,81.59,15.0,12760.17,12662.71,Transfer,Electronics,Mobile,Bandung,Rendah,3
25.849999999999994,1598.0,14.0,18.120000000000005,10.0,9435.34,9409.49,Payment,Fashion,Mobile,Jakarta,Rendah,0
48.400000000000006,949.0,13.0,40.06999999999999,20.0,2478.43,2430.03,Purchase,Grocery,Desktop,Bandung,Rendah,0
119.93,1146.0,11.0,116.97,16.0,2965.37,2845.44,Payment,Travel,Desktop,Jakarta,Rendah,0
105.73,488.0,4.0,112.24,18.0,6269.81,6164.08,Transfer,Electronics,Desktop,Surabaya,Rendah,3
237.64,365.0,2.999999999999999,252.89,17.0,2833.97,2596.33,Transfer,Electronics,Mobile,Medan,Sedang,3
38.58000000000001,1212.0,10.0,33.3,14.0,2096.85,2058.27,Purchase,Food,Desktop,Surabaya,Rendah,2
35.46000000000001,2335.0,6.0,29.049999999999997,21.0,1102.04,1066.58,Purchase,Grocery,Desktop,Denpasar,Rendah,0
23.639999999999986,1518.0,21.0,25.730000000000004,14.0,4803.02,4779.38,Purchase,Grocery,Mobile,Denpasar,Rendah,0
20.400000000000006,2685.0,17.0,19.42,17.0,11899.94,11879.54,Purchase,Grocery,Desktop,Bandung,Rendah,0
381.95,626.0,2.999999999999999,345.0,5.0,4026.78,3644.83,Transfer,Electronics,Mobile,Denpasar,Sedang,3
51.400000000000006,2424.0,16.0,52.280000000000015,19.0,2555.04,2503.64,Purchase,Food,Mobile,Bandung,Rendah,0
57.05999999999999,1700.0,10.0,46.06999999999999,8.0,3363.61,3306.55,Purchase,Grocery,Mobile,Surabaya,Rendah,2
26.349999999999994,2974.0,14.0,23.099999999999994,10.0,7333.18,7306.83,Payment,Grocery,Mobile,Medan,Rendah,2
21.72999999999999,933.0,7.0,22.450000000000003,19.0,8084.15,8062.42,Purchase,Food,Mobile,Surabaya,Rendah,2
32.74000000000001,1222.0,11.0,35.69,20.0,1622.6900000000005,1589.9499999999994,Purchase,Grocery,Mobile,Denpasar,Rendah,0
36.94999999999999,1998.0,17.0,32.31999999999999,18.0,5047.0,5010.05,Purchase,Grocery,Mobile,Surabaya,Rendah,2
30.429999999999993,1761.0,9.0,25.420000000000016,15.0,10607.17,10576.74,Purchase,Food,Mobile,Surabaya,Rendah,2
325.14,435.0,6.0,234.16,3.0,8332.07,8006.93,Payment,Travel,Mobile,Jakarta,Sedang,1
440.02,1032.0,2.999999999999999,417.62,5.0,10586.59,10146.57,Transfer,Electronics,Desktop,Denpasar,Tinggi,3
21.27000000000001,2661.0,7.0,21.210000000000008,15.0,13314.27,13293.0,Payment,Grocery,Desktop,Denpasar,Rendah,0
31.189999999999998,1808.0,11.0,28.650000000000006,9.0,2205.11,2173.92,Purchase,Food,Mobile,Surabaya,Rendah,2
25.879999999999995,1556.0,21.0,24.450000000000003,17.0,3245.84,3219.96,Purchase,Fashion,Mobile,Surabaya,Rendah,2
22.25999999999999,400.0,12.0,18.099999999999994,20.0,4268.9,4246.64,Purchase,Grocery,Mobile,Surabaya,Rendah,2
551.31,16.0,5.0,409.79,2.0,5380.5,4829.19,Withdrawal,Travel,Mobile,Surabaya,Tinggi,1
150.12,632.0,2.0,108.21,9.0,12694.2,12544.080000000002,Payment,Travel,Desktop,Surabaya,Rendah,2
186.45,1041.0,4.0,168.97,23.0,13018.73,12832.279999999999,Payment,Travel,Desktop,Jakarta,Rendah,0
686.8799999999999,77.0,6.0,493.99,0.0,4544.82,3857.94,Withdrawal,Travel,Desktop,Surabaya,Sangat Tinggi,1
41.099999999999994,2419.0,13.0,39.93000000000001,21.0,3348.15,3307.05,Purchase,Food,Mobile,Bandung,Rendah,0
322.78,156.0,0.0,264.08,5.0,6973.77,6650.99,Withdrawal,Travel,Desktop,Bandung,Sedang,1
44.969999999999985,1081.0,16.0,34.97,12.0,4459.78,4414.81,Purchase,Grocery,Mobile,Jakarta,Rendah,0
34.530000000000015,2588.0,14.0,30.560000000000016,8.0,5186.37,5151.84,Purchase,Grocery,Mobile,Denpasar,Rendah,0
26.810000000000002,2652.0,21.0,21.650000000000006,16.0,3496.83,3470.02,Purchase,Food,Mobile,Surabaya,Rendah,2
40.120000000000005,1975.0,14.0,39.36,8.0,2370.13,2330.01,Purchase,Fashion,Mobile,Denpasar,Rendah,0
28.620000000000005,1615.0,12.0,31.239999999999995,20.0,3921.23,3892.61,Purchase,Grocery,Mobile,Medan,Rendah,2
340.61,836.0,2.999999999999999,243.14,6.0,995.0100000000002,654.3999999999996,Transfer,Electronics,Desktop,Denpasar,Sedang,3
31.11,2876.0,13.0,26.97,20.0,7642.32,7611.21,Purchase,Fashion,Mobile,Surabaya,Rendah,2
147.25,145.0,2.999999999999999,153.74,12.0,6968.69,6821.44,Payment,Electronics,Tablet,Bandung,Rendah,3
683.28,19.0,2.0,703.69,4.0,4979.63,4296.35,Withdrawal,Electronics,Mobile,Bandung,Sangat Tinggi,3
44.78,825.0,9.0,47.78999999999999,9.0,15957.12,15912.34,Purchase,Grocery,Mobile,Surabaya,Rendah,2
26.519999999999996,766.0,10.0,24.11999999999999,16.0,3833.46,3806.94,Purchase,Fashion,Mobile,Surabaya,Rendah,2
48.979999999999976,2369.0,7.0,36.75999999999999,19.0,5227.28,5178.3,Purchase,Grocery,Mobile,Jakarta,Rendah,0
30.659999999999997,2599.0,15.0,33.56999999999999,17.0,2744.18,2713.52,Purchase,Food,Mobile,Denpasar,Rendah,0
224.4,1019.0,4.0,190.95,21.0,4090.28,3865.88,Transfer,Travel,Tablet,Denpasar,Sedang,1
45.7,2543.0,8.0,44.87000000000002,15.0,13393.32,13347.620000000003,Purchase,Grocery,Desktop,Bandung,Rendah,0
52.63000000000001,971.0,11.0,42.96000000000001,8.0,3735.03,3682.4,Purchase,Grocery,Mobile,Surabaya,Rendah,2
21.47,2563.0,13.0,22.5,21.0,10053.83,10032.36,Purchase,Grocery,Mobile,Jakarta,Rendah,0
18.939999999999998,2947.0,11.0,17.28,9.0,5819.88,5800.94,Purchase,Grocery,Mobile,Denpasar,Rendah,0
342.63,565.0,2.999999999999999,342.05,21.0,6272.95,5930.32,Payment,Electronics,Desktop,Bandung,Sedang,3
34.22,2748.0,11.0,36.39999999999999,17.0,9320.61,9286.39,Purchase,Food,Mobile,Jakarta,Rendah,0
602.6599999999999,129.0,4.0,649.59,5.0,7551.5,6948.84,Withdrawal,Travel,Mobile,Denpasar,Sangat Tinggi,1
17.420000000000016,1773.0,7.0,14.939999999999998,21.0,11821.23,11803.81,Purchase,Grocery,Mobile,Jakarta,Rendah,0
158.21,157.0,4.0,126.48,1.0,3549.87,3391.66,Transfer,Travel,Desktop,Denpasar,Rendah,1
192.05,833.0,4.0,178.27,19.0,3125.2,2933.15,Payment,Travel,Desktop,Medan,Rendah,2
17.0,2808.0,16.0,17.289999999999992,14.0,12750.23,12733.23,Purchase,Grocery,Mobile,Denpasar,Rendah,0
15.460000000000008,745.0,9.0,13.36,15.0,1660.33,1644.8699999999994,Purchase,Food,Mobile,Bandung,Rendah,0
18.24000000000001,2170.0,10.0,15.829999999999998,8.0,3589.55,3571.31,Payment,Grocery,Mobile,Jakarta,Rendah,0
133.85,645.0,4.0,106.76,23.0,8433.29,8299.44,Payment,Electronics,Desktop,Surabaya,Rendah,2
26.17,2021.0,13.0,18.340000000000003,21.0,4877.3,4851.13,Purchase,Fashion,Mobile,Denpasar,Rendah,0
69.21,1276.0,8.0,60.27000000000001,8.0,2536.02,2466.81,Purchase,Fashion,Desktop,Medan,Rendah,2
39.370000000000005,2185.0,4.0,40.870000000000005,14.0,4038.85,3999.48,Purchase,Grocery,Mobile,Medan,Rendah,2
174.09,436.0,5.0,130.6,12.0,11402.96,11228.87,Transfer,Electronics,Mobile,Bandung,Rendah,3
395.37,45.0,0.0,401.61,2.0,11946.01,11550.64,Withdrawal,Travel,Mobile,Denpasar,Sedang,1
21.960000000000008,2708.0,11.0,19.97999999999999,12.0,4412.67,4390.71,Purchase,Grocery,Mobile,Jakarta,Rendah,0
327.27,215.0,7.0,300.3,19.0,2306.81,1979.54,Transfer,Electronics,Mobile,Jakarta,Sedang,3
54.49000000000001,1665.0,12.0,56.86,21.0,6278.94,6224.45,Purchase,Grocery,Mobile,Medan,Rendah,2
727.72,4.0,2.999999999999999,644.13,5.0,10100.81,9373.09,Withdrawal,Travel,Desktop,Denpasar,Sangat Tinggi,1
92.89,956.0,4.0,89.56,14.0,11612.48,11519.59,Payment,Travel,Mobile,Medan,Rendah,2
168.51,1270.0,11.0,177.5,19.0,4632.81,4464.3,Purchase,Fashion,Mobile,Bandung,Rendah,0
17.349999999999994,2935.0,7.0,14.939999999999998,8.0,3153.04,3135.69,Purchase,Grocery,Desktop,Jakarta,Rendah,0
57.03,2513.0,11.0,57.25999999999999,10.0,1389.5899999999997,1332.5599999999995,Purchase,Grocery,Mobile,Bandung,Rendah,0
202.49,810.0,2.999999999999999,142.65,5.0,9142.77,8940.28,Payment,Fashion,Mobile,Surabaya,Rendah,2
436.76,122.0,2.0,329.23,0.0,2052.69,1615.9300000000003,Withdrawal,Electronics,Desktop,Surabaya,Tinggi,3
7.789999999999992,1966.0,12.0,7.599999999999994,15.0,1919.15,1911.3599999999997,Purchase,Food,Mobile,Surabaya,Rendah,2
87.55,352.0,7.0,83.32,23.0,15615.18,15527.63,Transfer,Travel,Desktop,Bandung,Rendah,0
162.6,964.0,4.0,168.12,11.0,14511.42,14348.82,Transfer,Electronics,Mobile,Jakarta,Rendah,3
10.189999999999998,2661.0,12.0,10.170000000000002,21.0,8310.39,8300.2,Purchase,Food,Mobile,Medan,Rendah,2
11.169999999999987,2368.0,9.0,10.989999999999995,21.0,2757.05,2745.88,Purchase,Food,Mobile,Jakarta,Rendah,0
18.27000000000001,1274.0,9.0,16.94999999999999,20.0,5243.62,5225.35,Purchase,Grocery,Mobile,Denpasar,Rendah,0
18.53,810.0,15.0,13.89,16.0,3701.17,3682.64,Purchase,Food,Desktop,Medan,Rendah,2
37.61999999999999,2342.0,17.0,36.96000000000001,16.0,3598.14,3560.52,Payment,Grocery,Mobile,Jakarta,Rendah,0
146.6,1152.0,5.0,105.45,19.0,2191.83,2045.23,Transfer,Electronics,Tablet,Medan,Rendah,3
23.210000000000008,2060.0,10.0,20.049999999999997,16.0,3281.91,3258.7,Payment,Grocery,Mobile,Bandung,Rendah,0
30.519999999999996,2720.0,7.0,32.72999999999999,11.0,8965.43,8934.91,Purchase,Grocery,Mobile,Surabaya,Rendah,2
348.75,805.0,7.0,312.25,2.0,1195.0500000000002,846.3000000000002,Transfer,Fashion,Desktop,Bandung,Sedang,3
83.74,737.0,4.0,91.87,0.0,13540.08,13456.34,Payment,Fashion,Mobile,Surabaya,Rendah,2
37.09,1322.0,13.0,29.25,10.0,14815.31,14778.22,Purchase,Fashion,Mobile,Jakarta,Rendah,0
30.039999999999978,1835.0,20.0,23.260000000000005,11.0,1989.4,1959.3599999999997,Purchase,Food,Desktop,Medan,Rendah,2
644.64,170.0,0.0,527.05,1.0,15048.16,14403.52,Withdrawal,Travel,Mobile,Bandung,Sangat Tinggi,1
763.24,62.0,2.999999999999999,602.68,5.0,1041.46,278.22000000000025,Withdrawal,Travel,Desktop,Surabaya,Sangat Tinggi,1
516.0,99.0,1.0,433.47,5.0,1907.8000000000002,1391.8000000000002,Transfer,Travel,Mobile,Denpasar,Tinggi,1
15.460000000000008,1574.0,13.0,14.780000000000001,9.0,2949.44,2933.98,Payment,Grocery,Mobile,Denpasar,Rendah,0
219.44,1103.0,2.999999999999999,176.58,14.0,15935.7,15716.26,Payment,Electronics,Tablet,Bandung,Sedang,3
125.03,570.0,5.0,98.86,1.0,5506.42,5381.39,Payment,Electronics,Desktop,Surabaya,Rendah,3
348.88,962.0,5.0,353.54,12.0,4997.28,4648.4,Transfer,Fashion,Mobile,Jakarta,Sedang,3
26.53,939.0,8.0,19.799999999999997,18.0,4504.55,4478.02,Purchase,Food,Mobile,Surabaya,Rendah,2
431.37,35.0,2.0,387.32,3.0,1899.6999999999998,1468.33,Transfer,Travel,Desktop,Jakarta,Tinggi,1
197.14,1131.0,6.0,172.53,5.0,5273.88,5076.74,Transfer,Fashion,Desktop,Denpasar,Rendah,3
233.09,885.0,5.0,235.15,8.0,7269.34,7036.25,Transfer,Electronics,Desktop,Jakarta,Sedang,3
446.72,795.0,4.0,345.68,1.0,3059.96,2613.24,Transfer,Fashion,Desktop,Surabaya,Tinggi,3
31.179999999999993,2465.0,10.0,33.09,18.0,2929.33,2898.15,Purchase,Grocery,Mobile,Medan,Rendah,2
19.349999999999994,1920.0,13.0,15.549999999999997,11.0,2825.33,2805.98,Purchase,Grocery,Desktop,Medan,Rendah,2
48.83,1654.0,8.0,45.61,16.0,6957.38,6908.55,Purchase,Grocery,Mobile,Jakarta,Rendah,0
17.629999999999995,2864.0,15.0,18.89,8.0,7225.76,7208.13,Payment,Food,Mobile,Surabaya,Rendah,2
280.52,943.0,8.0,214.11,18.0,12263.85,11983.33,Transfer,Travel,Desktop,Bandung,Sedang,1
282.41,387.0,2.0,264.92,1.0,5422.83,5140.42,Transfer,Fashion,Desktop,Surabaya,Sedang,3
283.73,126.0,2.999999999999999,205.3,3.0,4764.56,4480.83,Payment,Electronics,Desktop,Medan,Sedang,3
31.0,1414.0,12.0,27.049999999999997,16.0,1886.98,1855.98,Purchase,Grocery,Mobile,Bandung,Rendah,0
498.64,336.0,10.0,426.49,21.0,4173.57,3674.93,Transfer,Travel,Desktop,Bandung,Tinggi,1
153.25,338.0,9.0,145.46,5.0,2366.92,2213.67,Payment,Electronics,Mobile,Denpasar,Rendah,3
40.7,2462.0,16.0,35.120000000000005,14.0,4986.17,4945.47,Purchase,Food,Mobile,Denpasar,Rendah,0
40.63000000000001,838.0,16.0,35.06,9.0,14125.67,14085.04,Purchase,Grocery,Mobile,Jakarta,Rendah,0
14.659999999999997,2655.0,13.0,13.400000000000006,19.0,2409.57,2394.91,Payment,Food,Mobile,Bandung,Rendah,0
187.6,1066.0,2.999999999999999,178.53,3.0,1607.2100000000005,1419.6099999999997,Payment,Travel,Desktop,Medan,Rendah,2
35.3,2599.0,6.0,31.510000000000005,8.0,9229.43,9194.13,Purchase,Grocery,Mobile,Surabaya,Rendah,2
217.53,886.0,6.0,223.33,6.0,9586.56,9369.03,Transfer,Travel,Desktop,Surabaya,Sedang,1
58.03999999999999,2766.0,9.0,46.49000000000001,20.0,6934.34,6876.3,Purchase,Food,Mobile,Surabaya,Rendah,2
75.94,509.0,4.0,73.69,16.0,5373.16,5297.22,Transfer,Travel,Desktop,Medan,Rendah,2
174.28,787.0,5.0,169.41,6.0,3409.21,3234.93,Transfer,Electronics,Desktop,Jakarta,Rendah,3
31.460000000000008,1106.0,16.0,31.629999999999995,17.0,1628.6999999999994,1597.2399999999998,Purchase,Grocery,Mobile,Bandung,Rendah,0
171.19,1128.0,5.0,178.98,14.0,2127.34,1956.15,Transfer,Electronics,Mobile,Bandung,Rendah,3
28.669999999999987,2439.0,11.0,22.359999999999985,18.0,4962.91,4934.24,Purchase,Grocery,Mobile,Denpasar,Rendah,0
404.17,315.0,7.0,299.6,18.0,1686.3800000000006,1282.2099999999996,Transfer,Travel,Tablet,Surabaya,Tinggi,1
28.230000000000004,2286.0,8.0,31.03,19.0,13957.93,13929.7,Purchase,Grocery,Mobile,Denpasar,Rendah,0
13.550000000000011,2957.0,9.0,13.769999999999996,13.0,10742.52,10728.97,Purchase,Fashion,Mobile,Jakarta,Rendah,0
455.98,86.0,2.0,487.17,0.0,4706.85,4250.87,Withdrawal,Electronics,Mobile,Jakarta,Tinggi,3
29.30000000000001,987.0,8.0,25.439999999999998,16.0,9801.74,9772.44,Purchase,Fashion,Mobile,Denpasar,Rendah,0
56.53999999999999,1802.0,4.0,45.89,8.0,1860.27,1803.73,Purchase,Food,Mobile,Bandung,Rendah,0
15.169999999999987,522.0,8.0,13.730000000000004,16.0,3627.45,3612.28,Payment,Grocery,Mobile,Bandung,Rendah,0
11.810000000000002,662.0,10.0,10.210000000000008,21.0,1029.29,1017.4799999999996,Purchase,Fashion,Mobile,Denpasar,Rendah,0
57.67,2075.0,11.0,51.47,13.0,3309.8,3252.13,Payment,Fashion,Mobile,Bandung,Rendah,0
60.25,419.0,6.0,65.96,16.0,1246.3999999999996,1186.1499999999996,Payment,Travel,Tablet,Denpasar,Rendah,0
29.249999999999986,2587.0,6.0,29.84999999999998,13.0,4194.66,4165.41,Purchase,Food,Desktop,Denpasar,Rendah,0
577.92,27.0,0.0,439.55,0.0,3809.53,3231.61,Withdrawal,Travel,Desktop,Surabaya,Tinggi,1
84.1,2531.0,7.0,70.9,12.0,3103.75,3019.65,Purchase,Grocery,Mobile,Bandung,Rendah,0
35.84,1720.0,10.0,38.16,18.0,6745.72,6709.88,Purchase,Food,Mobile,Denpasar,Rendah,0
222.94,738.0,1.0,170.81,11.0,1208.3000000000002,985.3599999999997,Transfer,Electronics,Mobile,Medan,Sedang,3
27.409999999999982,1903.0,13.0,29.539999999999992,15.0,11856.47,11829.06,Purchase,Grocery,Mobile,Jakarta,Rendah,0
361.99,551.0,4.0,293.19,19.0,4498.34,4136.35,Payment,Electronics,Mobile,Denpasar,Sedang,3
20.02000000000001,1336.0,14.0,20.0,13.0,2202.1,2182.08,Payment,Grocery,Mobile,Medan,Rendah,2
126.44,690.0,9.0,117.2,23.0,2659.29,2532.85,Payment,Fashion,Mobile,Medan,Rendah,2
30.439999999999998,2058.0,11.0,24.789999999999978,13.0,987.3699999999999,956.9300000000003,Purchase,Grocery,Mobile,Bandung,Rendah,0
13.819999999999993,2656.0,19.0,14.670000000000002,9.0,15311.05,15297.23,Purchase,Fashion,Mobile,Bandung,Rendah,0
28.159999999999982,2761.0,18.0,29.230000000000004,10.0,9243.95,9215.79,Purchase,Food,Desktop,Medan,Rendah,2
44.53999999999999,1370.0,11.0,44.18000000000001,10.0,4553.6,4509.06,Payment,Grocery,Mobile,Jakarta,Rendah,0
86.56,512.0,4.0,60.93000000000001,18.0,4944.12,4857.56,Transfer,Fashion,Mobile,Jakarta,Rendah,3
41.11,2352.0,8.0,36.84,15.0,4495.25,4454.14,Payment,Grocery,Mobile,Medan,Rendah,2
134.63,1032.0,2.0,138.91,20.0,4279.76,4145.13,Transfer,Fashion,Mobile,Surabaya,Rendah,2
774.74,49.0,2.999999999999999,554.05,5.0,3300.4,2525.66,Transfer,Electronics,Desktop,Bandung,Sangat Tinggi,3
216.82,976.0,5.0,231.36,8.0,9421.58,9204.76,Transfer,Electronics,Desktop,Medan,Sedang,3
213.19,861.0,5.0,183.47,2.0,6842.79,6629.6,Transfer,Travel,Tablet,Bandung,Sedang,1
282.82,658.0,6.0,259.77,2.0,5322.94,5040.12,Payment,Travel,Mobile,Jakarta,Sedang,1
14.150000000000006,1278.0,11.0,9.939999999999998,8.0,1642.4499999999994,1628.3000000000006,Purchase,Grocery,Desktop,Jakarta,Rendah,0
34.120000000000005,2734.0,13.0,31.99000000000001,9.0,5276.73,5242.61,Purchase,Grocery,Mobile,Surabaya,Rendah,2
164.01,141.0,6.0,162.65,3.0,6434.73,6270.72,Payment,Travel,Mobile,Bandung,Rendah,0
83.04,664.0,4.0,78.83,18.0,2002.63,1919.5900000000001,Transfer,Fashion,Mobile,Surabaya,Rendah,2
203.66,645.0,4.0,184.52,4.0,5001.45,4797.79,Transfer,Electronics,Desktop,Surabaya,Rendah,3
346.22,879.0,5.0,296.79,19.0,14315.17,13968.95,Payment,Fashion,Desktop,Surabaya,Sedang,3
16.44999999999999,2314.0,9.0,15.0,17.0,1489.9199999999996,1473.4700000000003,Purchase,Fashion,Mobile,Bandung,Rendah,0
291.0,348.0,4.0,254.15,21.0,9408.93,9117.93,Transfer,Travel,Mobile,Medan,Sedang,1
17.74000000000001,1851.0,11.0,13.719999999999999,12.0,6307.31,6289.57,Purchase,Grocery,Mobile,Denpasar,Rendah,0
31.090000000000003,701.0,10.0,31.349999999999994,12.0,10450.31,10419.22,Purchase,Grocery,Mobile,Denpasar,Rendah,0
85.43,616.0,5.0,76.70000000000002,0.0,4114.86,4029.43,Payment,Travel,Desktop,Medan,Rendah,2
83.18,920.0,2.999999999999999,81.07,15.0,1908.54,1825.3599999999997,Transfer,Electronics,Desktop,Medan,Rendah,3
21.879999999999995,1514.0,15.0,15.679999999999993,18.0,2371.7,2349.82,Purchase,Food,Mobile,Jakarta,Rendah,0
634.0,12.0,1.0,611.28,1.0,2402.92,1768.92,Withdrawal,Travel,Mobile,Bandung,Sangat Tinggi,1
17.99000000000001,1213.0,19.0,13.710000000000008,8.0,1183.3400000000001,1165.3500000000004,Purchase,Food,Mobile,Bandung,Rendah,0
136.37,194.0,4.0,106.31,12.0,12773.02,12636.649999999998,Payment,Travel,Mobile,Bandung,Rendah,0
21.599999999999994,2483.0,11.0,19.590000000000003,17.0,5608.63,5587.03,Purchase,Grocery,Mobile,Surabaya,Rendah,2
69.75,1100.0,9.0,68.27,12.0,1175.71,1105.96,Purchase,Food,Mobile,Denpasar,Rendah,0
337.51,1075.0,5.0,264.28,2.0,5781.31,5443.8,Transfer,Electronics,Mobile,Jakarta,Sedang,3
31.890000000000015,2922.0,13.0,28.069999999999993,18.0,3162.31,3130.42,Purchase,Fashion,Mobile,Jakarta,Rendah,0
218.6,349.0,9.0,188.55,17.0,15766.67,15548.07,Payment,Electronics,Tablet,Denpasar,Sedang,3
598.01,367.0,6.0,528.31,23.0,5500.51,4902.5,Payment,Fashion,Desktop,Medan,Tinggi,3
26.11999999999999,1981.0,23.0,22.659999999999997,8.0,4928.76,4902.64,Purchase,Grocery,Desktop,Bandung,Rendah,0
167.8,497.0,2.0,139.85,19.0,3762.78,3594.98,Transfer,Electronics,Desktop,Denpasar,Rendah,3
111.41,1329.0,13.0,115.81,17.0,1219.0200000000004,1107.6099999999997,Purchase,Grocery,Mobile,Medan,Rendah,2
206.84,645.0,4.0,157.4,7.0,1828.8299999999995,1621.9899999999998,Transfer,Fashion,Mobile,Denpasar,Sedang,3
19.650000000000006,770.0,13.0,17.680000000000007,14.0,1709.9900000000002,1690.3400000000001,Purchase,Grocery,Mobile,Denpasar,Rendah,0
451.35,29.0,1.0,424.33,4.0,4207.33,3755.98,Transfer,Travel,Desktop,Jakarta,Tinggi,1
270.94,564.0,12.0,190.22,12.0,1031.9899999999998,761.0500000000002,Transfer,Travel,Desktop,Bandung,Sedang,1
159.09,470.0,6.0,122.42,19.0,6019.0,5859.91,Transfer,Travel,Mobile,Denpasar,Rendah,0
50.379999999999995,1960.0,11.0,49.83,15.0,2365.9,2315.52,Purchase,Food,Mobile,Jakarta,Rendah,0
146.96,614.0,6.0,148.94,12.0,1311.7200000000003,1164.7600000000002,Payment,Fashion,Mobile,Bandung,Rendah,0
33.129999999999995,829.0,15.0,33.25,15.0,3864.06,3830.93,Purchase,Grocery,Mobile,Surabaya,Rendah,2
35.06999999999999,1007.0,12.0,25.789999999999992,9.0,11433.29,11398.22,Purchase,Fashion,Mobile,Denpasar,Rendah,0
111.87,575.0,10.0,104.71,2.0,1066.25,954.3800000000001,Transfer,Travel,Desktop,Jakarta,Rendah,0
11.150000000000006,1963.0,8.0,9.819999999999993,9.0,2007.15,1996.0,Purchase,Fashion,Mobile,Medan,Rendah,2
42.84,1353.0,11.0,33.55999999999999,20.0,4241.76,4198.92,Purchase,Grocery,Mobile,Bandung,Rendah,0
16.060000000000002,1686.0,13.0,16.159999999999997,11.0,4732.05,4715.99,Purchase,Grocery,Mobile,Surabaya,Rendah,2
163.48,799.0,6.0,165.8,19.0,3626.1900000000005,3462.71,Transfer,Fashion,Desktop,Denpasar,Rendah,3
34.96000000000001,391.0,15.0,35.780000000000015,8.0,6619.45,6584.49,Purchase,Fashion,Mobile,Bandung,Rendah,0
415.26,87.0,0.0,293.58,4.0,4269.71,3854.45,Withdrawal,Travel,Desktop,Surabaya,Tinggi,1
366.54999999999995,1051.0,7.0,270.79,6.0,11675.52,11308.97,Transfer,Travel,Tablet,Jakarta,Sedang,1
13.469999999999999,1246.0,11.0,14.090000000000003,8.0,6698.83,6685.36,Purchase,Food,Mobile,Surabaya,Rendah,2
100.04999999999998,1569.0,13.0,102.77,17.0,4275.34,4175.29,Purchase,Grocery,Mobile,Surabaya,Rendah,2
44.85000000000001,1060.0,16.0,34.150000000000006,11.0,10193.27,10148.42,Payment,Grocery,Mobile,Medan,Rendah,2
196.71,442.0,4.0,173.27,12.0,2509.64,2312.93,Transfer,Travel,Mobile,Denpasar,Rendah,0
84.64,1092.0,10.0,88.96,13.0,1905.42,1820.7799999999997,Purchase,Grocery,Mobile,Jakarta,Rendah,0
724.25,6.0,4.0,664.35,5.0,2870.54,2146.29,Transfer,Travel,Mobile,Surabaya,Sangat Tinggi,1
518.05,60.0,0.0,566.5,5.0,3244.78,2726.73,Withdrawal,Travel,Desktop,Bandung,Tinggi,1
12.599999999999994,1747.0,11.0,9.039999999999992,9.0,5528.24,5515.64,Payment,Fashion,Mobile,Jakarta,Rendah,0
58.96000000000001,811.0,8.0,59.56999999999999,20.0,4776.89,4717.93,Payment,Food,Mobile,Surabaya,Rendah,2
129.51,614.0,2.0,92.71000000000001,3.0,6253.59,6124.08,Transfer,Electronics,Desktop,Surabaya,Rendah,3
97.5,1129.0,6.0,94.99,2.0,6402.53,6305.03,Transfer,Travel,Desktop,Bandung,Rendah,0
471.99,773.0,2.999999999999999,454.73,16.0,3011.82,2539.83,Payment,Electronics,Desktop,Denpasar,Tinggi,3
23.590000000000003,1965.0,14.0,18.72,14.0,10658.83,10635.24,Payment,Grocery,Mobile,Bandung,Rendah,0
389.31,135.0000000000001,0.0,307.82,0.0,14365.05,13975.74,Transfer,Travel,Mobile,Surabaya,Sedang,1
445.19,78.0,1.0,398.95,0.0,2900.56,2455.37,Transfer,Travel,Desktop,Bandung,Tinggi,1
128.03,1150.0,2.0,131.83,23.0,6124.62,5996.59,Transfer,Fashion,Desktop,Medan,Rendah,3
180.19,966.0,6.0,178.82,14.0,10146.73,9966.54,Transfer,Travel,Mobile,Denpasar,Rendah,0
20.24000000000001,1013.0,15.0,16.260000000000005,15.0,3365.23,3344.99,Purchase,Food,Mobile,Bandung,Rendah,0
24.909999999999997,2281.0,13.0,26.480000000000004,16.0,1997.02,1972.1099999999997,Purchase,Fashion,Mobile,Denpasar,Rendah,0
37.83000000000001,389.0,19.0,38.0,12.0,1769.2600000000002,1731.4300000000003,Payment,Food,Desktop,Denpasar,Rendah,0
132.62,756.0,2.0,138.39,0.0,4630.41,4497.79,Transfer,Travel,Mobile,Medan,Rendah,1
32.24000000000001,1972.0,9.0,31.86,8.0,10790.91,10758.67,Purchase,Grocery,Desktop,Surabaya,Rendah,2
139.95,714.0,4.0,116.76,10.0,2422.19,2282.24,Payment,Electronics,Mobile,Surabaya,Rendah,3
271.41,986.0,5.0,227.15,8.0,4917.51,4646.1,Payment,Electronics,Desktop,Bandung,Sedang,3
22.620000000000005,1371.0,10.0,20.539999999999992,16.0,12498.54,12475.919999999998,Purchase,Food,Mobile,Denpasar,Rendah,0
632.8,598.0,6.0,617.63,10.0,3171.18,2538.38,Payment,Electronics,Mobile,Medan,Sangat Tinggi,3
31.03,2874.0,17.0,28.25,21.0,3894.05,3863.02,Payment,Food,Mobile,Denpasar,Rendah,0
154.92,771.0,2.0,150.12,3.0,10209.31,10054.39,Transfer,Electronics,Mobile,Bandung,Rendah,3
25.24000000000001,968.0,14.0,25.700000000000003,17.0,2000.38,1975.1400000000003,Purchase,Grocery,Desktop,Denpasar,Rendah,0
68.13,2697.0,10.0,52.59999999999998,17.0,2647.5,2579.37,Payment,Grocery,Mobile,Medan,Rendah,2
130.93,149.0,5.0,110.48,10.0,7380.19,7249.26,Payment,Electronics,Tablet,Denpasar,Rendah,3
31.409999999999997,536.0,16.0,26.11999999999999,12.0,5888.07,5856.66,Purchase,Food,Mobile,Bandung,Rendah,0
21.680000000000007,1036.0,7.0,23.289999999999992,8.0,2107.02,2085.34,Purchase,Food,Desktop,Surabaya,Rendah,2
62.11999999999999,581.0,16.0,48.05,13.0,3155.74,3093.62,Payment,Fashion,Mobile,Medan,Rendah,2
24.02000000000001,2956.0,14.0,24.74000000000001,20.0,6154.83,6130.81,Purchase,Fashion,Mobile,Bandung,Rendah,0
522.22,469.0,6.0,441.04,12.0,5079.05,4556.83,Transfer,Travel,Desktop,Denpasar,Tinggi,1
467.93,109.00000000000011,2.0,513.03,0.0,8285.16,7817.23,Withdrawal,Travel,Mobile,Denpasar,Tinggi,1
11.300000000000011,2960.0,10.0,8.920000000000002,9.0,1876.7000000000003,1865.4,Purchase,Grocery,Mobile,Denpasar,Rendah,0
11.050000000000011,2126.0,11.0,7.759999999999991,16.0,3353.47,3342.42,Purchase,Grocery,Mobile,Bandung,Rendah,0
122.17,669.0,8.0,118.12,1.0,9589.75,9467.58,Payment,Electronics,Mobile,Medan,Rendah,3
350.33,790.0,2.0,359.0,11.0,1941.1099999999997,1590.7799999999997,Payment,Electronics,Mobile,Surabaya,Sedang,3
35.739999999999995,1938.0,20.0,26.019999999999996,14.0,4476.47,4440.73,Purchase,Grocery,Mobile,Surabaya,Rendah,2
455.39,49.0,2.999999999999999,433.47,4.0,4559.1,4103.71,Withdrawal,Travel,Mobile,Bandung,Tinggi,1
182.99,802.0,8.0,154.17,10.0,3570.41,3387.42,Transfer,Travel,Desktop,Surabaya,Rendah,2
129.26,1118.0,2.999999999999999,93.09,1.0,3875.15,3745.89,Payment,Electronics,Tablet,Bandung,Rendah,3
452.11,176.9999999999999,2.999999999999999,318.46,3.0,3667.17,3215.06,Withdrawal,Travel,Desktop,Denpasar,Tinggi,1
28.43000000000002,851.0,9.0,26.870000000000005,19.0,2339.12,2310.69,Payment,Food,Desktop,Bandung,Rendah,0
25.24000000000001,824.0,8.0,22.78,19.0,2438.1,2412.86,Purchase,Grocery,Mobile,Medan,Rendah,2
62.22999999999999,2086.0,20.0,63.39,21.0,1977.5699999999997,1915.3400000000001,Purchase,Grocery,Mobile,Surabaya,Rendah,2
33.86,825.0,15.0,37.09999999999998,15.0,10775.7,10741.84,Purchase,Grocery,Mobile,Medan,Rendah,2
439.62,50.0,1.0,358.8399999999999,1.0,8268.91,7829.29,Withdrawal,Travel,Mobile,Bandung,Tinggi,1
19.539999999999992,2659.0,12.0,15.230000000000004,17.0,6662.69,6643.15,Purchase,Grocery,Mobile,Bandung,Rendah,0
90.67000000000002,707.0,6.0,79.75,18.0,3528.36,3437.6899999999996,Payment,Electronics,Tablet,Surabaya,Rendah,2
26.41000000000001,1259.0,7.0,27.03,14.0,5934.41,5908.0,Purchase,Grocery,Mobile,Bandung,Rendah,0
30.230000000000004,679.0,9.0,21.329999999999984,17.0,5381.2,5350.97,Purchase,Grocery,Mobile,Bandung,Rendah,0
146.73,757.0,2.999999999999999,136.46,2.0,6130.63,5983.9,Payment,Electronics,Desktop,Jakarta,Rendah,3
23.310000000000002,1217.0,14.0,19.61,18.0,3947.72,3924.41,Purchase,Grocery,Mobile,Bandung,Rendah,0
169.65,256.0,4.0,186.07,1.0,1919.4,1749.75,Payment,Electronics,Desktop,Jakarta,Rendah,3
43.22999999999999,434.0,11.0,31.739999999999995,15.0,4927.31,4884.08,Purchase,Fashion,Mobile,Surabaya,Rendah,2
23.079999999999984,1776.0,11.0,23.909999999999997,13.0,3960.43,3937.35,Purchase,Grocery,Desktop,Denpasar,Rendah,0
8.330000000000013,1645.0,13.0,7.77000000000001,14.0,4201.19,4192.86,Payment,Food,Mobile,Medan,Rendah,2
170.66,191.9999999999999,7.0,143.11,2.0,7609.62,7438.96,Transfer,Fashion,Desktop,Surabaya,Rendah,3
185.88,768.0,1.0,162.5,16.0,3109.46,2923.58,Transfer,Electronics,Mobile,Bandung,Rendah,3
32.83,1719.0,6.0,31.430000000000007,17.0,8855.36,8822.53,Purchase,Fashion,Mobile,Medan,Rendah,2
219.32,1085.0,7.0,213.15,13.0,7289.63,7070.31,Payment,Electronics,Mobile,Bandung,Sedang,3
100.1,137.0,4.0,95.42,3.0,5909.33,5809.23,Transfer,Electronics,Mobile,Medan,Rendah,3
99.54999999999998,874.0,4.0,91.29,3.0,3599.48,3499.9299999999994,Payment,Electronics,Mobile,Medan,Rendah,3
35.16,713.0,14.0,26.090000000000003,15.0,5006.72,4971.56,Purchase,Food,Mobile,Jakarta,Rendah,0
19.439999999999998,1920.0,14.0,14.469999999999999,21.0,563.6400000000003,544.1999999999998,Purchase,Grocery,Mobile,Denpasar,Rendah,0
20.689999999999998,1731.0,19.0,21.069999999999993,19.0,7869.94,7849.25,Purchase,Fashion,Mobile,Bandung,Rendah,0
38.8,2828.0,11.0,42.06999999999999,14.0,11635.9,11597.1,Payment,Fashion,Mobile,Bandung,Rendah,0
446.49,881.0,4.0,316.65999999999997,8.0,3231.84,2785.35,Transfer,Travel,Desktop,Denpasar,Tinggi,1
114.96,1108.0,7.0,125.68,22.0,2573.36,2458.4,Payment,Electronics,Desktop,Denpasar,Rendah,0
382.65,434.0,7.0,366.22,0.0,15385.34,15002.69,Payment,Travel,Desktop,Surabaya,Sedang,1
138.46,1133.0,4.0,139.28,6.0,6713.03,6574.57,Transfer,Fashion,Desktop,Bandung,Rendah,3
550.1,122.0,1.0,386.62,5.0,2755.59,2205.49,Withdrawal,Travel,Mobile,Surabaya,Tinggi,1
60.44999999999999,1996.0,8.0,52.770000000000024,11.0,2789.61,2729.16,Purchase,Grocery,Mobile,Medan,Rendah,2
176.66,130.0,8.0,175.98,14.0,4675.86,4499.2,Payment,Travel,Desktop,Jakarta,Rendah,0
33.2,2677.0,9.0,29.33999999999999,11.0,13289.64,13256.44,Purchase,Fashion,Mobile,Denpasar,Rendah,0
234.94,554.0,7.0,240.82,23.0,7723.61,7488.67,Transfer,Fashion,Mobile,Bandung,Sedang,3
215.28,100.0,4.0,233.83,5.0,2180.38,1965.1,Transfer,Fashion,Mobile,Bandung,Sedang,3
24.03,612.0,10.0,24.53,14.0,3096.97,3072.94,Purchase,Food,Mobile,Surabaya,Rendah,2
259.95,131.9999999999999,2.0,245.93,2.0,5161.06,4901.11,Transfer,Travel,Desktop,Medan,Sedang,1
18.680000000000007,2790.0,12.0,13.310000000000002,16.0,2890.72,2872.04,Purchase,Grocery,Mobile,Medan,Rendah,2
23.090000000000003,2091.0,10.0,24.049999999999997,18.0,7232.72,7209.63,Payment,Food,Mobile,Jakarta,Rendah,0
28.120000000000005,488.0,15.0,27.510000000000005,11.0,1049.6000000000004,1021.4799999999996,Purchase,Grocery,Mobile,Bandung,Rendah,0
513.55,2.0,2.0,410.75,3.0,9904.04,9390.49,Withdrawal,Travel,Mobile,Bandung,Tinggi,1
31.5,2386.0,11.0,30.480000000000004,10.0,1551.3599999999997,1519.8599999999997,Purchase,Food,Desktop,Surabaya,Rendah,2
43.78999999999999,1963.0,9.0,36.97999999999999,12.0,2631.3,2587.51,Purchase,Fashion,Mobile,Bandung,Rendah,0
142.78,473.0,4.0,109.95,14.0,3186.01,3043.23,Transfer,Electronics,Mobile,Medan,Rendah,3
29.539999999999978,2381.0,11.0,29.569999999999993,8.0,4317.01,4287.47,Payment,Fashion,Mobile,Surabaya,Rendah,2
129.95,204.0,6.0,128.81,9.0,5571.26,5441.31,Transfer,Travel,Mobile,Denpasar,Rendah,0
60.109999999999985,187.9999999999999,6.0,60.97999999999999,5.0,3232.74,3172.63,Payment,Travel,Desktop,Jakarta,Rendah,0
18.139999999999986,1708.0,12.0,17.069999999999993,9.0,7478.52,7460.38,Purchase,Grocery,Mobile,Denpasar,Rendah,0
275.23,801.0,4.0,234.78,13.0,2571.3,2296.07,Transfer,Travel,Mobile,Bandung,Sedang,1
31.519999999999996,1405.0,10.0,27.129999999999995,20.0,4277.95,4246.43,Purchase,Fashion,Mobile,Jakarta,Rendah,0
32.09,1420.0,14.0,28.539999999999992,12.0,13342.41,13310.32,Purchase,Food,Mobile,Jakarta,Rendah,0
345.47,441.0,6.0,245.77,19.0,3433.6800000000003,3088.21,Transfer,Travel,Tablet,Denpasar,Sedang,1
30.75,1332.0,9.0,33.05,13.0,1834.3900000000008,1803.6400000000003,Purchase,Grocery,Mobile,Surabaya,Rendah,2
15.509999999999991,992.0,15.0,13.909999999999997,14.0,5682.21,5666.7,Purchase,Grocery,Mobile,Surabaya,Rendah,2
21.710000000000008,2050.0,5.0,17.700000000000003,8.0,912.5100000000002,890.8000000000002,Purchase,Grocery,Mobile,Surabaya,Rendah,2
20.439999999999998,2816.0,15.0,18.83,10.0,5452.29,5431.85,Payment,Grocery,Mobile,Bandung,Rendah,0
23.0,983.0,15.0,19.08,16.0,8411.34,8388.34,Purchase,Food,Mobile,Surabaya,Rendah,2
34.34999999999998,1385.0,13.0,32.96000000000001,13.0,7335.25,7300.9,Purchase,Food,Mobile,Surabaya,Rendah,2
30.400000000000006,1112.0,14.0,29.289999999999992,13.0,2373.5,2343.1,Purchase,Food,Desktop,Denpasar,Rendah,0
107.61,1128.0,5.0,92.96,16.0,2730.63,2623.02,Transfer,Travel,Mobile,Medan,Rendah,2
164.58,1152.0,2.999999999999999,130.94,22.0,3974.13,3809.55,Transfer,Electronics,Mobile,Denpasar,Rendah,3
45.83,894.0,8.0,36.650000000000006,14.0,5045.95,5000.12,Purchase,Grocery,Mobile,Denpasar,Rendah,0
134.82,447.0,8.0,140.63,10.0,4072.7,3937.88,Transfer,Travel,Mobile,Medan,Rendah,2
380.05,607.0,5.0,351.56,4.0,3675.74,3295.69,Transfer,Electronics,Mobile,Denpasar,Sedang,3
251.21000000000004,1058.0,1.0,265.35,16.0,7558.24,7307.03,Payment,Travel,Mobile,Surabaya,Sedang,1
124.13,1191.0,2.999999999999999,97.54,12.0,10240.73,10116.6,Transfer,Travel,Desktop,Surabaya,Rendah,2
117.72,941.0,5.0,118.27,5.0,1143.08,1025.3599999999997,Payment,Travel,Desktop,Surabaya,Rendah,2
237.71,1091.0,6.0,169.25,19.0,10198.28,9960.57,Transfer,Fashion,Mobile,Denpasar,Sedang,3
121.78,352.0,2.999999999999999,107.19,18.0,4221.43,4099.65,Transfer,Electronics,Tablet,Denpasar,Rendah,3
67.62,719.0,7.0,74.19,17.0,1396.4600000000005,1328.8400000000001,Purchase,Grocery,Mobile,Surabaya,Rendah,2
510.66,103.0,2.0,498.37,3.0,3077.01,2566.35,Withdrawal,Electronics,Desktop,Jakarta,Tinggi,3
21.129999999999995,2307.0,12.0,19.78,13.0,5031.35,5010.22,Purchase,Food,Mobile,Denpasar,Rendah,0
348.45,663.0,6.0,322.53,16.0,1596.6700000000005,1248.2200000000003,Payment,Travel,Mobile,Medan,Sedang,1
195.97,445.0,5.0,174.19,11.0,6725.55,6529.58,Transfer,Electronics,Mobile,Jakarta,Rendah,3
152.59,590.0,2.999999999999999,114.45,9.0,5340.19,5187.6,Transfer,Electronics,Mobile,Medan,Rendah,3
262.09,239.0,2.999999999999999,249.11,7.0,9101.42,8839.33,Payment,Electronics,Mobile,Bandung,Sedang,3
220.78,780.0,2.999999999999999,155.71,3.0,9192.45,8971.67,Payment,Travel,Mobile,Bandung,Sedang,1
228.87,742.0,9.0,230.21,6.0,3106.38,2877.51,Payment,Travel,Mobile,Jakarta,Sedang,1
23.829999999999984,1419.0,17.0,20.650000000000006,11.0,4690.97,4667.14,Purchase,Grocery,Mobile,Surabaya,Rendah,2
84.75,1070.0,6.0,60.72999999999999,18.0,1239.7700000000004,1155.0200000000004,Transfer,Travel,Desktop,Bandung,Rendah,0
181.16,619.0,7.0,177.49,19.0,2560.79,2379.63,Transfer,Travel,Mobile,Medan,Rendah,2
29.519999999999996,1479.0,13.0,21.929999999999993,17.0,650.6800000000003,621.1599999999999,Purchase,Food,Mobile,Jakarta,Rendah,0
58.860000000000014,2655.0,19.0,41.64,20.0,3357.56,3298.7,Payment,Grocery,Mobile,Surabaya,Rendah,2
22.430000000000007,1443.0,17.0,21.169999999999987,9.0,6994.54,6972.11,Purchase,Food,Mobile,Denpasar,Rendah,0
381.8,30.0,1.0,375.06,1.0,7799.42,7417.62,Withdrawal,Electronics,Desktop,Jakarta,Sedang,3
40.19,702.0,5.0,31.650000000000006,11.0,888.9499999999998,848.7600000000002,Purchase,Grocery,Desktop,Denpasar,Rendah,0
36.099999999999994,408.0,11.0,36.03999999999999,12.0,2124.05,2087.95,Purchase,Fashion,Desktop,Medan,Rendah,2
60.69999999999999,310.0,2.999999999999999,56.56,22.0,3786.12,3725.42,Transfer,Travel,Mobile,Surabaya,Rendah,2
53.47,702.0,11.0,43.17,15.0,3457.26,3403.79,Purchase,Fashion,Mobile,Jakarta,Rendah,0
7.75,957.0,13.0,8.219999999999999,11.0,2149.99,2142.24,Purchase,Food,Mobile,Bandung,Rendah,0
30.819999999999993,994.0,13.0,32.31999999999999,8.0,3995.7,3964.88,Purchase,Fashion,Mobile,Bandung,Rendah,0
14.560000000000002,733.0,8.0,13.310000000000002,20.0,1894.9899999999998,1880.4300000000003,Payment,Grocery,Mobile,Medan,Rendah,2
35.25,2149.0,14.0,35.379999999999995,19.0,4676.63,4641.38,Purchase,Food,Mobile,Surabaya,Rendah,2
31.909999999999997,2314.0,14.0,34.49000000000001,16.0,6275.42,6243.51,Purchase,Food,Mobile,Surabaya,Rendah,2
114.82,351.0,10.0,114.74,0.0,10874.67,10759.85,Payment,Fashion,Desktop,Medan,Rendah,2
30.939999999999998,2296.0,7.0,24.89,14.0,5233.44,5202.5,Purchase,Fashion,Mobile,Bandung,Rendah,0
63.06,277.9999999999999,4.0,49.95,21.0,1601.5700000000002,1538.5099999999998,Payment,Electronics,Mobile,Denpasar,Rendah,3
152.28,973.0,9.0,129.86,23.0,4310.71,4158.43,Transfer,Travel,Mobile,Denpasar,Rendah,0
139.08,283.0,6.0,99.69,15.0,5151.52,5012.44,Payment,Travel,Tablet,Denpasar,Rendah,0
167.38,998.0,8.0,137.39,7.0,5191.37,5023.99,Payment,Travel,Mobile,Medan,Rendah,2
42.61,1347.0,11.0,36.36,20.0,10569.8,10527.19,Purchase,Grocery,Mobile,Surabaya,Rendah,2
17.620000000000005,2073.0,19.0,15.300000000000011,17.0,4444.26,4426.64,Purchase,Food,Mobile,Jakarta,Rendah,0
129.6,841.0,7.0,110.82,6.0,14985.45,14855.85,Transfer,Travel,Desktop,Bandung,Rendah,0
11.900000000000006,1829.0,8.0,11.670000000000002,16.0,11131.18,11119.28,Purchase,Fashion,Mobile,Jakarta,Rendah,0
16.44999999999999,1103.0,4.0,13.300000000000011,21.0,8704.12,8687.67,Purchase,Grocery,Mobile,Denpasar,Rendah,0
459.22,131.9999999999999,2.0,348.64,0.0,1869.5900000000001,1410.37,Transfer,Travel,Mobile,Jakarta,Tinggi,1
24.03,2115.0,10.0,22.820000000000007,13.0,2850.4,2826.37,Purchase,Fashion,Mobile,Jakarta,Rendah,0
29.08,1872.0,13.0,29.0,9.0,5502.55,5473.47,Purchase,Food,Mobile,Medan,Rendah,2
442.17,410.0,2.999999999999999,409.27,18.0,1111.0500000000002,668.8800000000001,Transfer,Travel,Mobile,Jakarta,Tinggi,1
283.63,509.0,7.0,202.85,10.0,2815.75,2532.12,Transfer,Travel,Desktop,Jakarta,Sedang,1
55.150000000000006,1061.0,13.0,56.27999999999999,11.0,1050.13,994.9799999999996,Purchase,Food,Desktop,Surabaya,Rendah,2
81.79,221.0000000000001,6.0,59.33,17.0,8087.93,8006.14,Transfer,Travel,Desktop,Bandung,Rendah,0
50.22999999999999,332.0,6.0,40.3,8.0,14038.25,13988.02,Transfer,Travel,Desktop,Jakarta,Rendah,0
47.82000000000001,2482.0,19.0,50.2,9.0,3209.39,3161.57,Purchase,Grocery,Mobile,Surabaya,Rendah,2
28.019999999999996,1393.0,7.0,27.289999999999992,14.0,697.0799999999999,669.0599999999995,Purchase,Grocery,Desktop,Denpasar,Rendah,0
36.629999999999995,406.0,12.0,31.950000000000003,9.0,2553.59,2516.96,Payment,Food,Mobile,Denpasar,Rendah,0
401.41,116.99999999999989,0.0,437.68,3.0,2520.09,2118.68,Withdrawal,Electronics,Desktop,Bandung,Sedang,3
31.120000000000005,1236.0,9.0,28.610000000000014,12.0,5869.94,5838.82,Purchase,Food,Mobile,Denpasar,Rendah,0
174.91,642.0,5.0,165.55,1.0,1243.5100000000002,1068.6000000000004,Transfer,Travel,Desktop,Bandung,Rendah,1
102.68,726.0,4.0,99.57,9.0,12895.25,12792.57,Payment,Electronics,Tablet,Medan,Rendah,3
409.02,44.0,2.0,433.14,1.0,5838.81,5429.79,Transfer,Electronics,Mobile,Jakarta,Tinggi,3
267.54,458.0,6.0,236.01,22.0,10627.16,10359.62,Transfer,Fashion,Desktop,Bandung,Sedang,3
358.06000000000006,144.0,2.999999999999999,356.25,2.0,1495.4300000000007,1137.37,Withdrawal,Travel,Desktop,Bandung,Sedang,1
362.47,969.0,5.0,363.54,11.0,3137.03,2774.56,Transfer,Travel,Tablet,Surabaya,Sedang,1
26.830000000000013,716.0,13.0,19.760000000000005,13.0,2324.55,2297.72,Purchase,Grocery,Mobile,Bandung,Rendah,0
27.799999999999997,587.0,8.0,27.77000000000001,19.0,3903.77,3875.97,Payment,Food,Mobile,Jakarta,Rendah,0
12.819999999999993,949.0,15.0,12.670000000000002,17.0,5199.81,5186.99,Purchase,Food,Mobile,Medan,Rendah,2
23.620000000000005,2548.0,13.0,25.11999999999999,19.0,4899.32,4875.7,Purchase,Fashion,Desktop,Medan,Rendah,2
20.97,1107.0,10.0,15.759999999999991,17.0,13618.19,13597.22,Purchase,Food,Mobile,Denpasar,Rendah,0
20.789999999999992,1971.0,12.0,21.08,21.0,7975.01,7954.22,Purchase,Grocery,Mobile,Denpasar,Rendah,0
287.23,1140.0,4.0,248.09,10.0,10333.0,10045.77,Transfer,Travel,Desktop,Jakarta,Sedang,1
220.37,1049.0,4.0,207.07,3.0,4585.17,4364.8,Transfer,Fashion,Tablet,Bandung,Sedang,3
29.849999999999994,2918.0,25.0,23.870000000000005,10.0,3783.01,3753.16,Payment,Grocery,Mobile,Bandung,Rendah,0
62.750000000000014,2529.0,11.0,66.11,20.0,10317.64,10254.89,Purchase,Grocery,Desktop,Medan,Rendah,2
16.349999999999994,2051.0,7.0,15.400000000000006,17.0,880.0599999999995,863.71,Payment,Grocery,Mobile,Medan,Rendah,2
627.05,105.99999999999989,2.0,586.6400000000001,4.0,11346.38,10719.33,Withdrawal,Travel,Desktop,Denpasar,Sangat Tinggi,1
785.21,18.0,2.999999999999999,598.03,3.0,3165.34,2380.13,Withdrawal,Electronics,Desktop,Bandung,Sangat Tinggi,3
254.44,1160.0,8.0,221.19,7.0,2292.7,2038.2600000000002,Transfer,Travel,Desktop,Bandung,Sedang,1
532.54,250.0,4.0,574.83,5.0,3156.34,2623.8,Transfer,Travel,Desktop,Bandung,Tinggi,1
14.169999999999987,1720.0,15.0,13.010000000000005,16.0,1169.2799999999997,1155.1099999999997,Purchase,Food,Desktop,Jakarta,Rendah,0
43.78,2018.0,12.0,39.75,9.0,5198.43,5154.65,Purchase,Grocery,Mobile,Medan,Rendah,2
15.949999999999989,516.0,11.0,15.450000000000003,14.0,3555.47,3539.52,Purchase,Fashion,Mobile,Jakarta,Rendah,0
18.289999999999992,1847.0,8.0,20.059999999999988,9.0,7062.5,7044.21,Purchase,Grocery,Mobile,Bandung,Rendah,0
393.04999999999995,726.0,9.0,288.31,21.0,1049.0900000000001,656.04,Payment,Travel,Mobile,Jakarta,Sedang,1
82.18,778.0,14.0,69.08,12.0,5167.79,5085.61,Purchase,Fashion,Mobile,Jakarta,Rendah,0
20.659999999999997,734.0,8.0,17.989999999999995,18.0,4609.78,4589.12,Purchase,Fashion,Mobile,Bandung,Rendah,0
43.67,1380.0,21.0,33.22,16.0,1971.88,1928.21,Purchase,Food,Mobile,Jakarta,Rendah,0
142.35,805.0,5.0,113.55,13.0,6929.25,6786.9,Transfer,Travel,Desktop,Denpasar,Rendah,0
59.89,2091.0,10.0,56.0,10.0,2546.17,2486.28,Purchase,Grocery,Mobile,Surabaya,Rendah,2
8.849999999999994,2574.0,8.0,7.159999999999997,18.0,6828.88,6820.03,Purchase,Grocery,Mobile,Jakarta,Rendah,0
401.69,909.0,9.0,353.36,16.0,8667.93,8266.24,Transfer,Fashion,Mobile,Medan,Sedang,3
77.18,1243.0,12.0,80.81,12.0,12537.41,12460.23,Purchase,Grocery,Mobile,Bandung,Rendah,0
504.32,58.0,2.0,403.02,1.0,1726.54,1222.2200000000003,Transfer,Electronics,Mobile,Denpasar,Tinggi,3
46.59999999999998,2137.0,15.0,42.08000000000001,8.0,7179.61,7133.01,Purchase,Food,Mobile,Denpasar,Rendah,0
58.22,471.0,9.0,52.89999999999999,10.0,5020.6,4962.38,Purchase,Grocery,Mobile,Denpasar,Rendah,0
149.98,202.9999999999999,6.0,151.12,8.0,11229.22,11079.24,Payment,Electronics,Tablet,Bandung,Rendah,3
36.28999999999999,2090.0,12.0,29.83,21.0,2414.7,2378.41,Purchase,Fashion,Mobile,Surabaya,Rendah,2
29.22,1399.0,12.0,25.81999999999998,16.0,7844.4,7815.18,Purchase,Food,Desktop,Bandung,Rendah,0
116.27,460.0,6.0,112.66,23.0,11253.19,11136.92,Transfer,Electronics,Desktop,Medan,Rendah,3
79.02,903.0,2.0,83.82,0.0,1731.1599999999999,1652.1399999999999,Payment,Travel,Desktop,Denpasar,Rendah,0
52.78,1236.0,9.0,55.18000000000001,18.0,2646.45,2593.67,Purchase,Food,Mobile,Jakarta,Rendah,0
16.94999999999999,513.0,10.0,16.25,9.0,5111.38,5094.43,Purchase,Grocery,Mobile,Medan,Rendah,2
36.55,2750.0,14.0,36.03,10.0,5547.74,5511.19,Purchase,Fashion,Mobile,Denpasar,Rendah,0
526.06,908.0,2.0,541.9,17.0,3453.52,2927.46,Transfer,Fashion,Desktop,Denpasar,Tinggi,3
112.64,371.0,5.0,110.1,11.0,4793.84,4681.2,Transfer,Electronics,Mobile,Medan,Rendah,3
33.139999999999986,2391.0,20.0,33.5,20.0,4980.56,4947.42,Purchase,Grocery,Desktop,Jakarta,Rendah,0
248.67,317.0,8.0,188.51,11.0,10283.87,10035.2,Transfer,Travel,Mobile,Surabaya,Sedang,1
23.420000000000016,2227.0,7.0,17.269999999999996,10.0,4952.85,4929.43,Purchase,Food,Mobile,Surabaya,Rendah,2
40.120000000000005,2122.0,15.0,43.35000000000001,21.0,13305.96,13265.84,Purchase,Food,Desktop,Surabaya,Rendah,2
19.97,2375.0,15.0,17.060000000000016,19.0,4079.0,4059.03,Purchase,Grocery,Mobile,Jakarta,Rendah,0
151.6,275.0,6.0,110.87,13.0,5104.35,4952.75,Transfer,Electronics,Tablet,Jakarta,Rendah,3
206.7,366.0,5.0,216.24,6.0,6746.03,6539.33,Transfer,Travel,Tablet,Jakarta,Sedang,1
576.01,114.0,1.0,616.97,5.0,4181.84,3605.83,Withdrawal,Electronics,Desktop,Medan,Tinggi,3
18.150000000000006,2584.0,11.0,19.89,12.0,5260.69,5242.54,Purchase,Grocery,Mobile,Jakarta,Rendah,0
40.45,530.0,6.0,36.64,3.0,5011.68,4971.23,Transfer,Electronics,Desktop,Surabaya,Rendah,3
115.59,232.9999999999999,8.0,118.6,20.0,2888.75,2773.16,Payment,Travel,Mobile,Denpasar,Rendah,0
15.009999999999991,2714.0,11.0,16.269999999999982,9.0,5501.28,5486.27,Purchase,Food,Mobile,Bandung,Rendah,0
42.28,1056.0,14.0,44.91999999999999,9.0,6194.89,6152.61,Purchase,Food,Mobile,Medan,Rendah,2
66.72,841.0,13.0,69.95,21.0,6333.45,6266.73,Purchase,Food,Mobile,Denpasar,Rendah,0
379.68,155.0,2.0,371.40999999999997,1.0,1769.4399999999996,1389.7600000000007,Transfer,Travel,Desktop,Surabaya,Sedang,1
46.34999999999998,397.0,11.0,49.99000000000001,15.0,3744.81,3698.46,Purchase,Food,Mobile,Denpasar,Rendah,0
13.860000000000014,1825.0,13.0,12.039999999999992,8.0,1453.27,1439.4100000000003,Payment,Food,Mobile,Medan,Rendah,2
37.56,2851.0,14.0,33.89,8.0,1457.9799999999996,1420.42,Purchase,Fashion,Desktop,Bandung,Rendah,0
353.64,76.0,2.999999999999999,380.4,2.0,14248.82,13895.18,Withdrawal,Electronics,Mobile,Denpasar,Sedang,3
136.14,981.0,4.0,126.47,21.0,3485.04,3348.9000000000005,Payment,Electronics,Tablet,Denpasar,Rendah,3
20.840000000000003,1638.0,11.0,18.400000000000006,17.0,15271.02,15250.18,Payment,Grocery,Mobile,Jakarta,Rendah,0
174.37,442.0,2.999999999999999,161.41,1.0,1607.6500000000005,1433.2799999999993,Transfer,Fashion,Mobile,Jakarta,Rendah,3
127.8,683.0,6.0,116.3,22.0,5773.63,5645.83,Transfer,Electronics,Mobile,Surabaya,Rendah,3
139.51,699.0,2.0,111.36,5.0,5201.59,5062.08,Transfer,Electronics,Mobile,Jakarta,Rendah,3
197.85,114.0,5.0,174.13,3.0,4372.0,4174.15,Transfer,Fashion,Mobile,Medan,Rendah,3
47.18999999999998,846.0,12.0,43.21000000000001,21.0,2453.72,2406.53,Purchase,Grocery,Mobile,Bandung,Rendah,0
34.42,724.0,6.0,27.22,18.0,2277.74,2243.32,Payment,Electronics,Tablet,Bandung,Rendah,0
98.68,2827.0,15.0,106.85,18.0,3390.37,3291.6900000000005,Purchase,Food,Desktop,Surabaya,Rendah,2
24.810000000000002,1329.0,7.0,19.64,18.0,5532.83,5508.02,Purchase,Fashion,Desktop,Denpasar,Rendah,0
27.120000000000005,1540.0,11.0,21.769999999999996,21.0,5755.96,5728.84,Purchase,Food,Desktop,Medan,Rendah,2
72.89,437.0,1.0,68.79,5.0,3399.52,3326.63,Transfer,Travel,Desktop,Denpasar,Rendah,0
25.05000000000001,782.0,6.0,21.430000000000007,20.0,4160.64,4135.59,Purchase,Grocery,Mobile,Surabaya,Rendah,2
529.05,115.0,7.0,515.14,15.0,3860.39,3331.34,Transfer,Electronics,Tablet,Medan,Tinggi,3
64.05,2879.0,8.0,59.620000000000005,19.0,565.8800000000001,501.8299999999999,Purchase,Fashion,Mobile,Bandung,Rendah,0
35.230000000000004,1158.0,17.0,25.060000000000002,10.0,3293.28,3258.05,Payment,Fashion,Mobile,Jakarta,Rendah,0
15.460000000000008,1454.0,8.0,12.079999999999984,12.0,3421.88,3406.42,Purchase,Food,Mobile,Surabaya,Rendah,2
48.77999999999999,365.0,14.0,50.69,14.0,4104.42,4055.64,Purchase,Fashion,Mobile,Medan,Rendah,2
32.56999999999999,952.0,10.0,23.0,17.0,5679.52,5646.95,Purchase,Grocery,Mobile,Denpasar,Rendah,0
139.42,336.0,4.0,122.75,14.0,8269.07,8129.65,Payment,Travel,Tablet,Jakarta,Rendah,0
24.78,475.0,12.0,18.56999999999998,10.0,10237.46,10212.68,Purchase,Grocery,Mobile,Jakarta,Rendah,0
39.629999999999995,1352.0,11.0,32.629999999999995,19.0,3404.27,3364.64,Purchase,Grocery,Mobile,Surabaya,Rendah,2
680.47,99.0,2.999999999999999,683.93,0.0,5643.13,4962.66,Withdrawal,Electronics,Desktop,Medan,Sangat Tinggi,3
480.58,501.0,9.0,481.08,8.0,9191.2,8710.62,Transfer,Electronics,Desktop,Medan,Tinggi,3
27.269999999999996,2763.0,11.0,19.960000000000008,18.0,1837.48,1810.21,Purchase,Grocery,Mobile,Bandung,Rendah,0
17.210000000000008,2425.0,18.0,17.08,8.0,6727.99,6710.78,Purchase,Grocery,Mobile,Denpasar,Rendah,0
91.56,1095.0,5.0,86.34,9.0,15632.4,15540.84,Transfer,Travel,Mobile,Medan,Rendah,2
12.620000000000005,2715.0,6.0,12.919999999999987,9.0,2695.48,2682.86,Purchase,Food,Mobile,Bandung,Rendah,0
573.95,392.0,2.999999999999999,517.45,9.0,2704.76,2130.81,Transfer,Electronics,Mobile,Denpasar,Tinggi,3
254.64,1013.0,5.0,219.47,23.0,6946.49,6691.85,Payment,Electronics,Mobile,Medan,Sedang,3
637.07,93.0,1.0,614.52,5.0,4476.83,3839.76,Withdrawal,Travel,Desktop,Denpasar,Sangat Tinggi,1
430.37,1064.0,2.999999999999999,425.23,6.0,11167.5,10737.13,Transfer,Travel,Mobile,Surabaya,Tinggi,1
39.620000000000005,555.0,10.0,36.42,20.0,639.29,599.6700000000001,Purchase,Food,Mobile,Medan,Rendah,2
622.71,59.0,1.0,670.41,0.0,5314.57,4691.86,Withdrawal,Travel,Mobile,Medan,Sangat Tinggi,1
164.11,105.99999999999989,10.0,152.35,19.0,3676.79,3512.68,Transfer,Fashion,Mobile,Bandung,Rendah,0
71.65,2349.0,14.0,54.870000000000005,12.0,12670.66,12599.01,Purchase,Grocery,Mobile,Surabaya,Rendah,2
645.14,142.0,2.999999999999999,492.15,0.0,5009.33,4364.19,Withdrawal,Electronics,Mobile,Surabaya,Sangat Tinggi,3
28.989999999999995,2062.0,20.0,22.470000000000013,14.0,13292.24,13263.25,Purchase,Grocery,Mobile,Surabaya,Rendah,2
151.51,460.0,17.0,120.87,19.0,5709.64,5558.13,Purchase,Grocery,Mobile,Surabaya,Rendah,2
20.090000000000003,1802.0,13.0,16.460000000000008,19.0,6980.66,6960.57,Purchase,Food,Mobile,Jakarta,Rendah,0
250.26,96.0,4.0,209.63,17.0,1016.3500000000004,766.0900000000001,Transfer,Fashion,Mobile,Denpasar,Sedang,3
24.659999999999997,438.0,7.0,18.840000000000003,14.0,1570.0500000000006,1545.3900000000003,Purchase,Grocery,Mobile,Medan,Rendah,2
250.66,380.0,6.0,242.35,17.0,2847.2,2596.54,Payment,Travel,Desktop,Jakarta,Sedang,1
67.52,1937.0,12.0,69.54,8.0,5268.37,5200.85,Payment,Fashion,Mobile,Medan,Rendah,2
105.67,1491.0,9.0,108.38,17.0,2134.32,2028.65,Purchase,Grocery,Desktop,Denpasar,Rendah,0
22.639999999999986,1688.0,12.0,16.560000000000002,20.0,6037.17,6014.53,Payment,Fashion,Mobile,Medan,Rendah,2
39.59000000000002,1154.0,16.0,39.31,17.0,2481.15,2441.56,Payment,Grocery,Mobile,Surabaya,Rendah,2
17.77000000000001,2057.0,11.0,13.590000000000003,11.0,5575.17,5557.4,Purchase,Fashion,Mobile,Jakarta,Rendah,0
220.1,858.0,6.0,169.68,11.0,5599.72,5379.62,Transfer,Electronics,Desktop,Bandung,Sedang,3
20.670000000000016,2120.0,9.0,18.39,13.0,8594.94,8574.27,Purchase,Food,Mobile,Denpasar,Rendah,0
193.63,597.0,8.0,177.63,18.0,7620.21,7426.58,Transfer,Travel,Desktop,Denpasar,Rendah,0
292.26,1109.0,4.0,276.93,11.0,7947.38,7655.12,Transfer,Travel,Desktop,Jakarta,Sedang,1
127.7,112.0,2.999999999999999,135.54,11.0,2509.82,2382.12,Transfer,Electronics,Desktop,Medan,Rendah,3
395.02,127.0,2.999999999999999,307.05,4.0,3986.79,3591.77,Withdrawal,Travel,Desktop,Surabaya,Sedang,1
41.81,1586.0,8.0,37.58999999999999,10.0,15864.85,15823.04,Purchase,Fashion,Mobile,Denpasar,Rendah,0
37.71000000000002,2266.0,10.0,33.97,17.0,4678.65,4640.94,Purchase,Grocery,Mobile,Bandung,Rendah,0
23.349999999999994,932.0,20.0,22.099999999999994,21.0,3276.41,3253.06,Purchase,Grocery,Mobile,Surabaya,Rendah,2
15.599999999999994,684.0,12.0,12.849999999999994,21.0,2048.4,2032.8000000000002,Purchase,Food,Mobile,Jakarta,Rendah,0
268.59,169.0000000000001,1.0,267.48,2.0,2374.04,2105.45,Withdrawal,Electronics,Mobile,Medan,Sedang,3
15.629999999999995,775.0,9.0,14.930000000000007,9.0,3590.0699999999997,3574.44,Purchase,Food,Mobile,Medan,Rendah,2
30.429999999999993,1052.0,10.0,31.489999999999995,8.0,8293.9,8263.47,Purchase,Grocery,Mobile,Medan,Rendah,2
15.039999999999992,2217.0,12.0,11.840000000000018,9.0,5230.05,5215.01,Purchase,Fashion,Mobile,Surabaya,Rendah,2
379.81,1074.0,5.0,369.56,3.0,7497.08,7117.27,Transfer,Electronics,Mobile,Surabaya,Sedang,3
136.44,1704.0,13.0,127.79,18.0,3474.08,3337.64,Purchase,Food,Mobile,Surabaya,Rendah,2
15.629999999999995,749.0,16.0,12.900000000000006,21.0,865.8400000000001,850.21,Payment,Grocery,Desktop,Bandung,Rendah,0
21.960000000000008,811.0,9.0,18.48999999999998,21.0,2180.38,2158.42,Purchase,Grocery,Mobile,Denpasar,Rendah,0
699.5799999999999,169.0000000000001,1.0,528.78,5.0,2924.19,2224.61,Transfer,Travel,Mobile,Surabaya,Sangat Tinggi,1
35.81,571.0,12.0,27.460000000000008,11.0,4659.72,4623.91,Purchase,Food,Desktop,Surabaya,Rendah,2
104.50999999999999,968.0,2.999999999999999,80.31,3.0,11588.06,11483.55,Payment,Fashion,Mobile,Surabaya,Rendah,2
26.930000000000007,1064.0,14.0,23.03,16.0,8612.17,8585.24,Payment,Grocery,Mobile,Surabaya,Rendah,2
83.38,476.0,4.0,88.77,22.0,3200.71,3117.33,Transfer,Electronics,Mobile,Denpasar,Rendah,3
61.58000000000001,1565.0,10.0,58.94,13.0,4012.73,3951.15,Purchase,Grocery,Desktop,Jakarta,Rendah,0
14.789999999999992,407.0,11.0,15.64,20.0,3652.6099999999997,3637.82,Purchase,Food,Mobile,Jakarta,Rendah,0
39.540000000000006,1073.0,9.0,41.80999999999999,10.0,5153.67,5114.13,Purchase,Fashion,Mobile,Jakarta,Rendah,0
32.78999999999999,434.0,17.0,30.629999999999995,11.0,1550.3499999999995,1517.56,Purchase,Fashion,Mobile,Denpasar,Rendah,0
14.050000000000011,2892.0,12.0,10.809999999999988,17.0,4965.66,4951.61,Purchase,Fashion,Mobile,Jakarta,Rendah,0
25.75,2735.0,14.0,21.78,9.0,4401.89,4376.14,Purchase,Grocery,Mobile,Medan,Rendah,2
30.0,2957.0,9.0,21.909999999999997,17.0,4248.87,4218.87,Payment,Food,Mobile,Jakarta,Rendah,0
46.2,406.0,11.0,39.75,12.0,12536.29,12490.09,Purchase,Food,Mobile,Surabaya,Rendah,2
40.150000000000006,1655.0,19.0,38.03,20.0,4430.77,4390.62,Purchase,Grocery,Mobile,Medan,Rendah,2
12.990000000000009,1315.0,11.0,14.079999999999984,10.0,10291.25,10278.26,Purchase,Grocery,Mobile,Surabaya,Rendah,2
530.98,154.0000000000001,2.0,534.59,3.0,3566.5,3035.52,Transfer,Travel,Mobile,Bandung,Tinggi,1
252.56,915.0,1.0,242.72,4.0,11115.13,10862.57,Transfer,Travel,Mobile,Denpasar,Sedang,1
281.61,302.0,2.999999999999999,254.49,8.0,1834.4799999999996,1552.8699999999994,Transfer,Travel,Mobile,Bandung,Sedang,1
80.08,590.0,6.0,59.400000000000006,20.0,7204.3,7124.22,Purchase,Grocery,Mobile,Jakarta,Rendah,0
547.88,109.00000000000011,2.999999999999999,593.04,1.0,3553.88,3006.0,Withdrawal,Travel,Mobile,Denpasar,Tinggi,1
56.28999999999999,435.0,4.0,49.129999999999995,23.0,13210.27,13153.98,Transfer,Fashion,Desktop,Bandung,Rendah,0
400.3399999999999,741.0,7.0,311.78,23.0,14661.33,14260.99,Payment,Travel,Tablet,Medan,Sedang,1
185.98,840.0,8.0,165.88,17.0,10796.54,10610.56,Transfer,Travel,Desktop,Bandung,Rendah,0
125.96,977.0,4.0,92.95,2.0,1623.5900000000006,1497.63,Transfer,Electronics,Desktop,Surabaya,Rendah,3
149.75,714.0,7.0,136.44,19.0,5799.33,5649.58,Transfer,Fashion,Desktop,Bandung,Rendah,0
247.51,537.0,6.0,243.27,14.0,2926.12,2678.61,Transfer,Travel,Mobile,Denpasar,Sedang,1
58.89,384.0,5.0,57.47,0.0,5161.16,5102.27,Payment,Travel,Mobile,Denpasar,Rendah,0
168.07,398.0,4.0,136.2,2.0,5344.52,5176.45,Transfer,Electronics,Mobile,Denpasar,Rendah,3
38.56,1752.0,16.0,30.700000000000003,16.0,2313.93,2275.37,Purchase,Grocery,Mobile,Bandung,Rendah,0
34.39,1304.0,16.0,36.41,18.0,2544.07,2509.68,Purchase,Grocery,Mobile,Jakarta,Rendah,0
26.629999999999995,2965.0,12.0,21.89,20.0,7968.07,7941.44,Payment,Grocery,Mobile,Bandung,Rendah,0
159.54,1107.0,4.0,128.66,17.0,4513.73,4354.19,Transfer,Travel,Desktop,Bandung,Rendah,0
277.3,193.0,5.0,245.12,20.0,2816.21,2538.91,Transfer,Electronics,Desktop,Jakarta,Sedang,3
31.11,1076.0,15.0,24.549999999999983,10.0,9190.87,9159.76,Purchase,Grocery,Mobile,Medan,Rendah,2
36.06,1726.0,16.0,25.92,12.0,4603.89,4567.83,Payment,Grocery,Mobile,Denpasar,Rendah,0
269.59,610.0,9.0,243.04,5.0,765.3400000000001,495.75,Transfer,Electronics,Mobile,Denpasar,Sedang,3
40.66999999999999,571.0,5.0,34.11,12.0,12460.7,12420.03,Purchase,Food,Mobile,Bandung,Rendah,0
129.65,952.0,4.0,123.03,10.0,6438.06,6308.41,Transfer,Fashion,Tablet,Medan,Rendah,3
141.48,734.0,2.999999999999999,117.58,0.0,5807.6,5666.12,Transfer,Electronics,Tablet,Bandung,Rendah,3
127.01,307.0,8.0,99.72,4.0,7868.54,7741.53,Transfer,Travel,Desktop,Medan,Rendah,2
42.06,2521.0,9.0,40.3,20.0,3714.01,3671.95,Payment,Food,Mobile,Denpasar,Rendah,0
557.4,161.0000000000001,2.0,473.08,4.0,1344.3599999999997,786.96,Transfer,Electronics,Mobile,Jakarta,Tinggi,3
176.16,694.0,8.0,153.42,3.0,11044.16,10868.0,Transfer,Electronics,Desktop,Bandung,Rendah,3
29.230000000000004,1501.0,16.0,23.400000000000006,8.0,3491.1799999999994,3461.95,Purchase,Food,Mobile,Denpasar,Rendah,0
44.370000000000005,881.0,5.0,45.06,5.0,8123.97,8079.6,Transfer,Electronics,Mobile,Bandung,Rendah,3
187.47,1125.0,2.999999999999999,132.89,9.0,6328.06,6140.59,Payment,Travel,Mobile,Jakarta,Rendah,0
426.35,142.0,1.0,453.41,0.0,7187.17,6760.82,Transfer,Travel,Desktop,Denpasar,Tinggi,1
611.6,97.99999999999989,2.0,506.59,1.0,1858.6599999999994,1247.06,Withdrawal,Travel,Mobile,Medan,Sangat Tinggi,1
420.8,605.0,6.0,458.57,14.0,10870.96,10450.16,Transfer,Electronics,Mobile,Surabaya,Tinggi,3
138.54,1151.0,8.0,143.94,14.0,3017.5,2878.96,Transfer,Travel,Desktop,Bandung,Rendah,0
200.46,1002.0,9.0,177.75,2.0,11362.74,11162.28,Payment,Electronics,Mobile,Denpasar,Rendah,3
43.370000000000005,937.0,12.0,34.49000000000001,19.0,1638.3299999999995,1594.9599999999996,Payment,Food,Mobile,Medan,Rendah,2
744.8599999999999,101.99999999999989,2.0,588.21,1.0,4017.81,3272.95,Withdrawal,Electronics,Mobile,Jakarta,Sangat Tinggi,3
19.629999999999995,954.0,9.0,20.299999999999997,21.0,9485.76,9466.13,Payment,Grocery,Mobile,Jakarta,Rendah,0
13.099999999999994,2094.0,10.0,13.280000000000001,19.0,6111.81,6098.71,Purchase,Food,Mobile,Surabaya,Rendah,2
731.1199999999999,112.99999999999989,2.999999999999999,570.47,4.0,6696.01,5964.89,Transfer,Travel,Desktop,Jakarta,Sangat Tinggi,1
183.6,776.0,4.0,169.94,4.0,9608.97,9425.37,Transfer,Travel,Mobile,Surabaya,Rendah,2
15.990000000000009,2990.0,16.0,15.220000000000013,20.0,2454.95,2438.96,Purchase,Grocery,Mobile,Surabaya,Rendah,2
22.47,758.0,15.0,24.64,16.0,5816.88,5794.41,Purchase,Food,Mobile,Surabaya,Rendah,2
335.86,169.0000000000001,2.999999999999999,305.42,1.0,1357.2600000000002,1021.3999999999996,Withdrawal,Travel,Mobile,Medan,Sedang,1
35.22,752.0,9.0,36.03,17.0,6631.35,6596.13,Purchase,Grocery,Mobile,Medan,Rendah,2
117.23,92.0,4.0,127.96,11.0,5397.27,5280.04,Payment,Electronics,Desktop,Bandung,Rendah,3
98.64,340.0,4.0,87.94,20.0,2564.48,2465.84,Payment,Electronics,Desktop,Bandung,Rendah,3
24.710000000000008,2832.0,15.0,17.49000000000001,10.0,5079.0,5054.29,Purchase,Food,Desktop,Bandung,Rendah,0
11.870000000000005,2713.0,12.0,9.590000000000003,21.0,2811.36,2799.49,Payment,Grocery,Mobile,Bandung,Rendah,0
646.9200000000001,577.0,1.0,654.53,22.0,3369.41,2722.49,Transfer,Electronics,Mobile,Denpasar,Sangat Tinggi,3
32.379999999999995,2116.0,11.0,31.99000000000001,16.0,1307.4300000000003,1275.0500000000002,Purchase,Grocery,Mobile,Surabaya,Rendah,2
19.039999999999992,1099.0,18.0,19.219999999999985,18.0,5772.9,5753.86,Purchase,Grocery,Mobile,Surabaya,Rendah,2
637.8600000000001,65.0,1.0,491.42,0.0,1746.6599999999999,1108.8000000000002,Withdrawal,Travel,Mobile,Denpasar,Sangat Tinggi,1
124.75,537.0,8.0,97.73,11.0,1123.9099999999999,999.1599999999999,Transfer,Electronics,Desktop,Jakarta,Rendah,3
29.08999999999999,1844.0,11.0,27.810000000000002,19.0,1030.9799999999996,1001.8900000000003,Purchase,Grocery,Mobile,Denpasar,Rendah,0
139.76,367.0,5.0,133.16,4.0,9012.74,8872.98,Transfer,Travel,Desktop,Bandung,Rendah,0
285.29,261.0,10.0,239.98,18.0,801.9899999999998,516.6999999999998,Transfer,Electronics,Mobile,Bandung,Sedang,3
105.33,1163.0,2.999999999999999,82.75,20.0,6380.61,6275.28,Transfer,Travel,Desktop,Denpasar,Rendah,0
27.170000000000016,2140.0,10.0,29.83,21.0,5384.95,5357.78,Payment,Grocery,Mobile,Jakarta,Rendah,0
34.08,455.0,6.0,25.66000000000001,21.0,11008.08,10974.0,Purchase,Grocery,Mobile,Medan,Rendah,2
140.61,408.0,2.0,98.67,13.0,1418.5,1277.8899999999999,Transfer,Electronics,Desktop,Surabaya,Rendah,3
65.0,2246.0,17.0,58.2,19.0,5735.84,5670.84,Purchase,Food,Mobile,Bandung,Rendah,0
351.31,867.0,2.999999999999999,265.72,5.0,2962.71,2611.4,Payment,Electronics,Tablet,Jakarta,Sedang,3
445.44,1187.0,2.999999999999999,454.09,7.0,3552.66,3107.22,Transfer,Fashion,Desktop,Bandung,Tinggi,3
27.629999999999995,2658.0,15.0,25.67,9.0,4912.15,4884.52,Purchase,Grocery,Mobile,Surabaya,Rendah,2
258.55,769.0,2.999999999999999,274.47,12.0,14918.59,14660.04,Payment,Travel,Mobile,Denpasar,Sedang,1
195.67,119.0,2.999999999999999,141.93,7.0,3657.71,3462.04,Payment,Travel,Desktop,Denpasar,Rendah,0
69.29,941.0,21.0,53.67,13.0,1195.08,1125.79,Purchase,Grocery,Mobile,Denpasar,Rendah,0
22.28,1748.0,13.0,23.159999999999997,10.0,2607.05,2584.77,Purchase,Grocery,Mobile,Medan,Rendah,2
15.330000000000013,1041.0,12.0,13.230000000000004,13.0,2620.76,2605.43,Purchase,Fashion,Mobile,Denpasar,Rendah,0
26.500000000000014,2411.0,9.0,24.379999999999995,16.0,4828.75,4802.25,Payment,Food,Mobile,Denpasar,Rendah,0
93.24,172.9999999999999,6.0,72.28,15.0,11564.84,11471.6,Transfer,Fashion,Mobile,Denpasar,Rendah,3
32.86,2672.0,13.0,35.34,13.0,6284.79,6251.93,Purchase,Food,Mobile,Jakarta,Rendah,0
30.989999999999995,2760.0,9.0,24.480000000000004,11.0,2709.1,2678.11,Payment,Grocery,Mobile,Denpasar,Rendah,0
36.94,840.0,10.0,33.40000000000002,8.0,2558.09,2521.15,Purchase,Grocery,Desktop,Denpasar,Rendah,0
723.1099999999999,58.0,2.999999999999999,543.13,2.0,2011.4,1288.2899999999995,Withdrawal,Travel,Desktop,Bandung,Sangat Tinggi,1
22.78,1388.0,5.0,19.539999999999992,13.0,5649.73,5626.95,Purchase,Fashion,Mobile,Jakarta,Rendah,0
162.25,803.0,5.0,159.97,18.0,1922.38,1760.13,Transfer,Travel,Desktop,Denpasar,Rendah,0
64.33,802.0,0.0,61.25,20.0,4305.34,4241.01,Transfer,Electronics,Mobile,Medan,Rendah,3
22.389999999999986,953.0,11.0,21.64,16.0,2152.17,2129.78,Payment,Fashion,Mobile,Surabaya,Rendah,2
337.53,430.0,5.0,345.18,3.0,4091.24,3753.71,Transfer,Fashion,Desktop,Medan,Sedang,3
20.430000000000007,923.0,18.0,17.879999999999995,20.0,7574.15,7553.72,Purchase,Food,Desktop,Medan,Rendah,2
21.72,1492.0,9.0,23.849999999999994,17.0,1498.19,1476.4700000000007,Purchase,Fashion,Mobile,Bandung,Rendah,0
18.569999999999993,2962.0,16.0,14.960000000000008,14.0,1539.7199999999998,1521.15,Purchase,Grocery,Mobile,Surabaya,Rendah,2
43.22000000000001,1839.0,14.0,35.31999999999999,9.0,4560.15,4516.93,Purchase,Food,Mobile,Bandung,Rendah,0
35.45000000000002,2879.0,7.0,35.24000000000002,21.0,1580.13,1544.6800000000003,Purchase,Grocery,Mobile,Jakarta,Rendah,0
129.85,1031.0,5.0,112.18,2.0,7563.24,7433.39,Transfer,Fashion,Desktop,Bandung,Rendah,3
133.21,614.0,2.999999999999999,94.64,7.0,5317.49,5184.28,Transfer,Travel,Desktop,Bandung,Rendah,0
17.539999999999992,2826.0,14.0,13.400000000000006,15.0,5019.99,5002.45,Purchase,Grocery,Mobile,Jakarta,Rendah,0
33.93000000000001,2536.0,10.0,30.049999999999997,11.0,2153.42,2119.49,Payment,Fashion,Mobile,Medan,Rendah,2
144.79,368.0,5.0,128.69,23.0,8557.98,8413.19,Transfer,Travel,Mobile,Denpasar,Rendah,0
28.590000000000018,778.0,16.0,24.359999999999985,20.0,6701.07,6672.48,Payment,Food,Desktop,Jakarta,Rendah,0
35.129999999999995,2532.0,8.0,33.59000000000002,18.0,8006.07,7970.94,Payment,Food,Mobile,Jakarta,Rendah,0
22.680000000000007,1303.0,10.0,20.760000000000005,21.0,1456.9500000000003,1434.2699999999995,Purchase,Food,Mobile,Surabaya,Rendah,2
663.26,542.0,5.0,562.84,21.0,8349.08,7685.82,Payment,Travel,Desktop,Bandung,Sangat Tinggi,1
116.12,614.0,4.0,110.54,5.0,4405.07,4288.95,Transfer,Electronics,Tablet,Bandung,Rendah,3
24.420000000000016,2137.0,16.0,22.519999999999982,20.0,1648.0399999999995,1623.6199999999994,Payment,Grocery,Mobile,Surabaya,Rendah,2
194.12,312.0,9.0,162.0,17.0,3831.19,3637.07,Payment,Electronics,Tablet,Bandung,Rendah,3
539.72,125.0,2.0,572.45,2.0,2334.68,1794.96,Transfer,Travel,Desktop,Bandung,Tinggi,1
23.78,2797.0,23.0,18.549999999999997,11.0,2912.39,2888.61,Purchase,Food,Mobile,Denpasar,Rendah,0
33.120000000000005,1947.0,13.0,28.690000000000012,10.0,1754.1599999999994,1721.0400000000004,Purchase,Fashion,Mobile,Jakarta,Rendah,0
528.77,150.9999999999999,5.0,556.0,2.0,2734.77,2206.0,Withdrawal,Travel,Desktop,Jakarta,Tinggi,1
46.59999999999998,1920.0,13.0,48.5,12.0,8472.44,8425.84,Purchase,Grocery,Mobile,Medan,Rendah,2
215.73,935.0,6.0,215.46,20.0,5003.17,4787.44,Payment,Travel,Mobile,Denpasar,Sedang,0
355.37,1031.0,7.0,349.82000000000005,11.0,13346.63,12991.26,Transfer,Fashion,Desktop,Denpasar,Sedang,3
50.849999999999994,902.0,19.0,52.97,19.0,4679.0,4628.15,Purchase,Fashion,Mobile,Medan,Rendah,2
44.269999999999996,1702.0,13.0,34.47,21.0,2255.44,2211.17,Payment,Food,Mobile,Jakarta,Rendah,0
192.03,127.99999999999989,1.0,157.43,19.0,4787.77,4595.74,Transfer,Travel,Mobile,Jakarta,Rendah,1
165.35,513.0,11.0,159.8,23.0,3534.87,3369.52,Transfer,Travel,Desktop,Medan,Rendah,2
310.42,127.99999999999989,1.0,263.78,0.0,6435.41,6124.99,Withdrawal,Electronics,Desktop,Denpasar,Sedang,3
14.949999999999989,826.0,9.0,14.230000000000004,14.0,3792.05,3777.1,Purchase,Fashion,Mobile,Denpasar,Rendah,0
444.67,796.0,8.0,414.63,5.0,11819.83,11375.16,Payment,Fashion,Mobile,Jakarta,Tinggi,3
16.569999999999993,370.0,10.0,17.41000000000001,10.0,9895.08,9878.51,Payment,Grocery,Desktop,Medan,Rendah,2
13.280000000000001,1876.0,7.0,14.289999999999992,12.0,11998.35,11985.07,Purchase,Grocery,Mobile,Jakarta,Rendah,0
39.74000000000001,1461.0,19.0,29.89,8.0,11535.48,11495.74,Purchase,Grocery,Mobile,Bandung,Rendah,0
614.74,41.0,1.0,474.48999999999995,2.0,6675.8,6061.06,Withdrawal,Travel,Desktop,Jakarta,Sangat Tinggi,1
56.03999999999999,1710.0,7.0,53.22999999999999,10.0,8334.83,8278.79,Purchase,Fashion,Mobile,Surabaya,Rendah,2
541.85,36.0,2.999999999999999,559.61,4.0,9478.74,8936.89,Withdrawal,Electronics,Desktop,Medan,Tinggi,3
33.78999999999999,2416.0,14.0,32.24000000000001,17.0,3696.87,3663.08,Purchase,Grocery,Mobile,Bandung,Rendah,0
105.35,1023.0,4.0,93.37,16.0,3191.65,3086.3,Payment,Travel,Mobile,Medan,Rendah,2
210.36,231.0,5.0,216.2,11.0,6099.14,5888.78,Transfer,Fashion,Desktop,Surabaya,Sedang,3
91.12,659.0,2.999999999999999,79.0,1.0,5427.46,5336.34,Transfer,Electronics,Mobile,Surabaya,Rendah,3
101.89,2929.0,8.0,80.12,12.0,6410.98,6309.09,Purchase,Grocery,Mobile,Denpasar,Rendah,0
163.59,1008.0,7.0,151.41,6.0,5223.67,5060.08,Transfer,Electronics,Mobile,Bandung,Rendah,3
131.03,913.0,7.0,136.28,8.0,3480.51,3349.4799999999996,Transfer,Travel,Mobile,Medan,Rendah,2
22.52000000000001,1428.0,15.0,22.099999999999994,9.0,4647.71,4625.19,Purchase,Grocery,Mobile,Bandung,Rendah,0
37.479999999999976,2434.0,14.0,38.379999999999995,9.0,14339.59,14302.11,Purchase,Grocery,Desktop,Denpasar,Rendah,0
113.99,279.0,2.999999999999999,102.22,5.0,1644.54,1530.5499999999997,Transfer,Travel,Desktop,Medan,Rendah,1
39.2,926.0,16.0,39.91,11.0,4698.26,4659.06,Payment,Grocery,Mobile,Denpasar,Rendah,0
21.97,2269.0,6.0,17.010000000000005,11.0,3506.3599999999997,3484.39,Payment,Food,Mobile,Surabaya,Rendah,2
50.84,2440.0,10.0,52.099999999999994,20.0,2424.36,2373.52,Purchase,Food,Mobile,Bandung,Rendah,0
12.550000000000011,2212.0,10.0,10.170000000000002,12.0,2814.49,2801.94,Payment,Food,Mobile,Surabaya,Rendah,2
41.00999999999999,2187.0,10.0,40.97999999999999,16.0,9295.08,9254.07,Purchase,Fashion,Mobile,Denpasar,Rendah,0
89.96,752.0,1.0,71.65,3.0,1977.23,1887.27,Payment,Travel,Tablet,Surabaya,Rendah,2
20.52000000000001,2681.0,11.0,15.799999999999997,12.0,3974.35,3953.83,Purchase,Food,Mobile,Medan,Rendah,2
312.76,1124.0,2.999999999999999,300.26,4.0,5588.09,5275.33,Transfer,Electronics,Desktop,Bandung,Sedang,3
192.72,404.0,2.0,158.49,17.0,7036.29,6843.57,Transfer,Electronics,Mobile,Bandung,Rendah,3
566.75,141.0,1.0,526.48,0.0,2921.83,2355.08,Transfer,Travel,Desktop,Medan,Tinggi,1
61.3,2566.0,17.0,47.53,17.0,5468.85,5407.55,Purchase,Grocery,Mobile,Surabaya,Rendah,2
160.93,159.0,5.0,115.27,23.0,1450.44,1289.5100000000007,Payment,Electronics,Mobile,Jakarta,Rendah,3
19.97999999999999,2979.0,13.0,16.239999999999995,19.0,6397.32,6377.34,Purchase,Grocery,Mobile,Medan,Rendah,2
27.269999999999996,1442.0,19.0,26.0,19.0,1965.8599999999997,1938.5900000000001,Purchase,Grocery,Mobile,Surabaya,Rendah,2
375.72,1171.0,7.0,380.68,20.0,5568.6,5192.88,Payment,Electronics,Mobile,Jakarta,Sedang,3
26.86999999999999,429.0,12.0,29.060000000000002,19.0,12625.920000000002,12599.05,Purchase,Grocery,Mobile,Bandung,Rendah,0
620.57,131.9999999999999,2.999999999999999,602.14,3.0,4609.96,3989.39,Withdrawal,Travel,Desktop,Bandung,Sangat Tinggi,1
174.44,458.0,7.0,130.44,0.0,4728.3,4553.86,Transfer,Electronics,Mobile,Bandung,Rendah,3
51.90999999999998,442.0,11.0,45.81,8.0,4452.46,4400.55,Purchase,Grocery,Mobile,Bandung,Rendah,0
50.53,1128.0,9.0,53.390000000000015,13.0,5816.51,5765.98,Purchase,Food,Mobile,Medan,Rendah,2
212.85,1067.0,4.0,149.72,15.0,5503.09,5290.24,Transfer,Travel,Desktop,Surabaya,Sedang,1
161.92,1080.0,7.0,126.78,5.0,5431.69,5269.77,Transfer,Electronics,Desktop,Medan,Rendah,3
693.03,42.0,1.0,617.65,3.0,4078.66,3385.63,Withdrawal,Travel,Desktop,Jakarta,Sangat Tinggi,1
29.849999999999994,2181.0,10.0,29.650000000000006,21.0,9137.02,9107.17,Payment,Grocery,Desktop,Denpasar,Rendah,0
653.3800000000001,23.0,1.0,581.51,5.0,1909.2600000000002,1255.88,Withdrawal,Electronics,Desktop,Medan,Sangat Tinggi,3
30.989999999999995,1167.0,18.0,28.460000000000008,18.0,8750.02,8719.03,Payment,Grocery,Desktop,Surabaya,Rendah,2
554.4299999999998,122.0,2.0,388.41,4.0,2286.27,1731.8400000000001,Withdrawal,Travel,Mobile,Medan,Tinggi,1
54.75,657.0,20.0,48.5,9.0,9089.49,9034.74,Payment,Grocery,Mobile,Jakarta,Rendah,0
32.53,1693.0,12.0,25.710000000000008,18.0,14365.1,14332.57,Purchase,Grocery,Mobile,Jakarta,Rendah,0
396.37,16.0,0.0,349.86,0.0,11927.57,11531.2,Withdrawal,Travel,Desktop,Jakarta,Sedang,1
29.409999999999997,2116.0,12.0,25.11999999999999,15.0,1930.9,1901.4899999999998,Purchase,Grocery,Mobile,Bandung,Rendah,0
30.150000000000006,826.0,13.0,23.129999999999995,19.0,5611.38,5581.23,Purchase,Grocery,Mobile,Jakarta,Rendah,0
18.659999999999997,1189.0,10.0,16.37999999999998,13.0,11480.46,11461.8,Purchase,Fashion,Mobile,Denpasar,Rendah,0
37.74000000000001,1491.0,7.0,41.42,18.0,3546.42,3508.68,Purchase,Grocery,Mobile,Jakarta,Rendah,0
486.48,477.0,7.0,417.33,13.0,12534.96,12048.48,Transfer,Electronics,Desktop,Bandung,Tinggi,3
134.18,327.0,4.0,131.97,22.0,12667.940000000002,12533.76,Payment,Fashion,Mobile,Medan,Rendah,2
20.670000000000016,1995.0,10.0,17.370000000000005,20.0,3713.43,3692.76,Purchase,Grocery,Mobile,Jakarta,Rendah,0
161.48,755.0,4.0,172.4,3.0,6688.06,6526.58,Transfer,Fashion,Mobile,Medan,Rendah,3
36.21000000000001,1187.0,13.0,26.159999999999997,21.0,3183.39,3147.18,Payment,Grocery,Mobile,Jakarta,Rendah,0
100.37,1330.0,15.0,81.78,9.0,2860.5,2760.13,Purchase,Food,Mobile,Medan,Rendah,2
11.189999999999998,2487.0,16.0,8.969999999999985,13.0,3239.73,3228.54,Purchase,Food,Mobile,Bandung,Rendah,0
33.10000000000001,2509.0,11.0,31.099999999999994,16.0,2038.2799999999997,2005.1800000000003,Purchase,Grocery,Desktop,Jakarta,Rendah,0
18.289999999999992,1114.0,13.0,15.849999999999994,19.0,9937.4,9919.11,Purchase,Grocery,Mobile,Jakarta,Rendah,0
110.87,174.0,6.0,113.21,9.0,7097.81,6986.94,Transfer,Electronics,Desktop,Jakarta,Rendah,3
358.35,1100.0,2.999999999999999,321.89,9.0,1838.15,1479.7999999999997,Transfer,Travel,Desktop,Medan,Sedang,1
174.66,588.0,8.0,138.32,2.0,1674.1999999999994,1499.54,Payment,Travel,Mobile,Medan,Rendah,2
385.23,1128.0,6.0,412.84,11.0,2530.75,2145.52,Transfer,Travel,Mobile,Medan,Sedang,1
32.54999999999998,1944.0,16.0,29.720000000000013,20.0,6344.97,6312.42,Purchase,Food,Mobile,Denpasar,Rendah,0
91.82,504.0,2.999999999999999,93.79,21.0,5792.3,5700.48,Payment,Travel,Tablet,Jakarta,Rendah,0
178.04,976.0,5.0,161.15,11.0,3729.34,3551.3,Transfer,Travel,Mobile,Jakarta,Rendah,0
90.59,561.0,10.0,98.47,12.0,3589.42,3498.83,Payment,Electronics,Mobile,Medan,Rendah,2
350.46,1095.0,7.0,253.48,14.0,7428.37,7077.91,Transfer,Fashion,Tablet,Jakarta,Sedang,3
69.84,873.0,15.0,71.43,11.0,5204.57,5134.73,Purchase,Grocery,Mobile,Medan,Rendah,2
49.92,1997.0,8.0,49.94,20.0,4893.29,4843.37,Purchase,Grocery,Mobile,Jakarta,Rendah,0
36.47,1122.0,5.0,30.720000000000013,0.0,6475.38,6438.91,Transfer,Electronics,Mobile,Jakarta,Rendah,3
56.75999999999998,1490.0,14.0,59.16,14.0,3070.34,3013.58,Payment,Grocery,Mobile,Medan,Rendah,2
648.83,36.0,0.0,568.12,5.0,3819.2,3170.37,Withdrawal,Travel,Desktop,Bandung,Sangat Tinggi,1
26.480000000000004,2645.0,12.0,27.620000000000005,17.0,7055.27,7028.79,Purchase,Food,Mobile,Denpasar,Rendah,0
522.65,142.0,4.0,538.0,4.0,7514.09,6991.44,Withdrawal,Travel,Desktop,Medan,Tinggi,1
132.52,876.0,13.0,106.17,13.0,4402.29,4269.77,Transfer,Fashion,Mobile,Bandung,Rendah,0
18.78,1411.0,7.0,18.0,11.0,3043.92,3025.14,Payment,Fashion,Mobile,Surabaya,Rendah,2
263.16,1044.0,8.0,252.7,4.0,15652.03,15388.87,Payment,Travel,Desktop,Jakarta,Sedang,1
18.939999999999998,1636.0,14.0,16.220000000000013,19.0,11022.39,11003.45,Purchase,Grocery,Mobile,Jakarta,Rendah,0
49.81999999999998,2837.0,10.0,38.47,17.0,5237.56,5187.74,Purchase,Fashion,Mobile,Medan,Rendah,2
160.34,569.0,2.999999999999999,159.42,17.0,13708.49,13548.15,Payment,Electronics,Mobile,Medan,Rendah,3
409.28,723.0,2.999999999999999,316.35,16.0,2770.69,2361.41,Transfer,Fashion,Mobile,Denpasar,Tinggi,3
71.88,484.0,6.0,68.71,21.0,1198.8400000000001,1126.96,Transfer,Travel,Desktop,Bandung,Rendah,0
17.960000000000008,1122.0,9.0,18.120000000000005,11.0,4292.94,4274.98,Payment,Grocery,Mobile,Bandung,Rendah,0
52.41999999999999,1124.0,7.0,38.47,4.0,6035.17,5982.75,Transfer,Electronics,Mobile,Denpasar,Rendah,3
20.72,1603.0,12.0,18.53,9.0,5746.19,5725.47,Payment,Food,Mobile,Bandung,Rendah,0
694.21,337.0,2.999999999999999,487.79,18.0,9387.0,8692.79,Payment,Fashion,Mobile,Bandung,Sangat Tinggi,3
19.319999999999993,2098.0,11.0,14.38000000000001,12.0,1778.0699999999993,1758.75,Purchase,Grocery,Mobile,Denpasar,Rendah,0
390.65,915.0,2.999999999999999,287.53,11.0,889.4899999999998,498.84000000000015,Transfer,Electronics,Desktop,Surabaya,Sedang,3
34.89,394.0,7.0,27.11,16.0,15580.52,15545.63,Purchase,Grocery,Mobile,Denpasar,Rendah,0
27.269999999999996,1147.0,10.0,20.42,14.0,5544.94,5517.67,Purchase,Grocery,Mobile,Bandung,Rendah,0
255.21,1044.0,2.0,250.11,11.0,2864.68,2609.47,Transfer,Travel,Desktop,Medan,Sedang,1
38.53999999999999,2673.0,13.0,38.97000000000001,14.0,8596.27,8557.73,Purchase,Grocery,Mobile,Denpasar,Rendah,0
19.039999999999992,2438.0,15.0,17.049999999999997,20.0,2125.98,2106.94,Purchase,Grocery,Mobile,Bandung,Rendah,0
33.370000000000005,429.0,16.0,34.379999999999995,13.0,5616.87,5583.5,Purchase,Fashion,Desktop,Medan,Rendah,2
25.710000000000022,2668.0,12.0,26.75,10.0,8540.86,8515.15,Purchase,Grocery,Mobile,Medan,Rendah,2
49.44999999999999,1162.0,20.0,39.47,11.0,7131.94,7082.49,Payment,Grocery,Desktop,Medan,Rendah,2
86.3,2648.0,10.0,92.85,19.0,1836.17,1749.87,Purchase,Food,Mobile,Bandung,Rendah,0
536.45,484.0,9.0,404.16,16.0,10522.52,9986.07,Transfer,Fashion,Mobile,Denpasar,Tinggi,3
10.810000000000002,2035.0,10.0,11.129999999999995,18.0,4703.66,4692.85,Payment,Grocery,Mobile,Medan,Rendah,2
9.219999999999999,1559.0,6.0,6.719999999999999,17.0,3704.31,3695.09,Purchase,Food,Mobile,Denpasar,Rendah,0
204.77,277.0000000000001,6.0,152.34,1.0,3425.84,3221.07,Transfer,Travel,Desktop,Bandung,Sedang,1
33.60000000000001,739.0,14.0,23.870000000000005,18.0,1290.2200000000003,1256.62,Payment,Grocery,Mobile,Surabaya,Rendah,2
26.97,1918.0,14.0,21.900000000000006,17.0,4381.98,4355.01,Purchase,Food,Mobile,Bandung,Rendah,0
73.85,839.0,9.0,80.68,7.0,2597.61,2523.76,Transfer,Travel,Desktop,Bandung,Rendah,0
33.120000000000005,671.0,13.0,30.789999999999992,11.0,4455.14,4422.02,Purchase,Fashion,Mobile,Denpasar,Rendah,0
101.3,458.0,2.0,73.44,21.0,6997.96,6896.66,Transfer,Fashion,Desktop,Denpasar,Rendah,3
587.6000000000001,32.0,2.0,509.81,4.0,1862.4299999999998,1274.83,Withdrawal,Travel,Desktop,Medan,Tinggi,1
42.03,1126.0,16.0,32.150000000000006,20.0,1331.79,1289.7600000000002,Payment,Grocery,Mobile,Surabaya,Rendah,2
311.19,863.0,6.0,270.18,9.0,4525.42,4214.23,Transfer,Travel,Mobile,Jakarta,Sedang,1
176.88,855.0,7.0,151.48,1.0,1348.2700000000004,1171.3900000000003,Payment,Travel,Desktop,Denpasar,Rendah,0
115.92,424.0,6.0,120.85,0.0,15346.02,15230.1,Transfer,Electronics,Desktop,Medan,Rendah,3
70.93,1160.0,2.0,57.50999999999999,15.0,2063.96,1993.0299999999997,Transfer,Travel,Desktop,Denpasar,Rendah,0
130.5,1044.0,6.0,129.33,21.0,5288.5,5158.0,Transfer,Electronics,Mobile,Jakarta,Rendah,3
78.33,317.0,4.0,63.2,13.0,1682.7300000000005,1604.4,Transfer,Travel,Mobile,Bandung,Rendah,0
42.61,1139.0,18.0,43.71000000000001,16.0,927.9899999999998,885.3800000000001,Purchase,Food,Mobile,Medan,Rendah,2
20.329999999999984,622.0,13.0,16.37999999999998,12.0,3275.83,3255.5,Payment,Food,Mobile,Medan,Rendah,2
36.0,2920.0,7.0,28.269999999999996,17.0,6450.43,6414.43,Purchase,Grocery,Mobile,Medan,Rendah,2
11.669999999999987,2123.0,10.0,11.819999999999993,14.0,1291.6499999999996,1279.9799999999996,Purchase,Grocery,Mobile,Bandung,Rendah,0
750.24,109.00000000000011,0.0,673.16,1.0,2357.73,1607.4899999999998,Withdrawal,Travel,Desktop,Medan,Sangat Tinggi,1
17.72,2660.0,13.0,13.039999999999992,19.0,8357.27,8339.55,Purchase,Food,Mobile,Denpasar,Rendah,0
310.72,140.0,6.0,280.8,7.0,3000.58,2689.86,Transfer,Travel,Desktop,Jakarta,Sedang,1
481.64,100.0,2.999999999999999,405.08,5.0,8941.36,8459.72,Withdrawal,Electronics,Mobile,Jakarta,Tinggi,3
174.9,270.0000000000001,5.0,154.07,17.0,5100.31,4925.41,Transfer,Fashion,Mobile,Bandung,Rendah,3
481.8,362.0,2.999999999999999,379.33,1.0,11254.56,10772.76,Payment,Travel,Mobile,Jakarta,Tinggi,1
15.530000000000001,2631.0,11.0,15.420000000000002,15.0,1942.65,1927.12,Purchase,Fashion,Mobile,Bandung,Rendah,0
86.02,913.0,2.0,62.53999999999999,6.0,1957.54,1871.52,Payment,Travel,Desktop,Bandung,Rendah,0
135.65,766.0,2.999999999999999,106.51,3.0,5155.87,5020.22,Payment,Fashion,Mobile,Surabaya,Rendah,2
221.19,191.0000000000001,2.0,196.68,19.0,9681.69,9460.5,Payment,Electronics,Mobile,Medan,Sedang,3
181.09,773.0,7.0,144.89,14.0,5854.42,5673.33,Transfer,Electronics,Desktop,Medan,Rendah,3
218.93,1178.0,5.0,187.95,23.0,3123.99,2905.06,Transfer,Electronics,Mobile,Denpasar,Sedang,3
210.95,385.0,0.0,211.06,10.0,11633.44,11422.49,Transfer,Electronics,Mobile,Medan,Sedang,3
13.27000000000001,2549.0,7.0,10.27000000000001,21.0,5152.27,5139.0,Payment,Grocery,Mobile,Jakarta,Rendah,0
140.36,93.0,4.0,101.0,8.0,8306.75,8166.39,Transfer,Travel,Desktop,Denpasar,Rendah,0
32.74000000000001,898.0,13.0,23.129999999999995,18.0,3733.28,3700.54,Payment,Grocery,Mobile,Denpasar,Rendah,0
36.78999999999999,2992.0,11.0,38.629999999999995,16.0,2125.38,2088.59,Purchase,Grocery,Desktop,Jakarta,Rendah,0
737.24,17.0,2.0,702.78,5.0,8187.92,7450.68,Withdrawal,Electronics,Mobile,Medan,Sangat Tinggi,3
24.78,604.0,15.0,18.200000000000003,11.0,4120.35,4095.57,Purchase,Grocery,Mobile,Surabaya,Rendah,2
27.539999999999992,835.0,12.0,27.370000000000005,21.0,4298.82,4271.28,Purchase,Fashion,Mobile,Jakarta,Rendah,0
39.81,2808.0,12.0,32.25,19.0,6458.0,6418.19,Purchase,Grocery,Mobile,Jakarta,Rendah,0
30.269999999999996,853.0,16.0,24.959999999999994,9.0,1847.9499999999998,1817.6800000000003,Payment,Food,Mobile,Surabaya,Rendah,2
319.42,134.0,2.0,290.17,2.0,4175.08,3855.66,Withdrawal,Travel,Desktop,Bandung,Sedang,1
39.78,1519.0,15.0,28.409999999999997,20.0,6684.87,6645.09,Payment,Food,Mobile,Medan,Rendah,2
83.63,747.0,4.0,72.13,12.0,6139.97,6056.34,Transfer,Electronics,Mobile,Denpasar,Rendah,3
188.5,496.0,6.0,138.36,14.0,12491.9,12303.4,Transfer,Travel,Desktop,Jakarta,Rendah,0
34.5,1929.0,11.0,28.900000000000006,9.0,1711.8600000000001,1677.3599999999997,Purchase,Grocery,Desktop,Surabaya,Rendah,2
514.49,101.99999999999989,1.0,389.96,4.0,5633.56,5119.07,Transfer,Electronics,Desktop,Surabaya,Tinggi,3
15.289999999999992,2311.0,20.0,13.190000000000012,10.0,1356.5100000000002,1341.2200000000003,Purchase,Fashion,Mobile,Medan,Rendah,2
624.12,174.0,2.0,486.11,0.0,4517.34,3893.22,Withdrawal,Electronics,Desktop,Denpasar,Sangat Tinggi,3
26.060000000000002,2483.0,9.0,26.909999999999997,13.0,4021.93,3995.87,Purchase,Food,Mobile,Jakarta,Rendah,0
246.76,414.0,6.0,199.2,9.0,2636.32,2389.56,Transfer,Travel,Tablet,Medan,Sedang,1
94.46,1191.0,5.0,96.27,8.0,2915.36,2820.9,Transfer,Electronics,Mobile,Medan,Rendah,3
99.07,997.0,7.0,89.97,15.0,6004.98,5905.91,Transfer,Fashion,Mobile,Jakarta,Rendah,3
94.52,905.0,4.0,99.13,22.0,2192.04,2097.52,Transfer,Travel,Desktop,Denpasar,Rendah,0
38.19,868.0,11.0,36.16,10.0,6397.52,6359.33,Purchase,Grocery,Mobile,Denpasar,Rendah,0
121.87,206.0000000000001,6.0,130.45,7.0,1368.31,1246.44,Transfer,Travel,Tablet,Surabaya,Rendah,2
28.829999999999984,1299.0,14.0,23.019999999999996,13.0,8063.23,8034.4,Purchase,Grocery,Desktop,Bandung,Rendah,0
16.849999999999994,1689.0,15.0,16.159999999999997,11.0,7986.97,7970.12,Purchase,Grocery,Mobile,Jakarta,Rendah,0
61.16000000000001,2984.0,13.0,65.1,19.0,2343.21,2282.05,Purchase,Grocery,Mobile,Jakarta,Rendah,0
19.560000000000002,1051.0,13.0,17.570000000000007,21.0,2495.89,2476.33,Purchase,Grocery,Mobile,Denpasar,Rendah,0
99.11,280.0,6.0,107.54,4.0,6070.57,5971.46,Transfer,Electronics,Tablet,Medan,Rendah,3
16.579999999999984,709.0,11.0,13.649999999999991,11.0,3360.19,3343.61,Payment,Grocery,Mobile,Medan,Rendah,2
21.44999999999999,787.0,22.0,22.739999999999995,20.0,1288.9400000000005,1267.4899999999998,Purchase,Food,Mobile,Jakarta,Rendah,0
28.68000000000002,2449.0,12.0,24.61,17.0,7794.4,7765.72,Payment,Grocery,Mobile,Jakarta,Rendah,0
37.36,2943.0,12.0,32.379999999999995,15.0,4228.56,4191.2,Payment,Grocery,Mobile,Jakarta,Rendah,0
69.27,515.0,5.0,72.33,0.0,5078.53,5009.26,Transfer,Fashion,Desktop,Medan,Rendah,3
254.63,142.9999999999999,5.0,253.25,4.0,8711.07,8456.44,Transfer,Travel,Mobile,Denpasar,Sedang,1
155.82,592.0,2.999999999999999,131.71,16.0,3621.54,3465.72,Transfer,Electronics,Tablet,Surabaya,Rendah,3
26.689999999999998,1580.0,15.0,23.370000000000005,11.0,3888.86,3862.17,Purchase,Food,Mobile,Surabaya,Rendah,2
294.72,122.0,2.0,321.86,2.0,4980.95,4686.23,Withdrawal,Travel,Desktop,Medan,Sedang,1
19.77000000000001,637.0,0.0,17.099999999999994,9.0,6667.26,6647.49,Purchase,Food,Mobile,Denpasar,Rendah,0
438.75,1088.0,8.0,418.31,3.0,2350.25,1911.5,Transfer,Fashion,Mobile,Surabaya,Tinggi,3
393.62,176.9999999999999,1.0,307.40999999999997,2.0,15712.18,15318.56,Withdrawal,Travel,Desktop,Denpasar,Sedang,1
48.879999999999995,2435.0,14.0,44.999999999999986,16.0,1428.2899999999995,1379.4099999999994,Purchase,Grocery,Mobile,Medan,Rendah,2
55.28999999999999,676.0,15.0,56.99000000000001,15.0,6941.47,6886.18,Payment,Grocery,Mobile,Bandung,Rendah,0
140.82,280.0,2.0,106.44,22.0,5157.7,5016.88,Transfer,Fashion,Desktop,Denpasar,Rendah,3
156.48,933.0,5.0,160.88,6.0,15375.75,15219.27,Transfer,Travel,Mobile,Surabaya,Rendah,2
114.61,780.0,2.0,101.74,6.0,3196.89,3082.28,Payment,Electronics,Mobile,Jakarta,Rendah,3
451.21,294.0,7.0,468.52,8.0,8508.47,8057.26,Payment,Travel,Tablet,Denpasar,Tinggi,1
583.51,690.0,2.999999999999999,459.37,0.0,3051.46,2467.95,Transfer,Travel,Mobile,Bandung,Tinggi,1
30.67,1920.0,11.0,22.689999999999998,19.0,13850.27,13819.6,Purchase,Grocery,Mobile,Medan,Rendah,2
374.80000000000007,140.0,1.0,295.04,2.0,970.8099999999995,596.0100000000002,Transfer,Electronics,Mobile,Surabaya,Sedang,3
632.71,135.9999999999999,2.999999999999999,462.09,5.0,4034.13,3401.42,Transfer,Travel,Mobile,Denpasar,Sangat Tinggi,1
51.45,2010.0,10.0,50.849999999999994,9.0,680.6599999999999,629.21,Purchase,Food,Mobile,Jakarta,Rendah,0
636.6799999999998,829.0,2.999999999999999,688.76,13.0,5790.93,5154.25,Transfer,Electronics,Mobile,Denpasar,Sangat Tinggi,3
33.05999999999999,2693.0,16.0,27.400000000000006,13.0,3569.89,3536.83,Purchase,Grocery,Mobile,Jakarta,Rendah,0
46.17,1872.0,14.0,33.33,21.0,9250.46,9204.29,Payment,Grocery,Mobile,Denpasar,Rendah,0
56.41,1390.0,11.0,40.28,17.0,11281.26,11224.85,Purchase,Grocery,Mobile,Jakarta,Rendah,0
32.879999999999995,2075.0,14.0,27.430000000000007,10.0,5428.47,5395.59,Purchase,Fashion,Mobile,Bandung,Rendah,0
751.6499999999999,142.0,5.0,592.4,5.0,2450.18,1698.5300000000002,Transfer,Electronics,Desktop,Jakarta,Sangat Tinggi,3
111.68,463.0,6.0,120.37,18.0,8483.0,8371.32,Payment,Travel,Desktop,Medan,Rendah,2
9.960000000000008,1292.0,8.0,10.719999999999999,13.0,11284.05,11274.09,Purchase,Food,Mobile,Jakarta,Rendah,0
724.0799999999999,29.0,2.0,664.96,3.0,11704.12,10980.04,Withdrawal,Travel,Desktop,Medan,Sangat Tinggi,1
171.09,571.0,5.0,180.09,10.0,4268.23,4097.14,Transfer,Travel,Tablet,Bandung,Rendah,0
22.389999999999986,2238.0,11.0,24.549999999999983,21.0,1663.2500000000005,1640.8599999999997,Purchase,Grocery,Mobile,Denpasar,Rendah,0
67.53,127.99999999999989,7.0,55.33,4.0,6127.81,6060.28,Transfer,Travel,Mobile,Medan,Rendah,2
44.370000000000005,1771.0,13.0,46.44,19.0,3391.37,3347.0,Payment,Food,Mobile,Bandung,Rendah,0
13.710000000000008,1571.0,18.0,13.909999999999997,12.0,4504.22,4490.51,Payment,Food,Mobile,Medan,Rendah,2
23.94999999999999,567.0,6.0,24.840000000000003,18.0,6000.7,5976.75,Purchase,Grocery,Mobile,Jakarta,Rendah,0
21.03,764.0,15.0,22.319999999999993,21.0,2584.94,2563.91,Purchase,Grocery,Mobile,Surabaya,Rendah,2
48.94,904.0,11.0,35.650000000000006,12.0,4501.43,4452.49,Purchase,Fashion,Mobile,Medan,Rendah,2
29.159999999999997,931.0,18.0,31.599999999999994,19.0,5881.57,5852.41,Purchase,Food,Mobile,Surabaya,Rendah,2
30.33999999999999,1019.0,6.0,24.510000000000005,12.0,6175.08,6144.74,Purchase,Grocery,Mobile,Surabaya,Rendah,2
141.43,769.0,7.0,118.41,17.0,3966.59,3825.16,Payment,Fashion,Mobile,Surabaya,Rendah,2
335.91,899.0,4.0,259.8,0.0,1190.3199999999997,854.4099999999999,Transfer,Fashion,Desktop,Jakarta,Sedang,3
81.01,871.0,6.0,76.82,3.0,2986.56,2905.55,Payment,Fashion,Mobile,Denpasar,Rendah,0
55.47999999999999,902.0,8.0,42.53,18.0,14524.51,14469.03,Purchase,Grocery,Mobile,Denpasar,Rendah,0
51.22999999999999,1217.0,15.0,52.22999999999999,17.0,5408.11,5356.88,Payment,Food,Mobile,Surabaya,Rendah,2
28.329999999999984,2301.0,14.0,20.799999999999997,13.0,2019.73,1991.4,Payment,Fashion,Mobile,Jakarta,Rendah,0
24.639999999999986,1451.0,7.0,24.060000000000002,18.0,8120.35,8095.71,Purchase,Grocery,Mobile,Denpasar,Rendah,0
728.99,59.0,1.0,600.56,1.0,2517.79,1788.8000000000002,Transfer,Electronics,Desktop,Medan,Sangat Tinggi,3
142.18,277.9999999999999,2.999999999999999,111.39,18.0,7120.12,6977.94,Transfer,Electronics,Desktop,Jakarta,Rendah,3
79.69,671.0,7.0,74.34,8.0,2546.97,2467.28,Transfer,Fashion,Desktop,Medan,Rendah,3
32.47999999999999,1033.0,7.0,28.83,14.0,9463.16,9430.68,Purchase,Food,Desktop,Denpasar,Rendah,0
289.53,331.0,4.0,277.72,14.0,5502.4,5212.87,Transfer,Fashion,Mobile,Medan,Sedang,3
9.25,636.0,13.0,8.670000000000002,12.0,3602.79,3593.54,Purchase,Grocery,Desktop,Jakarta,Rendah,0
671.27,70.0,2.0,511.07000000000005,4.0,6025.29,5354.02,Withdrawal,Travel,Mobile,Surabaya,Sangat Tinggi,1
422.61,388.0,9.0,403.56,8.0,4220.39,3797.78,Transfer,Travel,Mobile,Jakarta,Tinggi,1
26.24000000000001,697.0,7.0,25.299999999999997,10.0,5834.39,5808.15,Purchase,Grocery,Desktop,Denpasar,Rendah,0
142.0,172.9999999999999,7.0,141.38,18.0,10301.1,10159.1,Transfer,Fashion,Desktop,Medan,Rendah,3
195.28,1024.0,7.0,160.48,20.0,3471.01,3275.73,Payment,Travel,Desktop,Surabaya,Rendah,2
37.46000000000002,1700.0,9.0,32.78,20.0,4007.34,3969.88,Purchase,Food,Mobile,Jakarta,Rendah,0
52.64,986.0,18.0,42.479999999999976,12.0,4194.06,4141.42,Purchase,Food,Mobile,Bandung,Rendah,0
18.389999999999986,1184.0,11.0,12.870000000000019,16.0,4138.84,4120.45,Purchase,Food,Mobile,Jakarta,Rendah,0
456.27,928.0,11.0,491.75,11.0,1727.6600000000003,1271.3900000000003,Payment,Fashion,Tablet,Medan,Tinggi,3
532.67,91.0,2.0,442.7,1.0,842.0500000000002,309.3800000000001,Withdrawal,Travel,Desktop,Medan,Tinggi,1
407.68,135.0000000000001,0.0,289.08,4.0,2728.86,2321.18,Withdrawal,Travel,Desktop,Jakarta,Tinggi,1
14.090000000000003,395.0,10.0,10.61999999999999,11.0,2911.76,2897.67,Payment,Fashion,Desktop,Medan,Rendah,2
83.92,662.0,12.0,91.89,19.0,15244.63,15160.71,Payment,Food,Mobile,Bandung,Rendah,0
90.07,964.0,5.0,69.07,1.0,4173.19,4083.12,Transfer,Electronics,Desktop,Denpasar,Rendah,3
27.28,1789.0,11.0,29.83,20.0,10281.12,10253.84,Purchase,Grocery,Mobile,Bandung,Rendah,0
39.2,1597.0,14.0,37.31999999999999,8.0,10751.11,10711.91,Purchase,Grocery,Desktop,Surabaya,Rendah,2
30.11,1955.0,11.0,26.0,11.0,11567.38,11537.27,Purchase,Grocery,Mobile,Denpasar,Rendah,0
48.28999999999999,954.0,12.0,46.39,20.0,1035.9899999999998,987.6999999999998,Purchase,Fashion,Mobile,Surabaya,Rendah,2
591.74,135.9999999999999,1.0,581.31,2.0,7432.22,6840.48,Withdrawal,Travel,Desktop,Surabaya,Tinggi,1
87.51,2244.0,14.0,71.87,19.0,2861.21,2773.7,Purchase,Grocery,Mobile,Jakarta,Rendah,0
23.25999999999999,2828.0,9.0,17.83,14.0,10677.19,10653.93,Purchase,Grocery,Mobile,Jakarta,Rendah,0
35.25,535.0,7.0,27.579999999999984,13.0,8469.21,8433.96,Purchase,Food,Mobile,Jakarta,Rendah,0
27.48999999999998,493.0,13.0,21.01000000000002,12.0,839.2600000000002,811.7700000000004,Purchase,Grocery,Desktop,Medan,Rendah,2
614.53,10.0,2.999999999999999,510.77,5.0,4579.64,3965.11,Withdrawal,Travel,Desktop,Bandung,Sangat Tinggi,1
325.77,933.0,6.0,293.12,2.0,9998.09,9672.32,Transfer,Fashion,Mobile,Denpasar,Sedang,3
21.439999999999998,2486.0,10.0,21.67,13.0,1423.4300000000003,1401.9899999999993,Purchase,Fashion,Mobile,Jakarta,Rendah,0
87.08,316.0,7.0,79.32,20.0,3120.59,3033.51,Payment,Travel,Tablet,Jakarta,Rendah,0
34.39,573.0,19.0,32.67,13.0,8059.86,8025.47,Purchase,Grocery,Mobile,Surabaya,Rendah,2
273.34,868.0,7.0,282.03,2.0,1841.0399999999995,1567.6999999999994,Transfer,Electronics,Desktop,Bandung,Sedang,3
495.13,985.0,5.0,477.23,17.0,2997.42,2502.29,Transfer,Fashion,Tablet,Jakarta,Tinggi,3
176.02,317.0,7.0,174.09,17.0,6360.16,6184.14,Transfer,Fashion,Mobile,Bandung,Rendah,3
130.42,1150.0,2.999999999999999,141.07,18.0,7605.7,7475.28,Transfer,Travel,Mobile,Medan,Rendah,2
59.95000000000002,2906.0,13.0,52.3,11.0,6803.2,6743.25,Purchase,Grocery,Desktop,Bandung,Rendah,0
80.96,118.0,2.999999999999999,78.20999999999998,21.0,3136.3,3055.34,Payment,Travel,Desktop,Medan,Rendah,2
20.75999999999999,2555.0,19.0,18.629999999999995,21.0,3090.48,3069.72,Payment,Fashion,Mobile,Jakarta,Rendah,0
283.17,718.0,2.999999999999999,215.12,18.0,6605.52,6322.35,Payment,Travel,Tablet,Jakarta,Sedang,1
21.860000000000014,376.0,17.0,18.439999999999998,11.0,2472.24,2450.38,Purchase,Food,Mobile,Surabaya,Rendah,2
172.31,260.0,5.0,137.12,16.0,13430.04,13257.73,Transfer,Travel,Mobile,Denpasar,Rendah,0
38.69,2775.0,13.0,32.31,11.0,3973.87,3935.18,Purchase,Grocery,Mobile,Surabaya,Rendah,2
234.17,1057.0,6.0,173.25,16.0,5393.99,5159.82,Payment,Travel,Mobile,Jakarta,Sedang,1
43.29999999999998,769.0,9.0,35.06,10.0,5763.01,5719.71,Payment,Grocery,Mobile,Medan,Rendah,2
37.75999999999999,893.0,11.0,27.620000000000005,17.0,2001.75,1963.9899999999998,Purchase,Grocery,Mobile,Jakarta,Rendah,0
77.07,1380.0,14.0,69.3,15.0,8074.71,7997.64,Purchase,Food,Mobile,Denpasar,Rendah,0
35.120000000000005,2102.0,10.0,37.52000000000001,9.0,5855.62,5820.5,Purchase,Grocery,Mobile,Jakarta,Rendah,0
27.64,2124.0,18.0,22.409999999999997,16.0,3439.0699999999997,3411.43,Purchase,Grocery,Mobile,Surabaya,Rendah,2
421.58,154.0000000000001,10.0,344.37,19.0,3088.65,2667.07,Transfer,Travel,Tablet,Surabaya,Tinggi,1
131.09,1035.0,5.0,139.16,18.0,3431.49,3300.4,Transfer,Electronics,Mobile,Surabaya,Rendah,3
25.789999999999992,1405.0,8.0,23.049999999999997,18.0,1608.1099999999997,1582.3199999999993,Purchase,Grocery,Mobile,Medan,Rendah,2
36.45000000000002,2363.0,12.0,25.769999999999996,9.0,8606.15,8569.7,Payment,Grocery,Mobile,Medan,Rendah,2
146.76,1074.0,9.0,137.25,19.0,1850.2399999999993,1703.48,Transfer,Electronics,Mobile,Bandung,Rendah,3
29.460000000000008,2836.0,21.0,26.060000000000002,9.0,2481.2,2451.74,Payment,Grocery,Mobile,Denpasar,Rendah,0
503.4,104.0,1.0,359.59,0.0,2066.21,1562.81,Withdrawal,Travel,Mobile,Jakarta,Tinggi,1
15.52000000000001,1116.0,9.0,12.719999999999999,17.0,7810.32,7794.8,Purchase,Grocery,Mobile,Jakarta,Rendah,0
11.830000000000013,1419.0,14.0,10.659999999999997,20.0,2577.93,2566.1,Purchase,Grocery,Mobile,Denpasar,Rendah,0
32.95,644.0,10.0,34.24000000000002,12.0,7739.48,7706.53,Payment,Fashion,Mobile,Medan,Rendah,2
276.65,272.0,1.0,233.29,10.0,5966.52,5689.87,Transfer,Fashion,Desktop,Jakarta,Sedang,3
26.64,2942.0,22.0,20.799999999999997,10.0,7660.8,7634.16,Purchase,Fashion,Mobile,Bandung,Rendah,0
14.710000000000008,2345.0,15.0,16.039999999999992,9.0,4866.71,4852.0,Purchase,Grocery,Mobile,Bandung,Rendah,0
21.47999999999999,916.0,10.0,22.430000000000007,18.0,9612.95,9591.47,Purchase,Grocery,Mobile,Surabaya,Rendah,2
38.920000000000016,2222.0,13.0,41.47,11.0,3405.96,3367.04,Payment,Fashion,Mobile,Medan,Rendah,2
252.18,1074.0,5.0,241.71,16.0,10049.43,9797.25,Transfer,Travel,Mobile,Denpasar,Sedang,1
35.03999999999999,2533.0,16.0,37.47,20.0,1789.98,1754.94,Payment,Food,Desktop,Bandung,Rendah,0
17.210000000000008,1565.0,16.0,16.939999999999998,13.0,3221.96,3204.75,Purchase,Grocery,Mobile,Bandung,Rendah,0
59.360000000000014,1022.0,18.0,61.94,11.0,1220.3599999999997,1161.0,Purchase,Fashion,Mobile,Denpasar,Rendah,0
179.11,855.0,4.0,173.02,21.0,5570.72,5391.61,Transfer,Travel,Mobile,Jakarta,Rendah,0
26.24000000000001,1610.0,14.0,24.099999999999994,16.0,7398.7,7372.46,Purchase,Grocery,Mobile,Jakarta,Rendah,0
44.06000000000002,2878.0,8.0,43.849999999999994,19.0,6057.35,6013.29,Purchase,Grocery,Mobile,Medan,Rendah,2
36.55,1000.0,14.0,28.08,15.0,3070.7,3034.15,Purchase,Food,Mobile,Surabaya,Rendah,2
97.32,240.0000000000001,7.0,78.79,13.0,5168.98,5071.66,Transfer,Electronics,Desktop,Medan,Rendah,3
588.28,1196.0,9.0,515.05,19.0,12040.81,11452.53,Transfer,Electronics,Desktop,Bandung,Tinggi,3
319.4,77.0,2.0,337.31,4.0,3246.44,2927.04,Withdrawal,Electronics,Mobile,Jakarta,Sedang,3
21.930000000000007,540.0,11.0,22.12000000000002,15.0,1962.9,1940.9700000000003,Payment,Grocery,Mobile,Surabaya,Rendah,2
65.38,2863.0,13.0,51.349999999999994,18.0,4177.49,4112.11,Purchase,Grocery,Mobile,Denpasar,Rendah,0
11.379999999999995,1638.0,17.0,8.590000000000003,20.0,3929.05,3917.67,Purchase,Grocery,Mobile,Surabaya,Rendah,2
40.27000000000001,1176.0,10.0,37.96000000000001,8.0,6944.42,6904.15,Purchase,Fashion,Desktop,Jakarta,Rendah,0
27.709999999999994,641.0,11.0,26.83,17.0,6502.62,6474.91,Purchase,Food,Mobile,Denpasar,Rendah,0
33.83,1678.0,6.0,25.72,12.0,6039.53,6005.7,Purchase,Fashion,Mobile,Denpasar,Rendah,0
119.92,1184.0,7.0,97.09,16.0,1749.65,1629.73,Transfer,Travel,Desktop,Bandung,Rendah,0
15.870000000000005,551.0,12.0,16.710000000000022,14.0,16105.25,16089.38,Purchase,Grocery,Mobile,Jakarta,Rendah,0
31.739999999999995,1423.0,11.0,25.81999999999998,14.0,4933.07,4901.33,Purchase,Grocery,Mobile,Jakarta,Rendah,0
538.26,96.0,2.999999999999999,457.1,1.0,1196.8099999999995,658.5500000000002,Withdrawal,Electronics,Mobile,Jakarta,Tinggi,3
124.55,296.0000000000001,7.0,122.24,17.0,3712.15,3587.6,Transfer,Travel,Tablet,Surabaya,Rendah,2
25.58,870.0,4.0,25.439999999999998,10.0,5397.69,5372.11,Purchase,Food,Mobile,Denpasar,Rendah,0
388.14,569.0,7.0,282.72,22.0,10180.98,9792.84,Transfer,Fashion,Mobile,Medan,Sedang,3
65.88,111.0,9.0,50.139999999999986,3.0,3840.79,3774.91,Payment,Travel,Tablet,Denpasar,Rendah,0
44.47999999999999,2094.0,15.0,46.140000000000015,15.0,13512.11,13467.63,Purchase,Grocery,Mobile,Surabaya,Rendah,2
33.96000000000001,2400.0,13.0,31.269999999999996,19.0,2302.15,2268.19,Payment,Food,Desktop,Bandung,Rendah,0
17.5,1617.0,8.0,17.980000000000018,12.0,14490.85,14473.35,Purchase,Food,Mobile,Denpasar,Rendah,0
232.45,1155.0,6.0,191.3,0.0,3699.81,3467.36,Transfer,Travel,Mobile,Jakarta,Sedang,1
44.65000000000002,2229.0,8.0,41.18000000000001,17.0,10572.9,10528.25,Purchase,Food,Mobile,Jakarta,Rendah,0
175.07,696.0,4.0,147.39,0.0,3647.43,3472.36,Payment,Travel,Tablet,Surabaya,Rendah,2
177.08,511.0,2.999999999999999,170.91,9.0,1365.1400000000008,1188.0599999999995,Transfer,Travel,Mobile,Surabaya,Rendah,2
75.73,969.0,6.0,72.57,11.0,6140.92,6065.19,Transfer,Electronics,Desktop,Bandung,Rendah,3
143.42,1081.0,2.999999999999999,148.95,12.0,1924.13,1780.71,Transfer,Travel,Mobile,Jakarta,Rendah,0
20.569999999999993,681.0,10.0,17.28,13.0,7032.07,7011.5,Payment,Food,Mobile,Surabaya,Rendah,2
22.960000000000008,2746.0,7.0,21.489999999999995,12.0,10069.13,10046.17,Purchase,Grocery,Mobile,Jakarta,Rendah,0
312.19,853.0,5.0,251.52999999999997,7.0,4418.06,4105.87,Transfer,Fashion,Mobile,Denpasar,Sedang,3
13.509999999999991,2158.0,10.0,10.769999999999996,8.0,7104.98,7091.47,Purchase,Grocery,Mobile,Jakarta,Rendah,0
34.75,703.0,8.0,26.0,15.0,2902.56,2867.81,Purchase,Food,Mobile,Denpasar,Rendah,0
52.71000000000001,530.0,14.0,56.879999999999995,8.0,2889.15,2836.44,Purchase,Grocery,Mobile,Denpasar,Rendah,0
54.72000000000001,2990.0,14.0,58.0,10.0,3259.98,3205.26,Purchase,Grocery,Mobile,Jakarta,Rendah,0
28.22,465.0,16.0,28.629999999999995,17.0,6866.96,6838.74,Purchase,Food,Mobile,Jakarta,Rendah,0
55.59,1436.0,10.0,47.97,19.0,2145.03,2089.44,Purchase,Fashion,Mobile,Jakarta,Rendah,0
7.139999999999986,565.0,16.0,7.72999999999999,17.0,9701.73,9694.59,Payment,Grocery,Mobile,Surabaya,Rendah,2
206.15,496.0,2.999999999999999,189.54,4.0,6095.71,5889.56,Transfer,Travel,Mobile,Medan,Sedang,1
412.6,328.0,4.0,331.81,22.0,11615.85,11203.25,Transfer,Travel,Desktop,Jakarta,Tinggi,1
11.610000000000014,2365.0,14.0,12.569999999999993,15.0,2330.61,2319.0,Purchase,Grocery,Desktop,Denpasar,Rendah,0
37.34,2017.0,7.0,33.14,18.0,4967.23,4929.89,Purchase,Grocery,Mobile,Jakarta,Rendah,0
30.710000000000008,1156.0,14.0,28.499999999999986,16.0,8921.19,8890.48,Purchase,Grocery,Mobile,Bandung,Rendah,0
34.28,1279.0,11.0,30.049999999999997,8.0,2104.71,2070.43,Purchase,Grocery,Mobile,Medan,Rendah,2
224.14,658.0,2.999999999999999,231.5,1.0,3689.77,3465.63,Payment,Electronics,Tablet,Denpasar,Sedang,3
33.40000000000002,1227.0,5.0,32.36,18.0,6878.64,6845.24,Purchase,Food,Mobile,Medan,Rendah,2
139.88,261.0,6.0,144.82,8.0,6267.89,6128.01,Payment,Travel,Mobile,Denpasar,Rendah,0
25.210000000000008,2079.0,19.0,18.299999999999983,21.0,3699.71,3674.5,Payment,Grocery,Mobile,Surabaya,Rendah,2
33.69000000000001,399.0,4.0,27.67,16.0,8334.67,8300.98,Purchase,Fashion,Mobile,Jakarta,Rendah,3
237.9,448.0,4.0,185.93,17.0,4250.24,4012.34,Transfer,Travel,Mobile,Medan,Sedang,1
51.84000000000002,435.0,9.0,48.72,19.0,6539.77,6487.93,Purchase,Grocery,Mobile,Bandung,Rendah,0
26.61,2412.0,13.0,22.53,18.0,12391.28,12364.67,Purchase,Grocery,Desktop,Surabaya,Rendah,2
91.46000000000001,734.0,14.0,90.0,14.0,4207.15,4115.69,Purchase,Fashion,Desktop,Denpasar,Rendah,0
40.94,2357.0,11.0,29.499999999999986,11.0,4516.94,4476.0,Payment,Food,Mobile,Denpasar,Rendah,0
184.57,784.0,7.0,158.85,4.0,2781.25,2596.68,Transfer,Travel,Desktop,Bandung,Rendah,0
16.52000000000001,1458.0,11.0,13.540000000000006,12.0,2435.07,2418.55,Purchase,Grocery,Mobile,Denpasar,Rendah,0
84.06,556.0,2.0,85.21,2.0,2003.6800000000003,1919.62,Payment,Electronics,Mobile,Jakarta,Rendah,3
81.3,666.0,5.0,81.41,18.0,3528.1100000000006,3446.8099999999995,Transfer,Travel,Mobile,Denpasar,Rendah,0
262.06,1176.0,4.0,220.31,8.0,2041.33,1779.27,Transfer,Fashion,Desktop,Bandung,Sedang,3
92.2,204.0,7.0,100.8,19.0,15863.22,15771.02,Transfer,Travel,Mobile,Medan,Rendah,2
75.58,832.0,14.0,79.92,10.0,12819.38,12743.8,Purchase,Food,Mobile,Denpasar,Rendah,0
30.86,1482.0,12.0,29.25999999999999,21.0,3287.87,3257.01,Purchase,Grocery,Mobile,Surabaya,Rendah,2
477.12,174.0,2.999999999999999,474.87,2.0,1136.29,659.1700000000001,Withdrawal,Travel,Desktop,Bandung,Tinggi,1
29.93000000000002,628.0,4.0,27.22999999999999,17.0,3639.46,3609.53,Transfer,Travel,Desktop,Surabaya,Rendah,2
12.759999999999991,2264.0,20.0,12.829999999999998,10.0,3992.78,3980.02,Purchase,Food,Mobile,Jakarta,Rendah,0
222.16,575.0,2.0,182.67,6.0,1583.2499999999995,1361.0900000000001,Transfer,Travel,Mobile,Bandung,Sedang,1
19.28,757.0,18.0,19.370000000000005,18.0,6550.43,6531.15,Purchase,Fashion,Desktop,Denpasar,Rendah,0
15.97999999999999,2709.0,12.0,12.989999999999995,11.0,5443.0,5427.02,Purchase,Food,Mobile,Medan,Rendah,2
316.14,804.0,4.0,284.94,12.0,4356.69,4040.55,Transfer,Fashion,Tablet,Jakarta,Sedang,3
91.26999999999998,991.0,5.0,63.91,2.0,3065.59,2974.32,Transfer,Fashion,Mobile,Denpasar,Rendah,3
26.849999999999994,1944.0,13.0,29.480000000000004,8.0,10864.07,10837.22,Purchase,Grocery,Mobile,Bandung,Rendah,0
81.51,399.0,7.0,62.49000000000001,14.0,1379.1999999999994,1297.69,Payment,Travel,Mobile,Jakarta,Rendah,0
561.22,971.0,7.0,550.71,19.0,6164.18,5602.96,Transfer,Travel,Mobile,Denpasar,Tinggi,1
36.5,2602.0,9.0,31.439999999999998,17.0,1807.0699999999997,1770.5699999999997,Purchase,Fashion,Mobile,Bandung,Rendah,0
567.0,61.0,2.999999999999999,544.54,1.0,3960.35,3393.3500000000004,Withdrawal,Travel,Mobile,Medan,Tinggi,1
29.620000000000005,1503.0,11.0,23.78,17.0,11692.35,11662.73,Purchase,Grocery,Desktop,Medan,Rendah,2
161.67,183.0,5.0,139.99,23.0,3706.38,3544.71,Transfer,Fashion,Tablet,Surabaya,Rendah,2
46.71000000000001,941.0,15.0,49.90000000000002,15.0,14844.36,14797.65,Purchase,Food,Mobile,Denpasar,Rendah,0
342.95000000000005,527.0,2.999999999999999,287.54,7.0,6262.17,5919.22,Transfer,Travel,Desktop,Jakarta,Sedang,1
235.69,1015.0,7.0,170.92,13.0,2537.51,2301.82,Payment,Travel,Mobile,Denpasar,Sedang,0
17.74000000000001,1528.0,11.0,17.090000000000003,10.0,5422.5,5404.76,Purchase,Food,Mobile,Bandung,Rendah,0
361.15,83.0,2.999999999999999,317.5,0.0,5900.48,5539.33,Withdrawal,Electronics,Desktop,Denpasar,Sedang,3
157.25,1161.0,10.0,142.48,2.0,3925.54,3768.29,Transfer,Electronics,Mobile,Surabaya,Rendah,3
28.989999999999995,1115.0,13.0,26.03,15.0,9882.47,9853.48,Payment,Food,Mobile,Jakarta,Rendah,0
39.620000000000005,2050.0,9.0,33.379999999999995,10.0,3166.11,3126.49,Purchase,Food,Desktop,Jakarta,Rendah,0
359.85,61.0,4.0,291.97,4.0,5393.31,5033.46,Withdrawal,Travel,Desktop,Bandung,Sedang,1
358.31,22.0,2.0,256.19,5.0,3464.2699999999995,3105.96,Transfer,Electronics,Desktop,Jakarta,Sedang,3
160.79,986.0,5.0,152.14,20.0,2006.9099999999999,1846.12,Payment,Fashion,Desktop,Denpasar,Rendah,0
613.97,22.0,2.999999999999999,673.48,5.0,4840.71,4226.74,Transfer,Travel,Desktop,Surabaya,Sangat Tinggi,1
28.069999999999993,678.0,6.0,26.959999999999994,11.0,3062.4,3034.33,Purchase,Grocery,Desktop,Surabaya,Rendah,2
19.889999999999986,1783.0,11.0,18.059999999999988,18.0,2241.03,2221.14,Purchase,Grocery,Desktop,Denpasar,Rendah,0
25.74000000000001,1503.0,13.0,25.66000000000001,13.0,2809.85,2784.11,Purchase,Food,Mobile,Denpasar,Rendah,0
16.52000000000001,502.0,7.0,11.789999999999992,10.0,5452.07,5435.55,Payment,Food,Mobile,Medan,Rendah,2
338.03,216.0,7.0,314.03,15.0,6074.95,5736.92,Payment,Fashion,Desktop,Surabaya,Sedang,3
162.43,1126.0,6.0,121.91,6.0,2897.92,2735.49,Transfer,Electronics,Desktop,Medan,Rendah,3
21.920000000000016,487.0,11.0,19.409999999999982,14.0,14930.19,14908.27,Payment,Food,Mobile,Surabaya,Rendah,2
241.36,310.0,8.0,205.51,22.0,9707.55,9466.19,Payment,Electronics,Tablet,Denpasar,Sedang,3
110.58,742.0,7.0,84.55,3.0,10032.33,9921.75,Payment,Fashion,Mobile,Denpasar,Rendah,0
26.36999999999999,2088.0,6.0,26.11999999999999,21.0,5999.33,5972.96,Purchase,Food,Mobile,Medan,Rendah,2
40.74000000000001,2564.0,12.0,31.89,11.0,4034.83,3994.09,Purchase,Food,Mobile,Bandung,Rendah,0
31.200000000000003,1880.0,7.0,30.810000000000002,11.0,7010.74,6979.54,Payment,Grocery,Mobile,Jakarta,Rendah,0
148.26,796.0,4.0,112.38,10.0,1716.13,1567.8699999999994,Payment,Electronics,Mobile,Surabaya,Rendah,3
78.57,424.0,2.999999999999999,81.3,9.0,5267.96,5189.39,Transfer,Electronics,Tablet,Denpasar,Rendah,3
32.22999999999999,1660.0,15.0,28.980000000000004,13.0,11068.58,11036.35,Purchase,Grocery,Mobile,Medan,Rendah,2
161.55,551.0,5.0,146.92,0.0,3546.1,3384.55,Transfer,Travel,Desktop,Bandung,Rendah,1
101.52,1044.0,5.0,82.81,22.0,2141.18,2039.6599999999999,Transfer,Travel,Desktop,Medan,Rendah,2
38.650000000000006,1511.0,15.0,38.44,20.0,2629.7,2591.05,Purchase,Food,Mobile,Medan,Rendah,2
309.88,1117.0,2.999999999999999,271.67,16.0,2505.61,2195.73,Transfer,Travel,Desktop,Jakarta,Sedang,1
253.73,739.0,6.0,251.79,12.0,3840.24,3586.51,Transfer,Fashion,Mobile,Surabaya,Sedang,3
204.9,912.0,2.999999999999999,172.37,5.0,4373.08,4168.18,Transfer,Fashion,Desktop,Jakarta,Sedang,3
202.05,1012.0,6.0,207.97,3.0,5738.6,5536.55,Payment,Fashion,Desktop,Denpasar,Rendah,3
283.55,1064.0,7.0,231.06,23.0,3872.82,3589.27,Payment,Travel,Mobile,Jakarta,Sedang,0
28.460000000000008,1954.0,12.0,28.22,9.0,3671.23,3642.77,Purchase,Food,Mobile,Bandung,Rendah,0
778.49,35.0,1.0,702.55,0.0,5904.69,5126.2,Withdrawal,Travel,Mobile,Denpasar,Sangat Tinggi,1
164.55,789.0,4.0,119.11,11.0,2478.36,2313.81,Transfer,Travel,Desktop,Surabaya,Rendah,2
44.19,902.0,17.0,31.120000000000005,18.0,5526.23,5482.04,Purchase,Grocery,Mobile,Denpasar,Rendah,0
19.870000000000005,1775.0,12.0,20.86,17.0,2093.99,2074.12,Payment,Food,Mobile,Surabaya,Rendah,2
290.08,341.0,6.0,280.91,8.0,7350.97,7060.89,Transfer,Electronics,Mobile,Denpasar,Sedang,3
34.25999999999998,1217.0,19.0,30.75,21.0,809.4799999999996,775.2200000000003,Purchase,Grocery,Desktop,Denpasar,Rendah,0
14.590000000000003,1189.0,8.0,11.200000000000003,12.0,5881.49,5866.9,Purchase,Food,Mobile,Denpasar,Rendah,0
34.3,1411.0,17.0,30.760000000000005,14.0,1890.81,1856.5100000000002,Purchase,Grocery,Mobile,Jakarta,Rendah,0
44.91,1486.0,9.0,34.24000000000002,18.0,3530.92,3486.01,Purchase,Grocery,Desktop,Bandung,Rendah,0
35.129999999999995,2317.0,10.0,37.599999999999994,17.0,4543.47,4508.34,Payment,Fashion,Desktop,Medan,Rendah,2
19.27000000000001,1468.0,15.0,16.58,12.0,4763.85,4744.58,Payment,Grocery,Mobile,Jakarta,Rendah,0
98.5,358.0,2.999999999999999,76.38,2.0,4169.94,4071.44,Transfer,Electronics,Tablet,Medan,Rendah,3
32.629999999999995,1160.0,12.0,34.02000000000001,9.0,10968.92,10936.29,Purchase,Fashion,Mobile,Surabaya,Rendah,2
121.14,630.0,4.0,111.22,3.0,3270.29,3149.15,Transfer,Electronics,Desktop,Jakarta,Rendah,3
265.42,784.0,2.999999999999999,202.68,5.0,3545.49,3280.07,Payment,Travel,Mobile,Denpasar,Sedang,1
111.69,549.0,2.0,118.26,2.0,2643.05,2531.36,Transfer,Travel,Desktop,Denpasar,Rendah,1
284.82,1139.0,10.0,309.13,8.0,1116.3500000000004,831.5299999999997,Transfer,Travel,Tablet,Medan,Sedang,1
46.25999999999998,1263.0,10.0,44.89,20.0,5066.05,5019.79,Purchase,Grocery,Mobile,Bandung,Rendah,0
20.439999999999998,2852.0,9.0,18.799999999999997,9.0,2822.69,2802.25,Payment,Grocery,Mobile,Denpasar,Rendah,0
74.76,941.0,2.999999999999999,76.82,15.0,3777.51,3702.75,Transfer,Travel,Mobile,Bandung,Rendah,0
249.47,838.0,5.0,194.77,7.0,1725.3899999999999,1475.9200000000005,Transfer,Electronics,Desktop,Medan,Sedang,3
21.939999999999998,1289.0,12.0,20.72,12.0,2482.95,2461.01,Purchase,Food,Desktop,Denpasar,Rendah,0
25.05000000000001,1253.0,20.0,17.930000000000007,8.0,3953.81,3928.76,Purchase,Food,Desktop,Bandung,Rendah,0
39.459999999999994,494.0,7.0,37.92,11.0,1843.5900000000006,1804.13,Purchase,Grocery,Desktop,Jakarta,Rendah,0
15.120000000000005,2345.0,15.0,12.879999999999995,13.0,11510.79,11495.67,Payment,Fashion,Mobile,Denpasar,Rendah,0
21.680000000000007,1220.0,12.0,16.89,21.0,7578.05,7556.37,Payment,Grocery,Mobile,Jakarta,Rendah,0
264.35,13.0,1.0,250.35,1.0,5066.96,4802.61,Withdrawal,Electronics,Desktop,Medan,Sedang,3
200.1,644.0,5.0,208.82,3.0,2811.01,2610.91,Payment,Electronics,Mobile,Surabaya,Rendah,3
132.41,704.0,5.0,103.93,6.0,14688.02,14555.61,Payment,Travel,Desktop,Jakarta,Rendah,0
610.74,165.9999999999999,0.0,539.77,0.0,12958.940000000002,12348.2,Withdrawal,Electronics,Desktop,Jakarta,Sangat Tinggi,3
15.969999999999999,2841.0,10.0,12.680000000000021,15.0,1282.63,1266.6599999999994,Purchase,Grocery,Mobile,Denpasar,Rendah,0
90.36,391.0,8.0,88.05,2.0,7736.53,7646.17,Payment,Travel,Desktop,Jakarta,Rendah,0
640.92,2.0,2.0,477.49,4.0,9840.13,9199.21,Transfer,Electronics,Desktop,Jakarta,Sangat Tinggi,3
14.099999999999994,948.0,16.0,12.809999999999988,15.0,4317.29,4303.19,Purchase,Grocery,Mobile,Bandung,Rendah,0
589.22,104.0,1.0,596.48,0.0,8155.58,7566.36,Withdrawal,Travel,Mobile,Jakarta,Tinggi,1
306.17,421.0,5.0,292.12,22.0,2509.6,2203.43,Transfer,Travel,Desktop,Denpasar,Sedang,1
152.96,1016.0,4.0,147.58,21.0,4502.45,4349.49,Transfer,Travel,Desktop,Denpasar,Rendah,0
24.430000000000007,979.0,7.0,25.789999999999992,19.0,3042.39,3017.96,Purchase,Food,Mobile,Jakarta,Rendah,0
50.02000000000001,2793.0,14.0,47.120000000000005,12.0,1667.8599999999997,1617.8400000000001,Purchase,Grocery,Mobile,Bandung,Rendah,0
467.56,49.0,0.0,346.56,1.0,6442.14,5974.58,Withdrawal,Electronics,Mobile,Medan,Tinggi,3
31.049999999999983,2428.0,9.0,24.700000000000003,19.0,12599.9,12568.85,Payment,Food,Mobile,Surabaya,Rendah,2
30.970000000000013,1724.0,12.0,28.700000000000003,10.0,5390.58,5359.61,Purchase,Food,Mobile,Medan,Rendah,2
37.129999999999995,1691.0,8.0,30.33,10.0,5515.82,5478.69,Purchase,Grocery,Mobile,Medan,Rendah,2
21.069999999999993,2914.0,10.0,18.689999999999998,20.0,1260.9499999999998,1239.8799999999997,Purchase,Grocery,Mobile,Medan,Rendah,2
185.03,210.0000000000001,5.0,154.33,1.0,7322.55,7137.52,Transfer,Travel,Mobile,Jakarta,Rendah,1
29.370000000000005,2242.0,11.0,20.849999999999994,10.0,5900.35,5870.98,Payment,Grocery,Mobile,Medan,Rendah,2
42.870000000000005,825.0,10.0,33.16,11.0,4169.64,4126.77,Purchase,Grocery,Desktop,Surabaya,Rendah,2
32.78,944.0,8.0,34.99000000000001,5.0,9790.93,9758.15,Transfer,Electronics,Mobile,Bandung,Rendah,3
124.5,435.0,5.0,89.57,10.0,3426.9700000000003,3302.4700000000003,Transfer,Fashion,Mobile,Jakarta,Rendah,3
177.26,985.0,4.0,166.59,15.0,7876.16,7698.9,Transfer,Travel,Mobile,Jakarta,Rendah,0
147.29,284.0,8.0,126.39,15.0,7837.94,7690.65,Transfer,Electronics,Desktop,Surabaya,Rendah,3
119.8,429.0,8.0,129.06,9.0,9118.52,8998.72,Transfer,Travel,Desktop,Jakarta,Rendah,0
17.72999999999999,2160.0,9.0,14.5,17.0,5577.38,5559.65,Purchase,Fashion,Mobile,Surabaya,Rendah,2
180.51,340.0,2.0,128.57,16.0,2185.97,2005.46,Transfer,Electronics,Mobile,Bandung,Rendah,3
144.22,1090.0,2.999999999999999,158.5,8.0,6482.67,6338.45,Transfer,Electronics,Mobile,Bandung,Rendah,3
52.93000000000002,2685.0,12.0,50.21000000000001,14.0,6769.15,6716.22,Purchase,Food,Mobile,Jakarta,Rendah,0
38.99000000000001,600.0,14.0,38.68000000000001,12.0,5740.98,5701.99,Purchase,Fashion,Mobile,Bandung,Rendah,0
103.51999999999998,137.0,6.0,94.47,0.0,4643.11,4539.59,Transfer,Fashion,Mobile,Jakarta,Rendah,3
45.93000000000001,1834.0,14.0,36.64,20.0,3266.15,3220.22,Purchase,Grocery,Mobile,Denpasar,Rendah,0
467.5,288.9999999999999,2.0,345.71,21.0,8314.66,7847.16,Transfer,Electronics,Mobile,Medan,Tinggi,3
37.99000000000001,2148.0,13.0,34.36,17.0,13392.48,13354.490000000002,Purchase,Grocery,Mobile,Surabaya,Rendah,2
43.08,2268.0,13.0,38.66,8.0,12039.96,11996.88,Purchase,Grocery,Mobile,Denpasar,Rendah,0
221.59,957.0,4.0,199.38,2.0,2615.72,2394.13,Transfer,Electronics,Mobile,Jakarta,Sedang,3
40.91999999999999,1477.0,11.0,43.96000000000001,18.0,3960.45,3919.53,Purchase,Food,Mobile,Jakarta,Rendah,0
187.59,875.0,2.0,167.81,23.0,9158.87,8971.28,Transfer,Travel,Tablet,Surabaya,Rendah,2
73.17,2190.0,14.0,51.43000000000001,15.0,1155.0299999999997,1081.8599999999997,Purchase,Grocery,Mobile,Surabaya,Rendah,2
254.41,922.0,2.999999999999999,272.42,8.0,1011.1999999999998,756.79,Transfer,Electronics,Mobile,Denpasar,Sedang,3
402.09,370.0,7.0,350.27,12.0,5763.11,5361.02,Transfer,Travel,Tablet,Denpasar,Sedang,1
37.379999999999995,1352.0,13.0,37.11,17.0,8016.58,7979.2,Payment,Food,Mobile,Surabaya,Rendah,2
109.35,243.0,2.999999999999999,112.12,0.0,3159.16,3049.81,Transfer,Electronics,Mobile,Surabaya,Rendah,3
697.1799999999998,56.0,2.0,696.63,5.0,8366.66,7669.48,Withdrawal,Travel,Mobile,Medan,Sangat Tinggi,1
255.62,664.0,4.0,274.71,9.0,1690.2399999999998,1434.6200000000003,Transfer,Electronics,Desktop,Medan,Sedang,3
156.81,806.0,6.0,152.91,5.0,2382.61,2225.8,Transfer,Travel,Desktop,Bandung,Rendah,0
35.400000000000006,1289.0,9.0,31.310000000000002,10.0,6276.62,6241.22,Payment,Food,Mobile,Denpasar,Rendah,0
50.24000000000001,766.0,16.0,42.61,10.0,7448.02,7397.78,Purchase,Fashion,Mobile,Denpasar,Rendah,0
257.09,398.0,4.0,261.45,6.0,6830.93,6573.84,Payment,Travel,Desktop,Denpasar,Sedang,1
22.099999999999994,947.0,6.0,19.180000000000007,13.0,1849.1900000000005,1827.0900000000001,Purchase,Grocery,Mobile,Denpasar,Rendah,0
209.14,206.0000000000001,1.0,205.39,15.0,13248.189999999999,13039.05,Transfer,Electronics,Mobile,Medan,Sedang,3
50.629999999999995,2188.0,10.0,40.75999999999999,8.0,5241.2,5190.57,Purchase,Grocery,Mobile,Denpasar,Rendah,0
205.75,247.0,4.0,203.6,7.0,5396.97,5191.22,Transfer,Electronics,Desktop,Bandung,Sedang,3
15.909999999999997,1520.0,10.0,14.489999999999995,20.0,4428.79,4412.88,Purchase,Food,Mobile,Bandung,Rendah,0
197.97,992.0,6.0,211.29,21.0,1923.85,1725.88,Transfer,Electronics,Mobile,Surabaya,Rendah,3
140.37,2451.0,14.0,131.91,13.0,6062.3,5921.93,Payment,Food,Mobile,Surabaya,Rendah,2
61.849999999999994,154.0000000000001,4.0,51.81999999999999,21.0,1393.5099999999998,1331.6599999999999,Transfer,Fashion,Desktop,Denpasar,Rendah,3
22.74000000000001,2941.0,10.0,21.59999999999998,19.0,15598.85,15576.11,Purchase,Grocery,Desktop,Surabaya,Rendah,2
314.71,963.0,6.0,284.93,7.0,11840.91,11526.2,Transfer,Travel,Desktop,Medan,Sedang,1
30.03,547.0,8.0,31.060000000000002,9.0,3940.83,3910.8,Purchase,Grocery,Mobile,Medan,Rendah,2
458.5,540.0,4.0,336.42,16.0,11363.49,10904.99,Payment,Fashion,Desktop,Denpasar,Tinggi,3
58.0,537.0,10.0,41.03,14.0,7933.83,7875.83,Purchase,Fashion,Mobile,Surabaya,Rendah,2
208.38,144.0,2.999999999999999,150.9,9.0,3207.17,2998.79,Payment,Fashion,Desktop,Medan,Sedang,3
570.44,63.0,1.0,555.7,2.0,12034.35,11463.91,Withdrawal,Travel,Mobile,Medan,Tinggi,1
590.66,38.0,2.999999999999999,422.44,3.0,1154.87,564.21,Transfer,Travel,Desktop,Denpasar,Tinggi,1
63.8,198.0,5.0,47.02999999999999,14.0,1397.7399999999998,1333.94,Transfer,Travel,Mobile,Jakarta,Rendah,0
29.39,2973.0,16.0,26.560000000000002,9.0,7550.2,7520.81,Purchase,Fashion,Mobile,Bandung,Rendah,0
134.05,533.0,8.0,108.28,4.0,1007.0599999999995,873.0100000000002,Transfer,Electronics,Mobile,Jakarta,Rendah,3
150.77,392.0,5.0,134.89,19.0,5497.87,5347.1,Transfer,Travel,Mobile,Surabaya,Rendah,2
29.499999999999986,1814.0,9.0,21.64,11.0,3510.7,3481.2,Purchase,Grocery,Desktop,Bandung,Rendah,0
138.84,600.0,6.0,99.08,10.0,7189.03,7050.19,Payment,Fashion,Mobile,Surabaya,Rendah,2
447.98,1009.0,7.0,367.23,4.0,8366.38,7918.4,Transfer,Electronics,Mobile,Medan,Tinggi,3
33.69000000000001,2984.0,16.0,33.78,21.0,12820.08,12786.39,Purchase,Grocery,Mobile,Medan,Rendah,2
263.2,1048.0,6.0,200.34,17.0,5836.33,5573.13,Transfer,Fashion,Desktop,Bandung,Sedang,3
26.650000000000006,1683.0,15.0,28.019999999999996,12.0,6077.73,6051.08,Purchase,Grocery,Mobile,Medan,Rendah,2
184.72,1197.0,4.0,161.46,8.0,5142.75,4958.03,Payment,Travel,Desktop,Denpasar,Rendah,0
94.53,1199.0,4.0,92.51999999999998,6.0,5714.28,5619.75,Payment,Electronics,Desktop,Medan,Rendah,3
178.79,1060.0,4.0,184.14,5.0,13037.05,12858.26,Payment,Electronics,Mobile,Surabaya,Rendah,3
436.57,36.0,0.0,307.65,5.0,470.3599999999997,33.789999999999964,Transfer,Electronics,Desktop,Jakarta,Tinggi,3
197.29,710.0,6.0,170.22,15.0,1728.7799999999993,1531.4899999999998,Payment,Travel,Mobile,Surabaya,Rendah,2
97.83,1142.0,2.999999999999999,68.53,8.0,7073.41,6975.58,Transfer,Travel,Tablet,Denpasar,Rendah,0
205.86,288.0,10.0,163.21,10.0,5543.01,5337.15,Payment,Electronics,Mobile,Surabaya,Sedang,3
10.180000000000007,2239.0,21.0,10.489999999999995,18.0,4040.9,4030.72,Purchase,Grocery,Mobile,Medan,Rendah,2
29.700000000000003,1126.0,10.0,28.299999999999997,14.0,4151.85,4122.15,Purchase,Grocery,Mobile,Medan,Rendah,2
37.49000000000001,1541.0,16.0,36.00999999999999,17.0,7341.03,7303.54,Payment,Grocery,Mobile,Surabaya,Rendah,2
25.44999999999999,1687.0,13.0,20.249999999999986,18.0,3624.78,3599.33,Purchase,Fashion,Mobile,Medan,Rendah,2
52.650000000000006,1029.0,7.0,49.43000000000001,8.0,9972.64,9919.99,Transfer,Travel,Mobile,Surabaya,Rendah,2
32.08,661.0,8.0,26.010000000000005,11.0,4358.37,4326.29,Purchase,Fashion,Mobile,Jakarta,Rendah,0
620.9299999999998,917.0,6.0,501.65000000000003,22.0,1816.3900000000008,1195.46,Transfer,Electronics,Mobile,Medan,Sangat Tinggi,3
390.08000000000004,656.0,6.0,363.35,2.0,4272.85,3882.77,Transfer,Fashion,Mobile,Bandung,Sedang,3
22.210000000000008,1705.0,9.0,20.879999999999995,14.0,7221.21,7199.0,Purchase,Food,Mobile,Jakarta,Rendah,0
32.91,966.0,12.0,31.849999999999994,16.0,3760.78,3727.87,Purchase,Grocery,Mobile,Bandung,Rendah,0
273.7,260.0,4.0,219.78,3.0,2535.63,2261.93,Transfer,Travel,Mobile,Jakarta,Sedang,1
75.46,589.0,7.0,57.5,8.0,9256.42,9180.96,Transfer,Travel,Mobile,Denpasar,Rendah,0
18.569999999999993,1298.0,13.0,19.440000000000012,8.0,2410.55,2391.98,Purchase,Food,Mobile,Surabaya,Rendah,2
113.91,902.0,5.0,88.06,7.0,3575.83,3461.92,Transfer,Fashion,Desktop,Bandung,Rendah,3
34.56999999999999,1246.0,9.0,26.72,11.0,4692.06,4657.49,Payment,Fashion,Mobile,Jakarta,Rendah,0
151.26,824.0,2.0,126.85,7.0,3320.93,3169.67,Transfer,Fashion,Desktop,Surabaya,Rendah,3
361.25,101.0,5.0,361.94000000000005,1.0,11154.58,10793.33,Withdrawal,Travel,Mobile,Bandung,Sedang,1
638.67,94.0,2.0,688.23,2.0,6732.21,6093.54,Withdrawal,Electronics,Desktop,Medan,Sangat Tinggi,3
217.99,946.0,2.0,186.53,20.0,1509.3999999999996,1291.4099999999999,Transfer,Fashion,Tablet,Jakarta,Sedang,3
56.25,742.0,19.0,56.44,14.0,3806.36,3750.11,Purchase,Fashion,Mobile,Denpasar,Rendah,0
149.01,589.0,4.0,132.89,12.0,3232.41,3083.4,Payment,Electronics,Mobile,Denpasar,Rendah,3
91.8,191.9999999999999,5.0,92.85999999999999,23.0,11332.32,11240.52,Transfer,Travel,Tablet,Medan,Rendah,2
23.47999999999999,2273.0,12.0,25.590000000000003,21.0,2284.82,2261.34,Purchase,Food,Desktop,Medan,Rendah,2
18.78,2200.0,13.0,17.61,18.0,2810.72,2791.94,Purchase,Grocery,Mobile,Medan,Rendah,2
712.0999999999999,83.0,2.0,626.11,2.0,6988.13,6276.03,Withdrawal,Electronics,Mobile,Surabaya,Sangat Tinggi,3
93.71,326.0,2.0,90.26,14.0,2278.64,2184.93,Transfer,Travel,Mobile,Surabaya,Rendah,2
32.04999999999998,1315.0,5.0,24.42,21.0,3304.79,3272.74,Purchase,Fashion,Mobile,Medan,Rendah,2
49.09,1805.0,9.0,52.55000000000001,10.0,1462.2899999999995,1413.1999999999994,Payment,Fashion,Mobile,Jakarta,Rendah,0
20.97999999999999,1376.0,15.0,20.069999999999993,12.0,4807.69,4786.71,Purchase,Food,Desktop,Jakarta,Rendah,0
505.23,159.0,2.999999999999999,425.53,0.0,3859.75,3354.52,Withdrawal,Electronics,Desktop,Denpasar,Tinggi,3
510.17,157.0,2.0,434.68,1.0,4064.93,3554.76,Withdrawal,Travel,Desktop,Medan,Tinggi,1
32.55999999999999,1147.0,9.0,29.870000000000005,12.0,3789.61,3757.05,Purchase,Grocery,Mobile,Surabaya,Rendah,2
453.4,339.0,4.0,406.62,7.0,7642.34,7188.94,Transfer,Electronics,Desktop,Surabaya,Tinggi,3
17.24000000000001,965.0,15.0,15.710000000000022,20.0,16136.67,16119.43,Purchase,Grocery,Desktop,Bandung,Rendah,0
251.49,565.0,1.0,228.46000000000004,9.0,10711.14,10459.65,Payment,Fashion,Tablet,Medan,Sedang,3
22.00999999999999,693.0,8.0,16.239999999999995,21.0,6485.15,6463.14,Purchase,Grocery,Mobile,Medan,Rendah,2
625.12,161.9999999999999,1.0,577.82,2.0,6537.9,5912.78,Withdrawal,Travel,Mobile,Denpasar,Sangat Tinggi,1
35.89,2116.0,13.0,35.99000000000001,13.0,3623.51,3587.62,Purchase,Grocery,Mobile,Denpasar,Rendah,0
162.09,819.0,2.0,131.51,4.0,5784.69,5622.6,Transfer,Electronics,Desktop,Surabaya,Rendah,3
11.319999999999993,601.0,14.0,10.75,9.0,3659.86,3648.54,Purchase,Grocery,Desktop,Denpasar,Rendah,0
28.790000000000006,2633.0,14.0,31.120000000000005,20.0,4910.14,4881.35,Payment,Grocery,Mobile,Jakarta,Rendah,0
35.43999999999998,390.0,18.0,35.11,9.0,3037.27,3001.83,Purchase,Grocery,Mobile,Medan,Rendah,2
731.56,60.0,0.0,559.84,4.0,1756.17,1024.6099999999997,Withdrawal,Travel,Desktop,Surabaya,Sangat Tinggi,1
426.76,331.0,5.0,313.78999999999996,22.0,3137.0,2710.24,Transfer,Electronics,Desktop,Bandung,Tinggi,3
15.610000000000014,943.0,9.0,13.340000000000003,18.0,4908.41,4892.8,Payment,Grocery,Mobile,Medan,Rendah,2
567.3,108.0,2.0,508.27,1.0,6964.5,6397.2,Withdrawal,Electronics,Desktop,Denpasar,Tinggi,3
28.51000000000002,2265.0,11.0,20.120000000000005,14.0,8825.03,8796.52,Purchase,Grocery,Desktop,Jakarta,Rendah,0
43.269999999999996,938.0,5.0,37.09999999999998,7.0,3583.4300000000003,3540.16,Transfer,Fashion,Mobile,Surabaya,Rendah,2
99.25,426.0,2.999999999999999,75.6,4.0,4649.32,4550.07,Payment,Fashion,Tablet,Bandung,Rendah,0
41.55000000000001,1978.0,10.0,29.86,15.0,4930.32,4888.77,Payment,Grocery,Mobile,Bandung,Rendah,0
59.50999999999999,2088.0,9.0,59.56,10.0,2735.0,2675.49,Purchase,Grocery,Mobile,Surabaya,Rendah,2
253.82,985.0,4.0,217.95,2.0,1912.58,1658.7600000000002,Transfer,Travel,Mobile,Medan,Sedang,1
198.22,393.0,4.0,159.66,12.0,12909.259999999998,12711.04,Transfer,Electronics,Mobile,Jakarta,Rendah,3
104.70000000000002,1056.0,9.0,78.56,11.0,8404.5,8299.8,Payment,Fashion,Mobile,Bandung,Rendah,0
27.999999999999986,1597.0,13.0,23.97,21.0,13327.9,13299.9,Purchase,Grocery,Mobile,Jakarta,Rendah,0
17.210000000000008,1346.0,11.0,17.180000000000007,21.0,5086.06,5068.85,Purchase,Food,Mobile,Denpasar,Rendah,0
128.36,534.0,4.0,130.46,6.0,9414.08,9285.72,Transfer,Travel,Mobile,Denpasar,Rendah,0
361.23,723.0,7.0,358.99,16.0,3620.34,3259.11,Transfer,Electronics,Desktop,Bandung,Sedang,3
457.65,167.0,1.0,434.4,1.0,807.5100000000002,349.8599999999997,Transfer,Travel,Mobile,Jakarta,Tinggi,1
312.27,225.0000000000001,2.999999999999999,301.76,22.0,8425.47,8113.2,Transfer,Electronics,Tablet,Bandung,Sedang,3
82.36,2706.0,18.0,64.47,20.0,2053.04,1970.6800000000003,Purchase,Food,Mobile,Bandung,Rendah,0
166.27,636.0,9.0,163.81,3.0,843.6000000000004,677.3299999999999,Transfer,Travel,Tablet,Surabaya,Rendah,2
25.05000000000001,2808.0,21.0,23.00999999999999,21.0,2582.82,2557.77,Purchase,Fashion,Desktop,Bandung,Rendah,0
153.48,349.0,2.0,132.64,6.0,13559.07,13405.59,Transfer,Fashion,Tablet,Jakarta,Rendah,3
50.77000000000001,2370.0,14.0,54.94,12.0,3509.26,3458.49,Payment,Fashion,Desktop,Medan,Rendah,2
209.1,493.0,9.0,194.85,12.0,3138.48,2929.38,Transfer,Travel,Desktop,Medan,Sedang,1
27.500000000000014,1473.0,10.0,25.72,8.0,2470.86,2443.36,Purchase,Grocery,Mobile,Denpasar,Rendah,0
25.0,2922.0,14.0,25.939999999999998,8.0,1840.48,1815.48,Purchase,Grocery,Mobile,Denpasar,Rendah,0
415.67,693.0,4.0,441.19,18.0,1457.25,1041.58,Payment,Travel,Mobile,Medan,Tinggi,1
23.329999999999984,2472.0,12.0,22.900000000000006,19.0,9770.8,9747.47,Payment,Food,Mobile,Surabaya,Rendah,2
31.870000000000005,596.0,5.0,22.310000000000002,7.0,2967.42,2935.55,Transfer,Electronics,Mobile,Medan,Rendah,3
168.16,550.0,9.0,184.37,10.0,3222.29,3054.13,Transfer,Travel,Mobile,Jakarta,Rendah,0
46.34999999999998,2101.0,10.0,38.53999999999999,12.0,5460.48,5414.13,Purchase,Grocery,Mobile,Denpasar,Rendah,0
81.17,670.0,6.0,65.5,22.0,5610.74,5529.57,Payment,Electronics,Mobile,Medan,Rendah,2
35.06999999999999,1009.0,11.0,37.17,11.0,14146.74,14111.67,Purchase,Fashion,Mobile,Medan,Rendah,2
20.569999999999993,880.0,9.0,15.079999999999998,13.0,1732.69,1712.1200000000003,Purchase,Food,Mobile,Denpasar,Rendah,0
381.8299999999999,183.0,2.999999999999999,318.23,11.0,622.4200000000001,240.59000000000015,Transfer,Electronics,Desktop,Denpasar,Sedang,3
15.800000000000011,1714.0,10.0,17.219999999999985,11.0,3962.25,3946.45,Payment,Food,Mobile,Bandung,Rendah,0
37.86,1155.0,12.0,29.64,20.0,2634.89,2597.03,Payment,Fashion,Mobile,Denpasar,Rendah,0
565.46,44.0,2.999999999999999,515.37,3.0,6339.73,5774.27,Withdrawal,Travel,Desktop,Jakarta,Tinggi,1
20.829999999999984,2163.0,10.0,21.97,16.0,1631.4700000000003,1610.6400000000003,Purchase,Grocery,Mobile,Jakarta,Rendah,0
39.99000000000001,1692.0,7.0,40.56999999999999,21.0,4557.63,4517.64,Purchase,Grocery,Mobile,Medan,Rendah,2
17.670000000000016,766.0,13.0,16.289999999999992,10.0,4015.23,3997.56,Payment,Grocery,Mobile,Jakarta,Rendah,0
70.13,2107.0,13.0,71.38,11.0,3873.99,3803.86,Purchase,Grocery,Mobile,Surabaya,Rendah,2
60.64,818.0,11.0,56.96000000000001,20.0,2860.35,2799.71,Purchase,Food,Mobile,Surabaya,Rendah,2
278.37,1060.0,2.0,225.92,19.0,2545.87,2267.5,Payment,Travel,Mobile,Surabaya,Sedang,2
389.66,951.0,4.0,313.67,8.0,2345.96,1956.3000000000002,Transfer,Electronics,Mobile,Medan,Sedang,3
30.620000000000005,2708.0,12.0,26.620000000000005,13.0,4298.3,4267.68,Purchase,Grocery,Mobile,Jakarta,Rendah,0
484.02,3.0,5.0,446.39,4.0,8000.08,7516.06,Withdrawal,Electronics,Desktop,Surabaya,Tinggi,3
223.6,1031.0,10.0,208.32,8.0,6368.54,6144.94,Transfer,Electronics,Mobile,Bandung,Sedang,3
66.83,1429.0,11.0,64.76,18.0,7488.53,7421.7,Purchase,Grocery,Mobile,Jakarta,Rendah,0
36.879999999999995,2050.0,14.0,28.189999999999998,19.0,3624.37,3587.49,Purchase,Food,Mobile,Surabaya,Rendah,2
29.560000000000002,752.0,15.0,26.650000000000006,16.0,2509.61,2480.05,Purchase,Grocery,Mobile,Surabaya,Rendah,2
29.83999999999999,619.0,18.0,29.530000000000015,15.0,1683.92,1654.0800000000004,Purchase,Fashion,Mobile,Surabaya,Rendah,2
486.1,921.0,5.0,385.84000000000003,3.0,2021.1,1535.0,Payment,Travel,Mobile,Jakarta,Tinggi,1
29.18000000000002,1708.0,12.0,25.159999999999997,11.0,8143.17,8113.99,Purchase,Grocery,Mobile,Bandung,Rendah,0
36.25,695.0,18.0,29.549999999999997,17.0,7694.35,7658.1,Purchase,Food,Mobile,Surabaya,Rendah,2
95.28,1105.0,4.0,75.28,11.0,5249.75,5154.47,Transfer,Travel,Mobile,Surabaya,Rendah,2
227.82,1061.0,5.0,161.36,9.0,11089.91,10862.09,Payment,Travel,Mobile,Denpasar,Sedang,1
36.58,2781.0,8.0,37.68000000000001,17.0,3724.28,3687.7,Purchase,Food,Mobile,Jakarta,Rendah,0
179.56,1005.0,1.0,138.77,1.0,3261.81,3082.25,Transfer,Travel,Mobile,Medan,Rendah,1
632.66,480.0,5.0,682.33,8.0,5276.01,4643.35,Transfer,Electronics,Mobile,Surabaya,Sangat Tinggi,3
46.39,1043.0,15.0,45.22000000000001,8.0,2939.77,2893.38,Purchase,Grocery,Mobile,Surabaya,Rendah,2
29.069999999999993,670.0,12.0,27.379999999999995,16.0,5386.19,5357.12,Purchase,Fashion,Mobile,Bandung,Rendah,0
34.89,733.0,21.0,25.53,12.0,15896.82,15861.93,Purchase,Grocery,Mobile,Jakarta,Rendah,0
27.700000000000003,1938.0,13.0,29.210000000000008,14.0,9625.89,9598.19,Purchase,Grocery,Desktop,Bandung,Rendah,0
94.04000000000002,1193.0,7.0,81.26,18.0,2564.12,2470.08,Payment,Fashion,Mobile,Jakarta,Rendah,0
59.230000000000004,575.0,4.0,41.969999999999985,16.0,2413.08,2353.85,Payment,Travel,Mobile,Medan,Rendah,2
67.61,1302.0,17.0,67.3,21.0,8919.97,8852.36,Purchase,Grocery,Mobile,Bandung,Rendah,0
479.44,169.0000000000001,2.0,439.56,2.0,4739.69,4260.25,Withdrawal,Travel,Desktop,Bandung,Tinggi,1
20.0,2811.0,10.0,17.510000000000005,21.0,1995.3900000000003,1975.3900000000003,Purchase,Fashion,Mobile,Denpasar,Rendah,0
243.71,453.0,7.0,181.82,6.0,13982.96,13739.25,Transfer,Travel,Mobile,Jakarta,Sedang,1
65.63,1633.0,8.0,46.620000000000005,18.0,6706.12,6640.49,Purchase,Grocery,Mobile,Medan,Rendah,2
33.19,2160.0,14.0,24.650000000000006,15.0,11256.85,11223.66,Purchase,Grocery,Mobile,Jakarta,Rendah,0
20.94999999999999,423.0,10.0,14.870000000000019,17.0,11561.32,11540.37,Purchase,Grocery,Mobile,Jakarta,Rendah,0
174.93,322.0,6.0,157.56,13.0,4195.78,4020.85,Transfer,Travel,Mobile,Denpasar,Rendah,0
258.37,745.0,6.0,259.29,2.0,5476.85,5218.48,Transfer,Travel,Mobile,Surabaya,Sedang,1
23.44999999999999,1585.0,10.0,16.590000000000003,9.0,12370.33,12346.88,Purchase,Fashion,Mobile,Bandung,Rendah,0
78.55,1034.0,13.0,66.55,16.0,1807.6199999999994,1729.0699999999997,Purchase,Fashion,Mobile,Surabaya,Rendah,2
24.49000000000001,1411.0,11.0,26.75,8.0,6234.06,6209.57,Purchase,Grocery,Mobile,Bandung,Rendah,0
201.66,951.0,4.0,148.06,13.0,4504.52,4302.86,Payment,Travel,Desktop,Surabaya,Rendah,2
151.9,839.0,8.0,129.91,19.0,949.8999999999996,798.0,Payment,Travel,Desktop,Jakarta,Rendah,0
19.670000000000016,1656.0,9.0,19.139999999999986,13.0,2718.63,2698.96,Purchase,Fashion,Mobile,Surabaya,Rendah,2
19.819999999999993,444.0,10.0,15.920000000000002,19.0,3177.03,3157.21,Purchase,Fashion,Mobile,Denpasar,Rendah,0
255.83999999999997,61.0,0.0,227.28999999999996,5.0,13778.88,13523.04,Withdrawal,Electronics,Desktop,Surabaya,Sedang,3
215.31,116.99999999999989,8.0,181.14,2.0,10851.15,10635.84,Transfer,Electronics,Desktop,Medan,Sedang,3
276.15,711.0,4.0,218.67,11.0,7189.47,6913.32,Payment,Travel,Mobile,Denpasar,Sedang,1
251.85,641.0,5.0,266.35,21.0,2526.85,2275.0,Transfer,Travel,Mobile,Medan,Sedang,1
36.400000000000006,2311.0,18.0,36.870000000000005,16.0,3593.22,3556.82,Purchase,Grocery,Mobile,Jakarta,Rendah,0
271.74,629.0,5.0,290.84,0.0,7656.71,7384.97,Payment,Fashion,Desktop,Surabaya,Sedang,3
44.28,2220.0,14.0,43.27000000000001,20.0,1695.8500000000004,1651.5699999999993,Purchase,Grocery,Mobile,Bandung,Rendah,0
24.27000000000001,934.0,16.0,22.590000000000003,20.0,6712.59,6688.32,Purchase,Food,Mobile,Medan,Rendah,2
49.09,2220.0,21.0,34.879999999999995,21.0,623.1300000000001,574.04,Purchase,Fashion,Desktop,Bandung,Rendah,0
19.599999999999994,1776.0,11.0,17.879999999999995,18.0,5887.36,5867.76,Payment,Grocery,Mobile,Jakarta,Rendah,0
278.38,892.0,2.0,211.59,22.0,1161.7399999999998,883.3599999999997,Transfer,Travel,Mobile,Denpasar,Sedang,1
23.680000000000007,2723.0,13.0,17.61,19.0,7157.9,7134.22,Purchase,Grocery,Mobile,Denpasar,Rendah,0
347.69,954.0,7.0,261.96,6.0,15341.19,14993.5,Payment,Electronics,Tablet,Bandung,Sedang,3
155.93,161.9999999999999,5.0,160.26,15.0,9634.59,9478.66,Payment,Electronics,Desktop,Surabaya,Rendah,3
40.39,2444.0,18.0,43.95000000000002,12.0,4736.57,4696.18,Purchase,Food,Mobile,Denpasar,Rendah,0
35.34999999999998,2428.0,13.0,36.00999999999999,14.0,2605.16,2569.81,Purchase,Food,Mobile,Bandung,Rendah,0
261.55,247.9999999999999,6.0,272.15,8.0,5727.76,5466.21,Transfer,Travel,Desktop,Jakarta,Sedang,1
17.090000000000003,1146.0,10.0,12.319999999999979,17.0,3933.26,3916.17,Purchase,Grocery,Mobile,Medan,Rendah,2
23.370000000000005,2420.0,14.0,17.620000000000005,14.0,1236.25,1212.88,Purchase,Grocery,Mobile,Bandung,Rendah,0
17.28,1150.0,11.0,14.989999999999995,19.0,5299.01,5281.73,Purchase,Fashion,Mobile,Denpasar,Rendah,0
34.739999999999995,1086.0,17.0,25.72,13.0,3732.89,3698.15,Purchase,Food,Mobile,Jakarta,Rendah,0
45.25999999999998,1502.0,13.0,47.50999999999999,9.0,3185.41,3140.15,Purchase,Food,Mobile,Denpasar,Rendah,0
109.32,792.0,2.999999999999999,83.98,22.0,702.3599999999997,593.04,Transfer,Travel,Mobile,Jakarta,Rendah,0
437.79,1021.0,2.999999999999999,460.55000000000007,6.0,8880.92,8443.13,Transfer,Fashion,Mobile,Bandung,Tinggi,3
204.99,750.0,6.0,212.84,18.0,7462.54,7257.55,Payment,Travel,Tablet,Denpasar,Sedang,0
150.79,534.0,2.999999999999999,118.32,19.0,2215.8,2065.01,Payment,Travel,Desktop,Jakarta,Rendah,0
24.610000000000014,2305.0,11.0,19.379999999999995,16.0,4365.08,4340.47,Payment,Food,Mobile,Denpasar,Rendah,0
56.72999999999999,831.0,6.0,55.17,9.0,14212.36,14155.63,Transfer,Travel,Desktop,Denpasar,Rendah,0
46.42,1217.0,16.0,50.28,16.0,1822.8399999999997,1776.42,Payment,Grocery,Mobile,Denpasar,Rendah,0
116.59,826.0,4.0,84.95000000000002,12.0,2307.02,2190.43,Transfer,Electronics,Mobile,Bandung,Rendah,3
433.72,110.0,4.0,390.02,5.0,3238.17,2804.45,Transfer,Travel,Desktop,Medan,Tinggi,1
75.57,898.0,7.0,59.43000000000001,3.0,12100.63,12025.06,Transfer,Electronics,Mobile,Bandung,Rendah,3
408.31,26.0,1.0,322.71000000000004,3.0,3079.3,2670.99,Withdrawal,Travel,Desktop,Jakarta,Tinggi,1
529.18,170.0,0.0,479.13,3.0,6059.0,5529.82,Withdrawal,Travel,Mobile,Bandung,Tinggi,1
32.72999999999999,2687.0,10.0,28.960000000000008,13.0,14756.09,14723.36,Purchase,Food,Mobile,Medan,Rendah,2
17.870000000000005,480.0,11.0,17.019999999999996,21.0,7180.37,7162.5,Payment,Grocery,Desktop,Denpasar,Rendah,0
193.04,731.0,4.0,183.92,23.0,7752.42,7559.38,Transfer,Electronics,Tablet,Bandung,Rendah,3
147.63,208.0,6.0,129.51,18.0,1487.9200000000005,1340.29,Payment,Electronics,Desktop,Medan,Rendah,3
129.3,450.0,2.0,116.47,18.0,780.7799999999997,651.4799999999996,Transfer,Fashion,Mobile,Denpasar,Rendah,3
52.47,467.0,4.0,51.8,17.0,1230.0699999999997,1177.6000000000004,Transfer,Electronics,Tablet,Denpasar,Rendah,3
6.3300000000000125,2102.0,18.0,6.930000000000007,10.0,1638.37,1632.0399999999995,Purchase,Grocery,Desktop,Medan,Rendah,2
35.46000000000001,2276.0,12.0,36.599999999999994,21.0,4157.21,4121.75,Purchase,Grocery,Mobile,Surabaya,Rendah,2
32.92,1779.0,12.0,32.11,11.0,5314.85,5281.93,Purchase,Fashion,Mobile,Denpasar,Rendah,0
9.699999999999989,866.0,16.0,7.460000000000008,8.0,6961.5,6951.8,Purchase,Fashion,Desktop,Medan,Rendah,2
146.81,773.0,6.0,138.56,19.0,7350.65,7203.84,Payment,Electronics,Desktop,Medan,Rendah,3
790.04,88.0,2.999999999999999,565.92,5.0,4869.19,4079.15,Withdrawal,Travel,Mobile,Jakarta,Sangat Tinggi,1
431.25,827.0,2.999999999999999,395.58,22.0,13799.44,13368.19,Transfer,Fashion,Mobile,Jakarta,Tinggi,3
164.17,150.0000000000001,4.0,151.44,1.0,10801.64,10637.47,Transfer,Travel,Desktop,Denpasar,Rendah,1
32.31999999999999,2573.0,10.0,30.480000000000004,11.0,4436.08,4403.76,Purchase,Food,Desktop,Surabaya,Rendah,2
72.53,396.0,13.0,57.25,0.0,1898.7399999999998,1826.21,Transfer,Travel,Mobile,Medan,Rendah,2
240.17,1085.0,10.0,221.79,5.0,1125.4300000000003,885.2600000000002,Transfer,Electronics,Mobile,Surabaya,Sedang,3
27.590000000000018,1061.0,10.0,23.00999999999999,12.0,5027.46,4999.87,Purchase,Grocery,Mobile,Jakarta,Rendah,0
148.62,159.0,2.999999999999999,131.84,21.0,4491.9,4343.28,Transfer,Fashion,Mobile,Bandung,Rendah,3
26.500000000000014,712.0,9.0,19.039999999999992,11.0,3403.81,3377.3099999999995,Payment,Grocery,Mobile,Bandung,Rendah,0
135.79,1092.0,2.0,100.97,19.0,9082.34,8946.55,Payment,Travel,Mobile,Medan,Rendah,2
46.93000000000001,2649.0,9.0,37.00999999999999,21.0,3398.79,3351.86,Purchase,Grocery,Mobile,Medan,Rendah,2
67.46,1860.0,11.0,57.05,19.0,15547.45,15479.99,Purchase,Food,Mobile,Surabaya,Rendah,2
65.66,1054.0,8.0,64.95,18.0,2170.71,2105.05,Payment,Fashion,Mobile,Jakarta,Rendah,0
34.34,1637.0,10.0,36.56,14.0,8279.3,8244.96,Purchase,Grocery,Mobile,Jakarta,Rendah,0
306.77,762.0,9.0,316.98,4.0,6606.6,6299.83,Transfer,Travel,Mobile,Jakarta,Sedang,1
235.81,783.0,5.0,246.15000000000003,21.0,2547.44,2311.63,Transfer,Travel,Desktop,Denpasar,Sedang,1
35.22,1033.0,13.0,27.77000000000001,16.0,7744.96,7709.74,Purchase,Grocery,Mobile,Denpasar,Rendah,0
93.05000000000001,972.0,5.0,66.26,7.0,1237.3099999999995,1144.2600000000002,Payment,Fashion,Desktop,Surabaya,Rendah,2
20.420000000000016,1792.0,10.0,20.549999999999997,21.0,3682.33,3661.91,Purchase,Grocery,Mobile,Denpasar,Rendah,0
750.72,100.0,5.0,597.03,5.0,1574.29,823.5699999999997,Withdrawal,Travel,Desktop,Jakarta,Sangat Tinggi,1
19.189999999999998,1189.0,12.0,18.250000000000014,18.0,5373.3,5354.11,Payment,Grocery,Mobile,Denpasar,Rendah,0
16.69999999999999,539.0,12.0,18.129999999999995,9.0,9552.07,9535.37,Payment,Food,Mobile,Jakarta,Rendah,0
59.129999999999995,813.0,6.0,44.44,19.0,689.75,630.6199999999999,Payment,Fashion,Mobile,Bandung,Rendah,0
173.88,875.0,4.0,137.13,17.0,1760.4099999999999,1586.5299999999997,Payment,Electronics,Tablet,Surabaya,Rendah,2
14.099999999999994,2150.0,7.0,10.080000000000013,11.0,772.0100000000002,757.9099999999999,Purchase,Food,Mobile,Surabaya,Rendah,2
91.56,2793.0,16.0,91.45,15.0,4815.43,4723.87,Purchase,Food,Mobile,Surabaya,Rendah,2
134.02,908.0,2.999999999999999,138.11,4.0,1601.15,1467.13,Transfer,Travel,Desktop,Denpasar,Rendah,0
52.43000000000002,1636.0,12.0,41.39,12.0,4189.11,4136.68,Purchase,Grocery,Mobile,Denpasar,Rendah,0
84.14,2653.0,16.0,75.63,9.0,9673.88,9589.74,Purchase,Fashion,Mobile,Bandung,Rendah,0
14.960000000000008,1772.0,9.0,12.460000000000008,16.0,11712.21,11697.25,Purchase,Grocery,Mobile,Jakarta,Rendah,0
35.66,772.0,5.0,32.97,8.0,1421.3399999999997,1385.6799999999998,Purchase,Grocery,Mobile,Denpasar,Rendah,0
20.539999999999992,1880.0,15.0,21.909999999999997,10.0,7109.78,7089.24,Purchase,Grocery,Mobile,Jakarta,Rendah,0
41.06999999999999,739.0,12.0,43.06999999999999,11.0,1550.37,1509.2999999999997,Purchase,Food,Mobile,Denpasar,Rendah,0
11.090000000000003,1352.0,9.0,11.61,20.0,12524.36,12513.27,Purchase,Grocery,Desktop,Jakarta,Rendah,0
160.75,971.0,5.0,113.42,4.0,992.1700000000001,831.4200000000001,Transfer,Electronics,Mobile,Bandung,Rendah,3
45.10000000000001,1625.0,9.0,44.24000000000001,21.0,6813.57,6768.47,Purchase,Food,Mobile,Medan,Rendah,2
196.17,903.0,6.0,208.22,12.0,3869.61,3673.44,Payment,Travel,Desktop,Bandung,Rendah,0
144.16,599.0,6.0,142.49,20.0,7384.75,7240.59,Transfer,Electronics,Mobile,Surabaya,Rendah,3
626.13,96.0,2.999999999999999,543.8200000000002,0.0,8429.99,7803.86,Withdrawal,Travel,Desktop,Surabaya,Sangat Tinggi,1
33.80999999999999,530.0,9.0,31.640000000000015,15.0,8264.37,8230.56,Payment,Fashion,Desktop,Jakarta,Rendah,0
141.48,790.0,5.0,99.06,23.0,4293.62,4152.14,Transfer,Fashion,Mobile,Jakarta,Rendah,3
191.85,890.0,6.0,138.12,3.0,4976.09,4784.24,Payment,Electronics,Tablet,Surabaya,Rendah,3
766.1099999999999,40.0,2.999999999999999,639.0,0.0,2661.57,1895.46,Withdrawal,Travel,Desktop,Jakarta,Sangat Tinggi,1
38.59,649.0,12.0,38.56999999999999,12.0,8205.26,8166.67,Purchase,Fashion,Mobile,Surabaya,Rendah,2
73.84,647.0,17.0,72.77,10.0,3502.9,3429.0600000000004,Purchase,Food,Mobile,Surabaya,Rendah,2
49.22,2147.0,10.0,45.06,20.0,590.7600000000002,541.54,Purchase,Grocery,Mobile,Jakarta,Rendah,0
11.870000000000005,2063.0,18.0,11.000000000000014,10.0,2816.07,2804.2,Purchase,Food,Mobile,Medan,Rendah,2
682.26,20.0,2.0,545.77,5.0,2763.37,2081.11,Withdrawal,Electronics,Desktop,Medan,Sangat Tinggi,3
25.689999999999998,1892.0,21.0,27.319999999999993,8.0,551.5200000000004,525.8299999999999,Purchase,Food,Mobile,Jakarta,Rendah,0
54.61,1595.0,17.0,57.17,19.0,3209.27,3154.66,Purchase,Grocery,Desktop,Denpasar,Rendah,0
33.25999999999998,2674.0,13.0,29.499999999999986,12.0,4629.98,4596.72,Purchase,Grocery,Mobile,Surabaya,Rendah,2
25.650000000000006,679.0,11.0,21.460000000000008,10.0,9325.9,9300.25,Purchase,Grocery,Mobile,Jakarta,Rendah,0
19.960000000000008,2251.0,16.0,16.560000000000002,11.0,10700.7,10680.74,Purchase,Grocery,Mobile,Medan,Rendah,2
100.96,213.0,7.0,71.02,16.0,8314.6,8213.64,Transfer,Travel,Mobile,Bandung,Rendah,0
128.38,1028.0,4.0,119.76,6.0,7206.95,7078.57,Transfer,Travel,Tablet,Surabaya,Rendah,2
332.86,208.0,6.0,354.94,6.0,15060.02,14727.16,Transfer,Electronics,Desktop,Surabaya,Sedang,3
114.16,889.0,8.0,81.06,21.0,6218.18,6104.02,Payment,Electronics,Mobile,Surabaya,Rendah,2
15.530000000000001,2479.0,12.0,16.769999999999996,12.0,10285.92,10270.39,Purchase,Grocery,Mobile,Surabaya,Rendah,2
289.55,948.0,2.999999999999999,299.8,3.0,13944.05,13654.5,Payment,Travel,Tablet,Medan,Sedang,1
22.599999999999994,2791.0,15.0,19.059999999999988,21.0,9631.51,9608.91,Purchase,Grocery,Desktop,Surabaya,Rendah,2
72.16,1927.0,17.0,78.72,12.0,2328.19,2256.03,Purchase,Fashion,Mobile,Denpasar,Rendah,0
284.41,442.0,5.0,242.29,0.0,2039.4499999999998,1755.04,Transfer,Electronics,Desktop,Surabaya,Sedang,3
190.29,472.0,7.0,166.54,15.0,2656.3,2466.01,Transfer,Electronics,Tablet,Surabaya,Rendah,3
21.75,1561.0,11.0,23.560000000000002,18.0,4024.6,4002.85,Purchase,Grocery,Mobile,Surabaya,Rendah,2
210.7,144.0,7.0,222.02,11.0,3285.05,3074.35,Transfer,Electronics,Tablet,Medan,Sedang,3
269.85,175.0,4.0,207.2,16.0,10704.52,10434.67,Payment,Electronics,Mobile,Denpasar,Sedang,3
26.799999999999997,2950.0,15.0,26.78,21.0,16048.15,16021.35,Purchase,Grocery,Mobile,Bandung,Rendah,0
128.12,325.0,4.0,110.43,19.0,3158.65,3030.53,Transfer,Electronics,Mobile,Medan,Rendah,3
46.68000000000001,1742.0,6.0,42.920000000000016,10.0,2956.72,2910.04,Purchase,Food,Mobile,Jakarta,Rendah,0
14.289999999999992,2176.0,10.0,14.460000000000008,17.0,1304.92,1290.6300000000006,Purchase,Grocery,Mobile,Medan,Rendah,2
32.269999999999996,2647.0,14.0,29.37000000000002,16.0,5568.61,5536.34,Purchase,Food,Desktop,Surabaya,Rendah,2
491.93,40.0,2.999999999999999,528.3,3.0,3481.25,2989.32,Withdrawal,Electronics,Mobile,Jakarta,Tinggi,3
767.6799999999998,92.0,2.999999999999999,587.36,4.0,6733.56,5965.88,Withdrawal,Travel,Desktop,Medan,Sangat Tinggi,1
30.739999999999995,526.0,16.0,26.61,10.0,5031.17,5000.43,Purchase,Food,Mobile,Surabaya,Rendah,2
233.39,927.0,4.0,218.32,14.0,10485.39,10252.0,Transfer,Electronics,Desktop,Medan,Sedang,3
113.08,609.0,4.0,104.13,11.0,2575.78,2462.7,Transfer,Electronics,Desktop,Surabaya,Rendah,3
35.08,741.0,15.0,37.55,9.0,1417.4,1382.3199999999993,Payment,Grocery,Mobile,Denpasar,Rendah,0
242.28,104.0,4.0,240.75,0.0,2292.44,2050.16,Transfer,Electronics,Desktop,Medan,Sedang,3
406.12,1148.0,4.0,302.23,0.0,4552.37,4146.25,Payment,Travel,Mobile,Medan,Tinggi,1
52.71000000000001,2995.0,13.0,52.66,12.0,2701.93,2649.22,Purchase,Fashion,Mobile,Surabaya,Rendah,2
20.430000000000007,2538.0,10.0,16.629999999999995,9.0,2584.2,2563.77,Payment,Grocery,Mobile,Denpasar,Rendah,0
309.1,154.0000000000001,2.0,300.78,2.0,8860.06,8550.96,Transfer,Electronics,Desktop,Bandung,Sedang,3
40.349999999999994,2073.0,9.0,41.39,8.0,7527.83,7487.48,Purchase,Fashion,Mobile,Bandung,Rendah,0
24.079999999999984,1259.0,12.0,25.67,18.0,16148.5,16124.42,Purchase,Food,Mobile,Surabaya,Rendah,2
25.590000000000003,2696.0,11.0,24.959999999999994,17.0,1762.5299999999997,1736.94,Purchase,Food,Desktop,Surabaya,Rendah,2
26.14,2939.0,11.0,20.200000000000017,18.0,5813.04,5786.9,Purchase,Grocery,Mobile,Surabaya,Rendah,2
60.599999999999994,1558.0,7.0,58.0,14.0,3839.73,3779.13,Purchase,Grocery,Desktop,Bandung,Rendah,0
189.53,621.0,6.0,152.93,1.0,3764.79,3575.26,Payment,Travel,Desktop,Surabaya,Rendah,2
24.0,2306.0,6.0,19.170000000000016,10.0,4421.51,4397.51,Purchase,Grocery,Mobile,Jakarta,Rendah,0
129.69,770.0,1.0,123.51,13.0,11951.41,11821.72,Payment,Electronics,Mobile,Surabaya,Rendah,3
21.639999999999986,2780.0,14.0,22.169999999999987,18.0,4882.98,4861.34,Payment,Fashion,Mobile,Surabaya,Rendah,2
40.86,1800.0,9.0,39.39,17.0,11653.64,11612.78,Purchase,Food,Mobile,Medan,Rendah,2
325.38,862.0,7.0,326.12,10.0,1066.79,741.4099999999999,Transfer,Electronics,Mobile,Jakarta,Sedang,3
17.78,2016.0,10.0,13.300000000000011,8.0,13933.54,13915.76,Purchase,Grocery,Mobile,Jakarta,Rendah,0
21.97999999999999,751.0,17.0,15.450000000000003,18.0,6285.39,6263.41,Purchase,Grocery,Mobile,Bandung,Rendah,0
126.99,856.0,2.999999999999999,95.08,3.0,8445.28,8318.29,Payment,Travel,Tablet,Surabaya,Rendah,2
28.210000000000008,959.0,15.0,23.159999999999997,9.0,2911.04,2882.83,Purchase,Grocery,Mobile,Surabaya,Rendah,2
25.879999999999995,1258.0,17.0,23.359999999999985,9.0,2555.81,2529.93,Payment,Food,Mobile,Bandung,Rendah,0
12.289999999999992,388.0,10.0,12.61,9.0,5359.02,5346.73,Payment,Fashion,Desktop,Surabaya,Rendah,2
50.900000000000006,2871.0,7.0,41.879999999999995,12.0,16201.88,16150.98,Purchase,Fashion,Desktop,Surabaya,Rendah,2
33.59,698.0,8.0,32.36999999999999,11.0,2567.13,2533.54,Purchase,Food,Mobile,Jakarta,Rendah,0
52.83999999999999,2934.0,12.0,48.53999999999998,16.0,3656.29,3603.45,Purchase,Food,Desktop,Medan,Rendah,2
15.189999999999998,1403.0,18.0,10.920000000000016,14.0,7834.42,7819.23,Purchase,Food,Mobile,Bandung,Rendah,0
198.99,533.0,7.0,204.33,22.0,8779.13,8580.14,Payment,Travel,Mobile,Medan,Rendah,2
134.31,285.0000000000001,9.0,122.27,18.0,10989.76,10855.45,Transfer,Fashion,Desktop,Medan,Rendah,2
252.54,377.0,2.0,218.97,10.0,14688.89,14436.35,Transfer,Electronics,Mobile,Denpasar,Sedang,3
151.55,581.0,1.0,125.68,5.0,11996.73,11845.18,Payment,Electronics,Desktop,Denpasar,Rendah,3
26.64,2098.0,11.0,20.400000000000006,10.0,4520.44,4493.8,Purchase,Food,Desktop,Denpasar,Rendah,0
64.91,849.0,8.0,66.91,11.0,10681.18,10616.27,Payment,Food,Mobile,Jakarta,Rendah,0
29.400000000000006,1920.0,18.0,29.650000000000006,21.0,6136.95,6107.55,Purchase,Grocery,Mobile,Medan,Rendah,2
12.639999999999986,1429.0,15.0,9.989999999999995,20.0,1573.4300000000003,1560.7900000000004,Purchase,Fashion,Mobile,Surabaya,Rendah,2
144.46,258.0,6.0,113.71,21.0,5828.01,5683.55,Payment,Fashion,Tablet,Denpasar,Rendah,0
589.21,1033.0,5.0,443.3,11.0,4701.83,4112.62,Transfer,Fashion,Mobile,Medan,Tinggi,3
741.48,71.0,0.0,664.78,4.0,8727.61,7986.13,Withdrawal,Travel,Desktop,Bandung,Sangat Tinggi,1
182.52,895.0,2.999999999999999,133.19,5.0,1441.5300000000002,1259.0100000000007,Transfer,Travel,Desktop,Bandung,Rendah,0
110.82,912.0,2.0,96.35,9.0,1788.6600000000003,1677.8400000000001,Transfer,Electronics,Mobile,Denpasar,Rendah,3
60.150000000000006,423.0,8.0,62.34,14.0,4546.95,4486.8,Purchase,Grocery,Mobile,Medan,Rendah,2
28.76000000000002,705.0,8.0,31.239999999999995,9.0,4748.02,4719.26,Purchase,Grocery,Mobile,Denpasar,Rendah,0
28.079999999999984,2901.0,9.0,20.340000000000003,20.0,3749.6,3721.52,Purchase,Grocery,Mobile,Jakarta,Rendah,0
32.83,751.0,8.0,35.94000000000001,18.0,2476.96,2444.13,Payment,Fashion,Mobile,Medan,Rendah,2
43.769999999999996,1554.0,15.0,34.68000000000001,8.0,1209.0599999999995,1165.29,Purchase,Fashion,Mobile,Bandung,Rendah,0
42.17,2548.0,5.0,38.78999999999999,14.0,2232.16,2189.99,Payment,Food,Desktop,Surabaya,Rendah,2
293.34,915.0,5.0,222.6,19.0,5353.52,5060.18,Transfer,Travel,Tablet,Denpasar,Sedang,1
339.91999999999996,1022.0,5.0,250.64,7.0,4965.84,4625.92,Transfer,Electronics,Tablet,Medan,Sedang,3
259.77,201.0,4.0,195.06,23.0,6480.12,6220.35,Transfer,Travel,Mobile,Medan,Sedang,1
44.15000000000002,2299.0,16.0,35.93000000000001,19.0,6422.03,6377.88,Purchase,Grocery,Desktop,Jakarta,Rendah,0
33.10000000000001,511.0,6.0,23.700000000000003,23.0,3468.38,3435.2799999999997,Transfer,Fashion,Desktop,Surabaya,Rendah,2
136.39,681.0,2.0,127.6,23.0,6990.68,6854.29,Transfer,Travel,Desktop,Medan,Rendah,2
89.21,318.0,9.0,94.36,6.0,7034.4,6945.19,Transfer,Travel,Desktop,Bandung,Rendah,0
141.74,488.0,1.0,149.88,19.0,1063.7700000000004,922.0299999999997,Transfer,Electronics,Mobile,Medan,Rendah,3
135.69,129.0,1.0,137.89,19.0,15560.74,15425.05,Transfer,Travel,Mobile,Jakarta,Rendah,0
643.84,23.0,1.0,560.68,5.0,7443.1,6799.26,Transfer,Electronics,Mobile,Surabaya,Sangat Tinggi,3
197.9,1034.0,7.0,216.14,1.0,3573.12,3375.22,Payment,Travel,Mobile,Bandung,Rendah,0
78.08,1285.0,8.0,68.9,11.0,6372.16,6294.08,Purchase,Fashion,Mobile,Surabaya,Rendah,2
38.49000000000001,2956.0,15.0,32.53999999999999,9.0,1631.8999999999996,1593.4099999999994,Purchase,Food,Mobile,Denpasar,Rendah,0
39.849999999999994,1285.0,19.0,28.83,20.0,2718.55,2678.7,Payment,Grocery,Mobile,Surabaya,Rendah,2
29.970000000000013,1655.0,17.0,24.840000000000003,12.0,6123.19,6093.22,Purchase,Grocery,Mobile,Surabaya,Rendah,2
761.9199999999998,179.0,1.0,634.12,0.0,8641.36,7879.44,Transfer,Travel,Desktop,Jakarta,Sangat Tinggi,1
29.419999999999987,1160.0,14.0,22.58,18.0,3605.37,3575.95,Payment,Grocery,Mobile,Jakarta,Rendah,0
36.849999999999994,1240.0,12.0,26.129999999999995,16.0,5971.23,5934.38,Purchase,Grocery,Mobile,Denpasar,Rendah,0
18.090000000000003,1409.0,11.0,13.909999999999997,13.0,1864.6899999999996,1846.6,Purchase,Fashion,Mobile,Medan,Rendah,2
325.52,161.0000000000001,2.0,331.5400000000001,0.0,3672.11,3346.59,Withdrawal,Electronics,Desktop,Bandung,Sedang,3
54.5,1523.0,10.0,40.16000000000001,19.0,5892.47,5837.97,Purchase,Fashion,Mobile,Surabaya,Rendah,2
11.0,2224.0,13.0,11.469999999999999,20.0,8440.95,8429.95,Purchase,Grocery,Mobile,Jakarta,Rendah,0
34.83,2044.0,14.0,29.03,19.0,7520.34,7485.51,Purchase,Fashion,Mobile,Denpasar,Rendah,0
146.83,391.0,5.0,158.55,12.0,11124.58,10977.75,Payment,Electronics,Desktop,Bandung,Rendah,3
47.87000000000002,614.0,14.0,44.25,13.0,6537.32,6489.45,Purchase,Fashion,Mobile,Jakarta,Rendah,0
192.52,512.0,5.0,198.0,0.0,4238.56,4046.04,Transfer,Travel,Desktop,Bandung,Rendah,1
127.24,535.0,8.0,139.78,4.0,10382.7,10255.46,Transfer,Electronics,Tablet,Jakarta,Rendah,3
21.24000000000001,542.0,15.0,15.469999999999999,18.0,2644.94,2623.7,Purchase,Fashion,Mobile,Bandung,Rendah,0
59.17,719.0,15.0,45.95000000000002,14.0,2401.46,2342.29,Payment,Food,Mobile,Bandung,Rendah,0
17.659999999999997,747.0,18.0,13.150000000000006,20.0,6786.13,6768.47,Purchase,Food,Desktop,Denpasar,Rendah,0
23.99000000000001,2365.0,10.0,24.53,17.0,913.5500000000002,889.5599999999995,Purchase,Grocery,Mobile,Surabaya,Rendah,2
16.599999999999994,2856.0,15.0,18.010000000000005,15.0,3812.22,3795.62,Purchase,Grocery,Mobile,Medan,Rendah,2
42.41,885.0,15.0,43.72999999999999,18.0,5116.77,5074.36,Payment,Grocery,Mobile,Surabaya,Rendah,2
154.38,394.0,5.0,127.38,15.0,7776.32,7621.94,Payment,Travel,Desktop,Surabaya,Rendah,2
424.68,258.9999999999999,6.0,356.99,4.0,2404.83,1980.15,Transfer,Travel,Desktop,Bandung,Tinggi,1
61.28999999999999,543.0,10.0,54.56999999999999,13.0,8408.62,8347.33,Purchase,Food,Mobile,Denpasar,Rendah,0
81.51,657.0,4.0,84.37,14.0,8185.85,8104.34,Payment,Travel,Tablet,Medan,Rendah,2
264.45,1147.0,6.0,205.41,8.0,1613.79,1349.3399999999997,Transfer,Electronics,Mobile,Denpasar,Sedang,3
482.33,214.0000000000001,2.999999999999999,482.62,6.0,9283.17,8800.84,Payment,Fashion,Desktop,Bandung,Tinggi,3
122.68,1029.0,5.0,114.46,7.0,9470.61,9347.93,Payment,Electronics,Desktop,Denpasar,Rendah,3
140.91,903.0,7.0,110.62,11.0,7252.08,7111.17,Transfer,Electronics,Mobile,Surabaya,Rendah,3
24.860000000000014,2792.0,13.0,24.710000000000008,14.0,4173.25,4148.39,Payment,Food,Mobile,Medan,Rendah,2
189.95,386.0,2.999999999999999,150.36,18.0,1916.9899999999998,1727.04,Transfer,Fashion,Mobile,Medan,Rendah,3
26.269999999999996,1690.0,12.0,21.269999999999996,17.0,7760.0,7733.73,Purchase,Grocery,Mobile,Jakarta,Rendah,0
711.8299999999999,9.0,2.999999999999999,642.66,2.0,13105.260000000002,12393.43,Transfer,Travel,Desktop,Surabaya,Sangat Tinggi,1
40.870000000000005,2834.0,11.0,40.8,19.0,4537.33,4496.46,Purchase,Fashion,Mobile,Bandung,Rendah,0
37.49000000000001,1613.0,23.0,31.91000000000001,8.0,4958.08,4920.59,Purchase,Grocery,Desktop,Jakarta,Rendah,0
107.3,170.0,2.999999999999999,86.48,16.0,2917.89,2810.59,Transfer,Travel,Mobile,Medan,Rendah,2
11.669999999999987,404.0,17.0,10.069999999999993,20.0,7438.39,7426.72,Payment,Grocery,Desktop,Medan,Rendah,2
679.5899999999999,66.0,1.0,491.77,5.0,3518.61,2839.02,Withdrawal,Travel,Desktop,Jakarta,Sangat Tinggi,1
312.49,342.0,2.999999999999999,267.88,19.0,4213.2,3900.71,Payment,Electronics,Mobile,Denpasar,Sedang,3
194.95,1107.0,7.0,155.34,1.0,3477.45,3282.5,Transfer,Electronics,Tablet,Bandung,Rendah,3
52.540000000000006,2043.0,14.0,49.59,14.0,6832.91,6780.37,Purchase,Grocery,Mobile,Jakarta,Rendah,0
35.14,381.0,14.0,26.519999999999996,8.0,6358.42,6323.28,Purchase,Fashion,Desktop,Jakarta,Rendah,0
116.8,1062.0,8.0,97.62,8.0,2328.71,2211.91,Transfer,Fashion,Tablet,Denpasar,Rendah,0
48.75999999999999,1307.0,15.0,47.879999999999995,19.0,14171.13,14122.37,Payment,Food,Mobile,Bandung,Rendah,0
92.49,370.0,5.0,72.0,6.0,7904.05,7811.56,Transfer,Electronics,Tablet,Bandung,Rendah,3
50.920000000000016,2862.0,11.0,51.360000000000014,10.0,3927.6,3876.68,Purchase,Fashion,Mobile,Jakarta,Rendah,0
211.44,1106.0,2.0,182.34,10.0,4274.24,4062.8,Transfer,Travel,Mobile,Bandung,Sedang,1
587.8,48.0,1.0,434.34,3.0,3871.4,3283.6,Withdrawal,Electronics,Mobile,Denpasar,Tinggi,3
189.48,1114.0,4.0,197.95,21.0,2633.99,2444.51,Transfer,Electronics,Mobile,Jakarta,Rendah,3
179.38,633.0,4.0,170.94,17.0,6622.66,6443.28,Transfer,Electronics,Tablet,Denpasar,Rendah,3
123.72,1163.0,4.0,118.26,22.0,4346.29,4222.57,Transfer,Travel,Mobile,Bandung,Rendah,0
150.5,545.0,2.999999999999999,152.78,20.0,13992.08,13841.58,Transfer,Electronics,Desktop,Medan,Rendah,3
12.419999999999987,2676.0,13.0,11.129999999999995,11.0,610.6700000000001,598.25,Purchase,Food,Mobile,Surabaya,Rendah,2
32.15000000000002,2186.0,21.0,28.370000000000005,14.0,3029.02,2996.87,Payment,Food,Mobile,Bandung,Rendah,0
16.569999999999993,2285.0,13.0,17.159999999999997,13.0,2380.5,2363.93,Purchase,Food,Mobile,Bandung,Rendah,0
190.73,251.9999999999999,9.0,148.37,11.0,5937.11,5746.38,Payment,Fashion,Mobile,Denpasar,Rendah,0
33.31999999999999,677.0,9.0,28.400000000000006,16.0,4524.55,4491.23,Purchase,Food,Mobile,Surabaya,Rendah,2
17.22999999999999,1388.0,13.0,13.129999999999995,8.0,4339.66,4322.43,Purchase,Grocery,Mobile,Bandung,Rendah,0
119.81,176.0000000000001,2.999999999999999,91.33,9.0,7151.64,7031.83,Transfer,Travel,Tablet,Denpasar,Rendah,0
658.25,51.0,1.0,530.19,1.0,3151.38,2493.13,Transfer,Travel,Desktop,Denpasar,Sangat Tinggi,1
31.11,2425.0,0.0,29.939999999999998,9.0,9233.39,9202.28,Purchase,Grocery,Mobile,Medan,Rendah,2
32.90000000000002,2279.0,12.0,31.569999999999993,19.0,4858.14,4825.24,Purchase,Food,Mobile,Medan,Rendah,2
23.180000000000007,1048.0,9.0,20.47,13.0,9944.82,9921.64,Purchase,Fashion,Mobile,Surabaya,Rendah,2
21.349999999999994,2766.0,9.0,15.730000000000004,17.0,3822.46,3801.11,Payment,Fashion,Mobile,Jakarta,Rendah,0
243.61,819.0,4.0,220.11,5.0,3890.95,3647.34,Transfer,Electronics,Desktop,Bandung,Sedang,3
46.24000000000002,1363.0,9.0,48.28,19.0,4828.8,4782.56,Purchase,Grocery,Mobile,Medan,Rendah,2
20.310000000000002,2821.0,7.0,20.810000000000002,12.0,5775.31,5755.0,Purchase,Food,Mobile,Medan,Rendah,2
509.81,1174.0,4.0,535.0899999999999,10.0,2156.64,1646.8300000000004,Transfer,Electronics,Desktop,Medan,Tinggi,3
79.07,865.0,7.0,76.19,12.0,2914.19,2835.12,Transfer,Fashion,Desktop,Bandung,Rendah,0
275.2,590.0,2.0,262.41,22.0,7171.92,6896.72,Transfer,Electronics,Mobile,Surabaya,Sedang,3
13.530000000000001,1686.0,10.0,11.519999999999996,9.0,4194.53,4181.0,Purchase,Fashion,Mobile,Denpasar,Rendah,0
72.69,777.0,7.0,77.49,11.0,1601.3900000000003,1528.6999999999998,Transfer,Fashion,Mobile,Denpasar,Rendah,0
434.57,386.0,4.0,418.5,17.0,8245.73,7811.16,Transfer,Travel,Tablet,Jakarta,Tinggi,1
157.54,268.0,9.0,127.28,21.0,9773.82,9616.28,Transfer,Travel,Tablet,Medan,Rendah,2
24.930000000000007,2296.0,14.0,17.799999999999997,21.0,3552.78,3527.85,Purchase,Fashion,Mobile,Jakarta,Rendah,0
32.31999999999999,1647.0,13.0,27.599999999999994,21.0,9497.94,9465.62,Purchase,Food,Mobile,Medan,Rendah,2
39.56999999999999,763.0,5.0,39.45,11.0,9810.95,9771.38,Transfer,Electronics,Tablet,Denpasar,Rendah,3
372.8,461.0,10.0,284.78,14.0,4166.09,3793.29,Transfer,Electronics,Mobile,Jakarta,Sedang,3
35.5,2776.0,13.0,32.34,17.0,11923.64,11888.14,Purchase,Grocery,Mobile,Denpasar,Rendah,0
162.09,1066.0,14.0,139.03,7.0,1427.2399999999998,1265.1500000000005,Transfer,Travel,Mobile,Medan,Rendah,2
48.05,1182.0,18.0,35.84,18.0,5236.82,5188.77,Payment,Grocery,Mobile,Jakarta,Rendah,0
539.09,6.0,0.0,421.66,5.0,1514.9199999999996,975.8299999999999,Withdrawal,Electronics,Mobile,Medan,Tinggi,3
13.560000000000002,2572.0,9.0,10.809999999999988,12.0,7029.98,7016.42,Purchase,Fashion,Mobile,Medan,Rendah,2
34.94000000000001,794.0,11.0,36.97999999999999,11.0,1795.3999999999996,1760.46,Payment,Grocery,Mobile,Surabaya,Rendah,2
90.24,309.0,4.0,96.79,14.0,4568.43,4478.19,Payment,Fashion,Mobile,Medan,Rendah,2
20.680000000000007,519.0,16.0,20.210000000000008,9.0,2794.91,2774.23,Purchase,Food,Mobile,Bandung,Rendah,0
43.84,2065.0,6.0,47.150000000000006,21.0,6783.62,6739.78,Purchase,Food,Mobile,Surabaya,Rendah,2
371.77,30.0,2.999999999999999,271.49,5.0,6582.82,6211.05,Withdrawal,Electronics,Desktop,Jakarta,Sedang,3
238.26,760.0,2.0,180.23,5.0,3239.13,3000.87,Transfer,Fashion,Mobile,Jakarta,Sedang,3
662.4,148.0,2.0,634.3599999999999,2.0,1837.1199999999994,1174.7200000000003,Transfer,Travel,Desktop,Bandung,Sangat Tinggi,1
677.31,19.0,1.0,673.31,1.0,12207.98,11530.67,Withdrawal,Electronics,Desktop,Bandung,Sangat Tinggi,3
193.87,985.0,2.0,212.59,11.0,6310.56,6116.69,Transfer,Fashion,Mobile,Medan,Rendah,3
15.889999999999986,1971.0,10.0,16.519999999999996,18.0,4539.75,4523.86,Purchase,Food,Mobile,Denpasar,Rendah,0
42.72999999999999,2185.0,11.0,35.96000000000001,19.0,6627.16,6584.43,Purchase,Fashion,Mobile,Jakarta,Rendah,0
26.73999999999998,2910.0,10.0,21.409999999999982,16.0,7162.42,7135.68,Purchase,Grocery,Mobile,Medan,Rendah,2
202.06,881.0,2.0,198.79,12.0,2343.71,2141.65,Transfer,Fashion,Desktop,Medan,Rendah,3
384.24,778.0,5.0,374.3,16.0,6805.76,6421.52,Transfer,Fashion,Mobile,Bandung,Sedang,3
61.34,978.0,6.0,49.7,5.0,10567.64,10506.3,Payment,Electronics,Mobile,Bandung,Rendah,3
25.24000000000001,2911.0,11.0,25.789999999999992,8.0,2218.26,2193.02,Purchase,Food,Mobile,Denpasar,Rendah,0
93.35,2370.0,10.0,94.99,18.0,5163.33,5069.98,Purchase,Fashion,Mobile,Surabaya,Rendah,2
171.74,694.0,6.0,141.38,14.0,2063.45,1891.71,Payment,Travel,Desktop,Bandung,Rendah,0
28.040000000000006,1006.0,10.0,20.42,9.0,7905.17,7877.13,Purchase,Food,Mobile,Medan,Rendah,2
25.060000000000002,2691.0,13.0,19.349999999999994,18.0,5290.27,5265.21,Purchase,Grocery,Mobile,Jakarta,Rendah,0
19.900000000000006,1191.0,11.0,16.819999999999993,11.0,868.96,849.0599999999995,Purchase,Food,Mobile,Jakarta,Rendah,0
28.650000000000006,2381.0,10.0,23.099999999999994,17.0,13025.32,12996.67,Purchase,Fashion,Mobile,Surabaya,Rendah,2
28.900000000000006,503.0,9.0,22.260000000000005,15.0,3743.48,3714.58,Purchase,Grocery,Mobile,Surabaya,Rendah,2
42.24000000000001,2467.0,11.0,45.129999999999995,9.0,2764.42,2722.18,Purchase,Grocery,Desktop,Denpasar,Rendah,0
720.2,78.0,0.0,615.39,3.0,3931.96,3211.76,Withdrawal,Travel,Mobile,Surabaya,Sangat Tinggi,1
23.560000000000002,2110.0,14.0,21.620000000000005,9.0,528.1199999999999,504.5600000000004,Purchase,Food,Mobile,Medan,Rendah,2
558.08,23.0,2.0,540.1200000000001,1.0,3107.26,2549.18,Withdrawal,Electronics,Desktop,Surabaya,Tinggi,3
433.63,32.0,2.999999999999999,315.61,4.0,818.6000000000004,384.97000000000025,Transfer,Travel,Desktop,Bandung,Tinggi,1
301.14,845.0,4.0,289.15,13.0,2887.14,2586.0,Transfer,Electronics,Mobile,Medan,Sedang,3
195.86,1137.0,6.0,177.8,11.0,13770.51,13574.65,Payment,Fashion,Mobile,Bandung,Rendah,0
142.05,1149.0,10.0,149.49,16.0,3781.23,3639.18,Payment,Travel,Mobile,Surabaya,Rendah,2
494.75,1106.0,1.0,503.52,12.0,4419.44,3924.69,Payment,Travel,Mobile,Bandung,Tinggi,1
89.76,413.0,4.0,70.77,7.0,2227.11,2137.35,Transfer,Travel,Tablet,Jakarta,Rendah,0
252.02,829.0,5.0,214.19,16.0,7898.38,7646.36,Transfer,Travel,Mobile,Medan,Sedang,1
58.25999999999998,1606.0,8.0,61.81999999999999,20.0,6767.47,6709.21,Purchase,Grocery,Mobile,Denpasar,Rendah,0
279.19,1018.0,2.999999999999999,251.56,1.0,1169.71,890.5200000000004,Transfer,Electronics,Desktop,Jakarta,Sedang,3
30.159999999999997,2020.0,8.0,22.950000000000003,20.0,2946.5,2916.34,Purchase,Food,Mobile,Medan,Rendah,2
382.3299999999999,114.0,1.0,394.76,2.0,796.0,413.6700000000001,Withdrawal,Travel,Mobile,Jakarta,Sedang,1
23.680000000000007,455.0,9.0,22.909999999999997,16.0,3231.49,3207.81,Purchase,Food,Mobile,Medan,Rendah,2
17.94999999999999,1608.0,13.0,13.719999999999999,17.0,2864.13,2846.18,Payment,Food,Mobile,Denpasar,Rendah,0
192.88,927.0,4.0,206.3,6.0,2452.53,2259.65,Transfer,Travel,Mobile,Medan,Rendah,1
314.9,497.0,2.0,225.87,18.0,6134.79,5819.89,Transfer,Electronics,Desktop,Medan,Sedang,3
113.49,874.0,8.0,100.49,5.0,2757.36,2643.87,Transfer,Fashion,Desktop,Jakarta,Rendah,3
24.05000000000001,1671.0,14.0,22.289999999999992,13.0,3446.2700000000004,3422.22,Payment,Fashion,Desktop,Jakarta,Rendah,0
263.54,411.0,2.999999999999999,185.92,23.0,2789.13,2525.59,Transfer,Travel,Mobile,Denpasar,Sedang,1
38.09,2825.0,13.0,39.67,13.0,3363.87,3325.7800000000007,Purchase,Grocery,Mobile,Bandung,Rendah,0
35.17,2966.0,12.0,30.14,21.0,3930.22,3895.05,Purchase,Fashion,Mobile,Bandung,Rendah,0
181.68,506.0,5.0,128.91,16.0,2726.67,2544.99,Payment,Fashion,Mobile,Bandung,Rendah,0
46.75999999999999,2911.0,14.0,38.120000000000005,12.0,4382.03,4335.27,Purchase,Grocery,Mobile,Jakarta,Rendah,0
51.05,468.0,13.0,54.28999999999999,9.0,978.6599999999999,927.6099999999997,Purchase,Fashion,Mobile,Bandung,Rendah,0
204.87,958.0,8.0,158.8,13.0,2243.63,2038.7600000000002,Transfer,Travel,Mobile,Denpasar,Sedang,1
42.25999999999999,1746.0,10.0,31.849999999999994,9.0,5155.38,5113.12,Purchase,Fashion,Mobile,Bandung,Rendah,0
194.15,768.0,4.0,208.01,10.0,4027.57,3833.42,Transfer,Electronics,Desktop,Denpasar,Rendah,3
21.44999999999999,683.0,15.0,22.870000000000005,20.0,3258.28,3236.83,Purchase,Grocery,Desktop,Surabaya,Rendah,2
673.19,717.0,8.0,660.07,20.0,2365.84,1692.6500000000005,Transfer,Travel,Mobile,Surabaya,Sangat Tinggi,1
33.89999999999999,2539.0,14.0,33.61,14.0,3141.02,3107.12,Purchase,Food,Mobile,Surabaya,Rendah,2
44.74000000000001,1142.0,11.0,45.31999999999999,15.0,2796.11,2751.37,Purchase,Grocery,Mobile,Denpasar,Rendah,0
28.710000000000008,2344.0,12.0,21.42,12.0,6374.29,6345.58,Purchase,Food,Mobile,Jakarta,Rendah,0
63.849999999999994,155.0,7.0,61.75,14.0,4052.3,3988.45,Payment,Electronics,Mobile,Bandung,Rendah,3
28.989999999999995,694.0,9.0,30.609999999999985,18.0,9560.06,9531.07,Purchase,Food,Mobile,Surabaya,Rendah,2
44.370000000000005,907.0,15.0,31.289999999999992,9.0,12030.34,11985.97,Purchase,Food,Mobile,Medan,Rendah,2
81.99,898.0,13.0,65.32,8.0,6433.63,6351.64,Purchase,Fashion,Mobile,Medan,Rendah,2
14.169999999999987,2632.0,13.0,15.38000000000001,10.0,5857.74,5843.57,Purchase,Food,Mobile,Jakarta,Rendah,0
252.90999999999997,559.0,5.0,224.96,20.0,8208.66,7955.75,Transfer,Electronics,Mobile,Medan,Sedang,3
52.72,1899.0,11.0,52.72999999999999,8.0,3333.41,3280.69,Purchase,Fashion,Mobile,Bandung,Rendah,0
108.79,1165.0,5.0,89.3,4.0,2478.41,2369.62,Transfer,Travel,Desktop,Medan,Rendah,2
23.72999999999999,639.0,10.0,23.060000000000002,13.0,866.8599999999997,843.1300000000001,Purchase,Fashion,Mobile,Jakarta,Rendah,0
65.16,737.0,18.0,63.49000000000001,9.0,4343.21,4278.05,Purchase,Grocery,Mobile,Bandung,Rendah,0
88.45,239.0,1.0,88.6,21.0,4598.73,4510.28,Transfer,Fashion,Desktop,Bandung,Rendah,3
26.010000000000005,693.0,14.0,23.25,21.0,3088.99,3062.98,Purchase,Grocery,Mobile,Bandung,Rendah,0
29.700000000000003,2515.0,14.0,22.83,20.0,8249.1,8219.4,Purchase,Food,Desktop,Denpasar,Rendah,0
122.59,133.0,5.0,133.86,1.0,5623.01,5500.42,Payment,Travel,Mobile,Denpasar,Rendah,0
695.6299999999999,39.0,0.0,564.12,0.0,6961.84,6266.21,Withdrawal,Electronics,Desktop,Medan,Sangat Tinggi,3
380.58,1163.0,2.0,279.8,13.0,859.8099999999995,479.22999999999956,Transfer,Fashion,Mobile,Denpasar,Sedang,3
55.349999999999994,1172.0,14.0,56.02000000000001,16.0,9001.63,8946.28,Payment,Grocery,Mobile,Medan,Rendah,2
20.189999999999998,2624.0,9.0,20.710000000000008,19.0,14996.84,14976.65,Purchase,Grocery,Desktop,Surabaya,Rendah,2
25.61999999999999,2505.0,14.0,19.810000000000002,20.0,2315.88,2290.26,Purchase,Grocery,Desktop,Denpasar,Rendah,0
23.639999999999986,974.0,14.0,22.069999999999993,14.0,4586.43,4562.79,Payment,Food,Mobile,Denpasar,Rendah,0
22.49000000000001,980.0,13.0,24.11999999999999,14.0,414.9399999999996,392.4499999999998,Purchase,Food,Mobile,Surabaya,Rendah,2
18.659999999999997,1719.0,14.0,15.260000000000005,12.0,2349.08,2330.42,Purchase,Grocery,Mobile,Medan,Rendah,2
263.68,936.0,7.0,282.21,19.0,4000.27,3736.59,Transfer,Electronics,Mobile,Medan,Sedang,3
20.99000000000001,1546.0,12.0,15.939999999999998,14.0,4553.25,4532.26,Purchase,Fashion,Mobile,Jakarta,Rendah,0
18.099999999999994,1179.0,15.0,13.879999999999995,18.0,5783.93,5765.83,Purchase,Food,Mobile,Surabaya,Rendah,2
107.64,126.0,9.0,76.77,20.0,1902.8400000000001,1795.1999999999998,Transfer,Travel,Mobile,Medan,Rendah,2
35.72,1590.0,16.0,36.08,18.0,3251.52,3215.8,Purchase,Grocery,Mobile,Medan,Rendah,2
115.38,736.0,4.0,113.34,10.0,2880.46,2765.08,Transfer,Electronics,Desktop,Jakarta,Rendah,3
32.019999999999996,1877.0,13.0,25.66000000000001,10.0,511.3299999999999,479.3100000000004,Payment,Food,Mobile,Denpasar,Rendah,0
108.32999999999998,1945.0,16.0,87.02,9.0,2325.85,2217.52,Purchase,Grocery,Desktop,Medan,Rendah,2
35.25,2434.0,10.0,35.68000000000001,15.0,15861.74,15826.49,Purchase,Grocery,Desktop,Denpasar,Rendah,0
21.27000000000001,1389.0,8.0,16.549999999999997,10.0,8314.47,8293.2,Purchase,Grocery,Desktop,Medan,Rendah,2
66.91,957.0,1.0,58.06999999999999,12.0,12731.92,12665.01,Transfer,Fashion,Desktop,Surabaya,Rendah,2
209.05,311.0,7.0,196.86,10.0,2777.32,2568.27,Transfer,Fashion,Desktop,Bandung,Sedang,3
118.03,157.9999999999999,9.0,108.32,12.0,9063.5,8945.47,Transfer,Fashion,Mobile,Medan,Rendah,3
33.05,2013.0,10.0,32.87999999999998,12.0,5114.57,5081.52,Purchase,Grocery,Mobile,Medan,Rendah,2
13.370000000000005,850.0,11.0,12.579999999999998,13.0,8491.58,8478.21,Purchase,Fashion,Mobile,Bandung,Rendah,0
537.46,112.99999999999989,2.0,463.00999999999993,5.0,6036.14,5498.68,Withdrawal,Travel,Desktop,Surabaya,Tinggi,1
14.710000000000008,897.0,8.0,14.120000000000005,20.0,2915.95,2901.24,Purchase,Grocery,Mobile,Jakarta,Rendah,0
227.96,828.0,2.999999999999999,236.47,2.0,12820.620000000003,12592.66,Transfer,Fashion,Mobile,Medan,Sedang,3
23.900000000000006,2545.0,15.0,25.680000000000007,17.0,10930.08,10906.18,Purchase,Grocery,Mobile,Jakarta,Rendah,0
30.62999999999998,527.0,15.0,22.060000000000002,20.0,5313.87,5283.24,Purchase,Grocery,Mobile,Jakarta,Rendah,0
431.26,145.0,4.0,338.25,2.0,4069.94,3638.68,Withdrawal,Electronics,Desktop,Medan,Tinggi,3
38.349999999999994,2227.0,7.0,28.430000000000007,12.0,7099.18,7060.83,Purchase,Grocery,Mobile,Denpasar,Rendah,0
293.02,277.9999999999999,2.999999999999999,229.8,17.0,6669.79,6376.77,Transfer,Electronics,Desktop,Jakarta,Sedang,3
578.51,30.0,2.0,460.38000000000005,0.0,3089.12,2510.61,Transfer,Travel,Desktop,Surabaya,Tinggi,1
21.430000000000007,2879.0,20.0,22.159999999999997,12.0,8912.02,8890.59,Purchase,Fashion,Mobile,Bandung,Rendah,0
136.05,567.0,2.0,99.28,22.0,1325.8500000000004,1189.8000000000002,Transfer,Electronics,Mobile,Jakarta,Rendah,3
174.27,719.0,9.0,190.29,8.0,8964.33,8790.06,Payment,Electronics,Mobile,Jakarta,Rendah,3
122.62,736.0,5.0,114.41,6.0,1287.9799999999996,1165.3599999999997,Transfer,Electronics,Desktop,Jakarta,Rendah,3
761.6499999999999,133.0,2.0,580.1399999999999,5.0,2673.16,1911.5100000000002,Withdrawal,Travel,Desktop,Jakarta,Sangat Tinggi,1
94.3,517.0,4.0,99.97,9.0,2098.18,2003.88,Transfer,Travel,Mobile,Bandung,Rendah,0
276.27,1100.0,9.0,231.66,17.0,2852.4,2576.13,Transfer,Electronics,Mobile,Bandung,Sedang,3
21.03,2217.0,13.0,16.799999999999997,10.0,6008.78,5987.75,Purchase,Fashion,Mobile,Medan,Rendah,2
19.659999999999997,1517.0,13.0,14.919999999999987,21.0,15951.99,15932.33,Payment,Grocery,Mobile,Denpasar,Rendah,0
38.09,400.0,10.0,29.67,19.0,5610.43,5572.34,Purchase,Grocery,Mobile,Denpasar,Rendah,0
38.18000000000001,2079.0,13.0,40.09,16.0,3290.46,3252.28,Purchase,Grocery,Mobile,Denpasar,Rendah,0
207.31,266.0000000000001,5.0,175.48,23.0,2553.47,2346.16,Transfer,Fashion,Mobile,Bandung,Sedang,3
75.06,759.0,9.0,63.2,5.0,3831.66,3756.6,Transfer,Fashion,Mobile,Surabaya,Rendah,2
61.52999999999999,2803.0,11.0,48.68000000000001,13.0,8613.01,8551.48,Purchase,Grocery,Mobile,Medan,Rendah,2
117.97,1052.0,4.0,102.0,12.0,13635.59,13517.62,Transfer,Electronics,Mobile,Bandung,Rendah,3
25.379999999999995,2984.0,5.0,23.14,15.0,8714.08,8688.7,Purchase,Grocery,Mobile,Medan,Rendah,2
269.87,672.0,7.0,224.64,0.0,2775.64,2505.77,Transfer,Electronics,Desktop,Denpasar,Sedang,3
131.07,694.0,4.0,131.87,6.0,4465.68,4334.61,Payment,Travel,Mobile,Jakarta,Rendah,0
68.88,481.0,13.0,71.72,16.0,2898.19,2829.31,Purchase,Grocery,Mobile,Bandung,Rendah,0
507.06,768.0,6.0,507.19,10.0,1365.9099999999999,858.8500000000004,Transfer,Electronics,Desktop,Surabaya,Tinggi,3
213.88,1160.0,5.0,216.23,19.0,11707.71,11493.83,Payment,Electronics,Desktop,Medan,Sedang,3
442.44,170.0,1.0,387.45,5.0,9170.98,8728.54,Transfer,Travel,Mobile,Medan,Tinggi,1
31.36,1906.0,13.0,29.210000000000008,20.0,11625.38,11594.02,Purchase,Grocery,Mobile,Jakarta,Rendah,0
30.120000000000005,2537.0,16.0,23.66000000000001,14.0,9240.51,9210.39,Purchase,Grocery,Mobile,Denpasar,Rendah,0
100.87,767.0,5.0,109.3,17.0,1492.4499999999994,1391.58,Transfer,Electronics,Mobile,Medan,Rendah,3
58.5,1310.0,10.0,56.16,15.0,8957.66,8899.16,Purchase,Grocery,Mobile,Medan,Rendah,2
17.30000000000001,2293.0,14.0,17.72,9.0,6579.87,6562.57,Purchase,Grocery,Mobile,Medan,Rendah,2
39.790000000000006,1232.0,13.0,29.39,8.0,712.04,672.25,Purchase,Grocery,Mobile,Bandung,Rendah,0
22.379999999999995,1293.0,17.0,19.480000000000004,13.0,3156.43,3134.05,Payment,Grocery,Mobile,Denpasar,Rendah,0
20.610000000000014,896.0,6.0,15.480000000000004,8.0,8191.24,8170.63,Purchase,Grocery,Mobile,Jakarta,Rendah,0
41.900000000000006,2978.0,10.0,41.34,17.0,8431.06,8389.16,Purchase,Food,Mobile,Bandung,Rendah,0
750.75,58.0,1.0,686.22,4.0,7561.3,6810.55,Withdrawal,Electronics,Mobile,Jakarta,Sangat Tinggi,3
24.590000000000003,2415.0,6.0,20.59999999999998,13.0,6287.74,6263.15,Purchase,Food,Mobile,Jakarta,Rendah,0
434.71,332.0,7.0,444.74,12.0,1137.1800000000003,702.4700000000003,Transfer,Travel,Tablet,Bandung,Tinggi,1
38.78,1238.0,16.0,35.290000000000006,10.0,3319.24,3280.46,Purchase,Food,Mobile,Denpasar,Rendah,0
130.6,279.0,5.0,121.37,4.0,8621.34,8490.74,Transfer,Fashion,Mobile,Denpasar,Rendah,3
41.31,1787.0,10.0,32.93000000000001,18.0,8777.2,8735.89,Purchase,Food,Mobile,Jakarta,Rendah,0
20.97,1096.0,15.0,16.570000000000007,20.0,2457.54,2436.57,Purchase,Fashion,Mobile,Bandung,Rendah,0
763.8899999999999,313.0,6.0,609.99,22.0,9748.77,8984.88,Transfer,Fashion,Mobile,Denpasar,Sangat Tinggi,3
50.7,1534.0,21.0,53.71000000000001,17.0,3234.57,3183.87,Purchase,Grocery,Mobile,Jakarta,Rendah,0
360.7,1188.0,0.0,266.71,2.0,12372.32,12011.62,Transfer,Travel,Desktop,Surabaya,Sedang,1
42.25,627.0,7.0,39.5,18.0,8159.32,8117.07,Payment,Travel,Desktop,Medan,Rendah,2
37.17,1614.0,12.0,40.56,12.0,5871.55,5834.38,Purchase,Fashion,Mobile,Surabaya,Rendah,2
159.79,1080.0,7.0,129.5,23.0,5093.02,4933.23,Payment,Electronics,Desktop,Medan,Rendah,2
104.02,630.0,14.0,80.85,12.0,838.8299999999999,734.8099999999995,Purchase,Grocery,Mobile,Surabaya,Rendah,2
97.31,452.0,8.0,99.19,18.0,3758.19,3660.88,Purchase,Food,Desktop,Surabaya,Rendah,2
144.18,675.0,4.0,141.55,9.0,2947.86,2803.68,Transfer,Travel,Mobile,Bandung,Rendah,0
33.75999999999998,1877.0,10.0,35.39999999999999,19.0,4749.95,4716.19,Purchase,Food,Mobile,Surabaya,Rendah,2
286.58,1051.0,0.0,254.45,14.0,6027.1,5740.52,Payment,Electronics,Tablet,Medan,Sedang,3
44.16,1762.0,13.0,39.81999999999999,12.0,6715.88,6671.72,Purchase,Grocery,Mobile,Jakarta,Rendah,0
46.989999999999995,1229.0,14.0,41.28999999999999,16.0,10383.48,10336.49,Payment,Fashion,Mobile,Denpasar,Rendah,0
658.6099999999999,599.0,2.999999999999999,510.59,19.0,13655.59,12996.98,Transfer,Travel,Desktop,Surabaya,Sangat Tinggi,1
58.980000000000004,644.0,15.0,49.349999999999994,18.0,5826.94,5767.96,Purchase,Grocery,Desktop,Denpasar,Rendah,0
297.58,573.0,7.0,303.84,3.0,2853.32,2555.74,Transfer,Electronics,Desktop,Surabaya,Sedang,3
214.01,302.0,5.0,197.59,11.0,3464.0,3249.99,Transfer,Electronics,Mobile,Surabaya,Sedang,3
34.05999999999999,2885.0,16.0,28.409999999999997,21.0,1257.5100000000002,1223.4499999999994,Purchase,Fashion,Mobile,Medan,Rendah,2
60.82000000000001,1656.0,12.0,56.129999999999995,8.0,3159.97,3099.15,Purchase,Food,Mobile,Bandung,Rendah,0
127.56,724.0,1.0,105.3,18.0,13584.93,13457.37,Payment,Travel,Desktop,Jakarta,Rendah,0
83.35,179.0,7.0,62.09,14.0,4795.78,4712.43,Payment,Electronics,Tablet,Medan,Rendah,3
81.22,2037.0,16.0,76.33,8.0,4218.83,4137.61,Payment,Grocery,Mobile,Denpasar,Rendah,0
349.23,168.0,2.999999999999999,294.13,1.0,4264.98,3915.75,Transfer,Fashion,Tablet,Bandung,Sedang,3
79.12,953.0,2.0,60.67,19.0,5252.8,5173.68,Transfer,Electronics,Desktop,Surabaya,Rendah,3
50.81999999999998,831.0,9.0,41.81999999999999,13.0,4951.29,4900.47,Purchase,Food,Mobile,Bandung,Rendah,0
132.2,560.0,2.0,135.72,11.0,1539.0699999999997,1406.87,Payment,Electronics,Desktop,Surabaya,Rendah,3
39.06999999999998,680.0,2.999999999999999,31.689999999999984,7.0,1002.1099999999997,963.04,Transfer,Travel,Desktop,Medan,Rendah,2
192.2,105.00000000000011,2.999999999999999,161.23,0.0,2540.73,2348.53,Withdrawal,Electronics,Desktop,Jakarta,Rendah,3
26.89,2117.0,14.0,24.08,12.0,3928.28,3901.39,Purchase,Grocery,Mobile,Bandung,Rendah,0
7.340000000000003,1857.0,15.0,7.180000000000007,18.0,5234.75,5227.41,Purchase,Food,Desktop,Medan,Rendah,2
20.909999999999997,894.0,10.0,14.950000000000017,20.0,6276.74,6255.83,Purchase,Fashion,Mobile,Denpasar,Rendah,0
30.210000000000008,860.0,10.0,27.900000000000006,10.0,3684.97,3654.76,Payment,Food,Mobile,Denpasar,Rendah,0
145.55,920.0,8.0,120.94,23.0,3529.7800000000007,3384.23,Transfer,Travel,Mobile,Surabaya,Rendah,2
30.640000000000015,2981.0,14.0,23.700000000000003,20.0,6783.98,6753.34,Purchase,Food,Mobile,Surabaya,Rendah,2
29.18000000000002,2477.0,16.0,28.010000000000005,11.0,3624.76,3595.58,Purchase,Grocery,Desktop,Denpasar,Rendah,0
11.139999999999986,1745.0,23.0,11.599999999999994,13.0,6487.13,6475.99,Purchase,Grocery,Mobile,Surabaya,Rendah,2
471.61,50.0,2.0,362.8,3.0,4396.9,3925.29,Withdrawal,Travel,Desktop,Surabaya,Tinggi,1
20.47,1976.0,9.0,17.680000000000007,9.0,1166.0599999999995,1145.5900000000001,Payment,Grocery,Desktop,Medan,Rendah,2
39.03999999999999,2074.0,14.0,31.629999999999995,13.0,6657.19,6618.15,Purchase,Grocery,Desktop,Jakarta,Rendah,0
18.090000000000003,1138.0,16.0,14.439999999999998,16.0,7936.77,7918.68,Purchase,Food,Mobile,Medan,Rendah,2
313.89,339.0,7.0,269.4,14.0,4719.07,4405.18,Transfer,Travel,Mobile,Surabaya,Sedang,1
196.38,608.0,7.0,215.95,10.0,1039.33,842.9499999999998,Transfer,Fashion,Desktop,Denpasar,Rendah,3
24.03,371.0,11.0,25.86,16.0,4056.79,4032.76,Purchase,Fashion,Mobile,Surabaya,Rendah,2
52.39,1789.0,12.0,46.370000000000005,19.0,3000.71,2948.32,Purchase,Grocery,Mobile,Jakarta,Rendah,0
33.77000000000001,2606.0,24.0,24.75,10.0,2624.51,2590.74,Purchase,Grocery,Mobile,Medan,Rendah,2
24.860000000000014,1782.0,6.0,18.03,14.0,9316.27,9291.41,Purchase,Food,Mobile,Denpasar,Rendah,0
132.3,912.0,5.0,131.93,0.0,3166.6,3034.3,Transfer,Travel,Desktop,Jakarta,Rendah,1
160.51,1153.0,5.0,168.67,5.0,7677.6,7517.09,Transfer,Fashion,Desktop,Denpasar,Rendah,3
331.09,170.0,4.0,284.32,3.0,2675.11,2344.02,Transfer,Electronics,Mobile,Medan,Sedang,3
40.03,2592.0,13.0,34.55,21.0,3906.37,3866.34,Purchase,Grocery,Mobile,Surabaya,Rendah,2
754.3499999999999,156.0,2.0,643.21,1.0,7329.01,6574.66,Withdrawal,Travel,Desktop,Denpasar,Sangat Tinggi,1
15.300000000000011,548.0,15.0,13.739999999999995,18.0,3384.41,3369.11,Payment,Food,Mobile,Medan,Rendah,2
90.07,1526.0,18.0,98.02,20.0,10983.21,10893.14,Payment,Grocery,Mobile,Jakarta,Rendah,0
263.07,1188.0,4.0,198.6,3.0,951.5900000000001,688.5200000000004,Transfer,Travel,Desktop,Bandung,Sedang,1
570.01,26.0,2.999999999999999,445.81,2.0,11364.21,10794.2,Withdrawal,Travel,Mobile,Jakarta,Tinggi,1
35.06,1831.0,7.0,25.03,20.0,3596.32,3561.26,Payment,Food,Mobile,Jakarta,Rendah,0
179.4,694.0,2.999999999999999,177.31,22.0,7481.56,7302.16,Payment,Travel,Mobile,Jakarta,Rendah,0
183.33,1149.0,4.0,161.41,8.0,5313.53,5130.2,Transfer,Electronics,Desktop,Bandung,Rendah,3
38.72,2420.0,14.0,42.459999999999994,18.0,8135.48,8096.76,Purchase,Grocery,Mobile,Denpasar,Rendah,0
18.349999999999994,2825.0,9.0,15.450000000000003,18.0,7288.05,7269.7,Purchase,Food,Mobile,Jakarta,Rendah,0
744.6599999999999,51.0,2.0,656.43,5.0,3330.33,2585.67,Withdrawal,Travel,Mobile,Surabaya,Sangat Tinggi,1
13.590000000000003,612.0,12.0,11.099999999999994,19.0,6715.22,6701.63,Purchase,Grocery,Mobile,Jakarta,Rendah,0
43.7,2682.0,10.0,44.620000000000005,20.0,10292.39,10248.69,Purchase,Grocery,Mobile,Surabaya,Rendah,2
70.36,2335.0,20.0,65.81,21.0,2762.2,2691.84,Purchase,Grocery,Mobile,Jakarta,Rendah,0
184.31,955.0,0.0,141.92,19.0,2118.42,1934.1099999999997,Transfer,Electronics,Desktop,Denpasar,Rendah,3
34.56,871.0,8.0,29.14,12.0,1254.62,1220.0600000000004,Purchase,Grocery,Mobile,Bandung,Rendah,0
82.7,1090.0,9.0,59.349999999999994,16.0,2599.7,2517.0,Purchase,Food,Mobile,Denpasar,Rendah,0
21.340000000000003,2953.0,11.0,17.219999999999985,18.0,5396.18,5374.84,Purchase,Grocery,Mobile,Surabaya,Rendah,2
381.27,712.0,5.0,307.12,4.0,14607.64,14226.37,Transfer,Travel,Mobile,Denpasar,Sedang,1
76.11,1191.0,5.0,67.49,5.0,2454.67,2378.56,Transfer,Electronics,Desktop,Bandung,Rendah,3
212.35,641.0,9.0,209.85,7.0,3804.88,3592.53,Transfer,Electronics,Desktop,Surabaya,Sedang,3
32.84,1654.0,18.0,25.569999999999993,15.0,2065.37,2032.5299999999997,Payment,Food,Mobile,Surabaya,Rendah,2
622.22,352.0,2.999999999999999,678.24,12.0,4227.32,3605.1,Transfer,Electronics,Mobile,Denpasar,Sangat Tinggi,3
32.099999999999994,2870.0,13.0,26.78,16.0,7822.26,7790.16,Purchase,Food,Desktop,Surabaya,Rendah,2
58.89999999999999,1879.0,17.0,42.00999999999999,9.0,6193.47,6134.57,Purchase,Fashion,Mobile,Surabaya,Rendah,2
61.24000000000001,1965.0,11.0,45.53,11.0,5251.62,5190.38,Purchase,Fashion,Desktop,Medan,Rendah,2
85.46,363.0,4.0,64.54,23.0,6953.48,6868.02,Transfer,Electronics,Desktop,Surabaya,Rendah,3
26.17,429.0,11.0,23.150000000000006,12.0,3283.63,3257.46,Purchase,Grocery,Mobile,Bandung,Rendah,0
21.900000000000006,1489.0,11.0,22.739999999999995,14.0,9728.35,9706.45,Purchase,Grocery,Mobile,Surabaya,Rendah,2
333.35,202.9999999999999,7.0,255.43,11.0,6894.79,6561.44,Transfer,Electronics,Desktop,Denpasar,Sedang,3
106.62,382.0,10.0,92.43,17.0,4413.76,4307.14,Purchase,Food,Mobile,Jakarta,Rendah,0
186.67,305.0,6.0,150.41,18.0,3093.07,2906.4,Payment,Electronics,Desktop,Denpasar,Rendah,3
24.650000000000006,803.0,13.0,20.03,19.0,6529.21,6504.56,Purchase,Food,Mobile,Medan,Rendah,2
10.939999999999998,1163.0,13.0,11.889999999999986,21.0,3693.87,3682.93,Purchase,Grocery,Desktop,Bandung,Rendah,0
13.870000000000005,2215.0,10.0,14.599999999999994,9.0,3755.28,3741.41,Purchase,Grocery,Mobile,Bandung,Rendah,0
36.16,1158.0,12.0,32.34,19.0,2379.83,2343.67,Payment,Grocery,Mobile,Bandung,Rendah,0
47.110000000000014,699.0,11.0,47.140000000000015,14.0,7576.72,7529.61,Purchase,Food,Mobile,Surabaya,Rendah,2
218.52,935.0,5.0,187.63,1.0,6897.46,6678.94,Transfer,Fashion,Desktop,Denpasar,Sedang,3
430.74,112.0,2.999999999999999,373.41,4.0,4800.54,4369.8,Transfer,Travel,Desktop,Bandung,Tinggi,1
33.77000000000001,1495.0,19.0,30.22,10.0,15271.21,15237.44,Purchase,Fashion,Desktop,Medan,Rendah,2
29.33999999999999,2333.0,8.0,26.11999999999999,21.0,6474.19,6444.85,Purchase,Grocery,Mobile,Denpasar,Rendah,0
29.480000000000004,1189.0,13.0,22.659999999999997,16.0,8580.7,8551.22,Purchase,Food,Desktop,Surabaya,Rendah,2
604.99,1118.0,0.0,479.18,16.0,14336.25,13731.26,Payment,Fashion,Mobile,Denpasar,Sangat Tinggi,3
703.98,138.0,1.0,566.51,1.0,999.1300000000001,295.14999999999964,Transfer,Travel,Desktop,Denpasar,Sangat Tinggi,1
58.93000000000001,1371.0,14.0,62.28,21.0,2833.76,2774.83,Purchase,Food,Mobile,Denpasar,Rendah,0
208.16,1120.0,8.0,208.74,21.0,14193.38,13985.22,Payment,Electronics,Mobile,Medan,Sedang,3
149.04,530.0,7.0,152.26,12.0,4000.57,3851.53,Payment,Electronics,Tablet,Denpasar,Rendah,3
28.840000000000018,1766.0,14.0,28.549999999999997,13.0,6205.26,6176.42,Purchase,Food,Mobile,Jakarta,Rendah,0
180.38,828.0,6.0,186.49,22.0,1644.8400000000001,1464.46,Payment,Travel,Mobile,Denpasar,Rendah,0
44.40000000000002,1697.0,14.0,38.370000000000005,16.0,2141.43,2097.03,Purchase,Grocery,Mobile,Surabaya,Rendah,2
785.6099999999999,724.0,6.0,678.27,4.0,13713.91,12928.3,Transfer,Electronics,Mobile,Medan,Sangat Tinggi,3
26.680000000000007,2920.0,13.0,22.900000000000006,8.0,520.6199999999999,493.9399999999996,Purchase,Grocery,Mobile,Jakarta,Rendah,0
679.8,172.9999999999999,1.0,565.31,2.0,3434.61,2754.81,Withdrawal,Travel,Mobile,Bandung,Sangat Tinggi,1
36.53999999999999,1107.0,11.0,32.41,11.0,6248.58,6212.04,Purchase,Grocery,Mobile,Denpasar,Rendah,0
38.920000000000016,772.0,16.0,32.67,15.0,7522.06,7483.14,Purchase,Fashion,Desktop,Medan,Rendah,2
228.11,830.0,5.0,200.64,10.0,1960.7200000000003,1732.6099999999997,Payment,Fashion,Mobile,Denpasar,Sedang,3
136.08,331.0,2.999999999999999,103.75,22.0,4974.18,4838.1,Transfer,Travel,Mobile,Medan,Rendah,2
39.02000000000001,527.0,19.0,29.75,15.0,11392.03,11353.01,Purchase,Grocery,Mobile,Medan,Rendah,2
166.0,596.0,4.0,143.67,10.0,3342.45,3176.45,Transfer,Travel,Mobile,Denpasar,Rendah,0
296.37,1126.0,8.0,234.15,16.0,3339.1,3042.73,Transfer,Electronics,Mobile,Surabaya,Sedang,3
580.9,116.0,7.0,424.3,2.0,4744.58,4163.68,Withdrawal,Travel,Mobile,Jakarta,Tinggi,1
136.7,926.0,8.0,145.34,11.0,1871.6200000000003,1734.92,Transfer,Travel,Mobile,Medan,Rendah,2
121.88,410.0,4.0,122.56,0.0,2021.08,1899.1999999999998,Transfer,Electronics,Mobile,Denpasar,Rendah,3
16.00999999999999,788.0,9.0,12.510000000000005,15.0,5590.63,5574.62,Payment,Food,Mobile,Surabaya,Rendah,2
43.53,2112.0,13.0,44.120000000000005,17.0,9189.8,9146.27,Purchase,Fashion,Mobile,Jakarta,Rendah,0
72.66,1278.0,8.0,67.75,14.0,1873.58,1800.92,Payment,Grocery,Mobile,Bandung,Rendah,0
31.769999999999996,1051.0,18.0,34.379999999999995,13.0,6049.71,6017.94,Purchase,Grocery,Mobile,Jakarta,Rendah,0
712.1199999999999,797.0,5.0,553.11,4.0,8533.99,7821.87,Transfer,Electronics,Desktop,Bandung,Sangat Tinggi,3
49.24000000000001,356.0,4.0,53.08999999999999,1.0,6671.61,6622.37,Transfer,Fashion,Mobile,Bandung,Rendah,3
110.58,550.0,5.0,103.82,11.0,1686.0000000000005,1575.42,Payment,Travel,Desktop,Jakarta,Rendah,0
18.129999999999995,2934.0,10.0,14.460000000000008,14.0,6476.08,6457.95,Purchase,Food,Mobile,Medan,Rendah,2
283.94,425.0,4.0,278.24,2.0,2006.85,1722.9099999999999,Transfer,Electronics,Mobile,Jakarta,Sedang,3
74.62,1725.0,13.0,80.12,12.0,5027.07,4952.45,Purchase,Grocery,Desktop,Medan,Rendah,2
27.36,472.0,19.0,29.530000000000015,10.0,4522.18,4494.82,Purchase,Grocery,Mobile,Jakarta,Rendah,0
440.6,115.0,4.0,402.65,3.0,5616.91,5176.31,Withdrawal,Travel,Desktop,Denpasar,Tinggi,1
44.53,2041.0,18.0,38.95,16.0,4671.69,4627.16,Purchase,Grocery,Mobile,Denpasar,Rendah,0
20.74000000000001,2140.0,8.0,17.689999999999998,9.0,6589.96,6569.22,Purchase,Food,Mobile,Medan,Rendah,2
67.91,1634.0,9.0,67.31,9.0,3180.8,3112.89,Purchase,Grocery,Mobile,Surabaya,Rendah,2
172.86,480.0,8.0,138.58,6.0,3071.25,2898.39,Payment,Travel,Mobile,Jakarta,Rendah,0
22.889999999999986,450.0,8.0,16.180000000000007,13.0,3087.5,3064.61,Payment,Grocery,Mobile,Denpasar,Rendah,0
8.419999999999987,2372.0,14.0,8.859999999999985,12.0,9687.68,9679.26,Purchase,Grocery,Mobile,Medan,Rendah,2
29.14,2929.0,14.0,23.489999999999995,16.0,2468.77,2439.63,Purchase,Grocery,Mobile,Denpasar,Rendah,0
23.129999999999995,1191.0,14.0,24.75,20.0,1368.1400000000003,1345.0100000000002,Purchase,Food,Mobile,Bandung,Rendah,0
117.47,344.0,2.999999999999999,93.62,5.0,6581.8,6464.33,Transfer,Travel,Mobile,Surabaya,Rendah,2
564.51,156.0,2.999999999999999,494.4,1.0,5353.22,4788.71,Withdrawal,Travel,Mobile,Denpasar,Tinggi,1
697.8,123.0,2.0,637.98,4.0,4240.85,3543.05,Withdrawal,Electronics,Desktop,Bandung,Sangat Tinggi,3
239.85,1016.0,7.0,167.96,18.0,2133.67,1893.8199999999997,Transfer,Travel,Mobile,Medan,Sedang,1
41.31,703.0,8.0,39.31,15.0,1964.96,1923.65,Purchase,Grocery,Mobile,Denpasar,Rendah,0
509.96,458.0,2.0,364.11,17.0,2600.62,2090.66,Payment,Fashion,Mobile,Surabaya,Tinggi,3
166.31,838.0,6.0,154.04,6.0,11296.75,11130.44,Payment,Electronics,Desktop,Denpasar,Rendah,3
678.8299999999999,129.0,4.0,638.71,0.0,3845.36,3166.53,Withdrawal,Travel,Desktop,Denpasar,Sangat Tinggi,1
153.4,491.0,2.999999999999999,138.8,4.0,2645.11,2491.71,Transfer,Travel,Desktop,Jakarta,Rendah,1
22.19999999999999,1984.0,8.0,21.900000000000006,13.0,2390.25,2368.05,Payment,Fashion,Mobile,Jakarta,Rendah,0
171.74,306.0,2.0,148.45,10.0,3186.87,3015.13,Transfer,Electronics,Mobile,Surabaya,Rendah,3
86.37,182.0,2.0,71.92,1.0,14665.73,14579.36,Transfer,Electronics,Desktop,Surabaya,Rendah,3
308.58,56.0,2.999999999999999,293.97,4.0,6722.59,6414.01,Withdrawal,Travel,Mobile,Bandung,Sedang,1
55.67,2746.0,9.0,45.91,17.0,6393.22,6337.55,Purchase,Grocery,Mobile,Surabaya,Rendah,2
53.849999999999994,492.0,2.999999999999999,57.96000000000001,4.0,11638.68,11584.83,Payment,Fashion,Mobile,Denpasar,Rendah,3
18.5,2487.0,13.0,16.67,11.0,14839.63,14821.13,Purchase,Food,Desktop,Jakarta,Rendah,0
488.91,88.0,2.0,427.29,3.0,1547.6800000000007,1058.7700000000004,Withdrawal,Electronics,Desktop,Surabaya,Tinggi,3
205.03,781.0,5.0,173.16,23.0,3393.71,3188.68,Transfer,Fashion,Mobile,Denpasar,Sedang,3
367.96,837.0,5.0,302.11,22.0,5358.09,4990.13,Payment,Electronics,Mobile,Medan,Sedang,3
289.0,381.0,5.0,258.82,22.0,2458.19,2169.19,Transfer,Travel,Desktop,Medan,Sedang,1
166.9,549.0,4.0,163.86,18.0,2274.24,2107.34,Transfer,Travel,Desktop,Denpasar,Rendah,0
436.32,11.0,2.0,476.08,0.0,2693.66,2257.34,Withdrawal,Travel,Mobile,Medan,Tinggi,1
607.1800000000001,94.0,1.0,493.53000000000003,3.0,7189.56,6582.38,Transfer,Travel,Mobile,Bandung,Sangat Tinggi,1
139.23,925.0,5.0,141.06,3.0,8543.26,8404.03,Transfer,Fashion,Mobile,Bandung,Rendah,3
17.069999999999993,679.0,13.0,17.83,20.0,2659.35,2642.28,Purchase,Fashion,Mobile,Medan,Rendah,2
30.08,715.0,14.0,30.08,8.0,2386.02,2355.94,Purchase,Grocery,Mobile,Medan,Rendah,2
93.99000000000001,361.0,1.0,74.08,11.0,4013.57,3919.58,Payment,Electronics,Tablet,Bandung,Rendah,3
368.24,708.0,5.0,402.8,0.0,1810.4399999999996,1442.1999999999994,Payment,Electronics,Mobile,Denpasar,Sedang,3
497.5,152.0,0.0,493.51,4.0,1960.71,1463.2100000000005,Withdrawal,Travel,Desktop,Bandung,Tinggi,1
25.420000000000016,2225.0,15.0,26.870000000000005,13.0,7992.92,7967.5,Purchase,Grocery,Mobile,Bandung,Rendah,0
42.890000000000015,1354.0,14.0,45.94,11.0,5045.78,5002.89,Purchase,Food,Desktop,Surabaya,Rendah,2
372.30999999999995,371.0,4.0,368.76,6.0,2445.59,2073.28,Payment,Electronics,Tablet,Denpasar,Sedang,3
86.73,964.0,6.0,61.900000000000006,5.0,2329.82,2243.09,Payment,Fashion,Desktop,Denpasar,Rendah,0
24.900000000000006,2350.0,10.0,21.489999999999995,10.0,5195.39,5170.49,Purchase,Food,Mobile,Denpasar,Rendah,0
26.06999999999998,737.0,10.0,19.440000000000012,15.0,3669.04,3642.97,Purchase,Grocery,Mobile,Medan,Rendah,2
164.85,909.0,9.0,160.0,1.0,6442.7,6277.85,Payment,Electronics,Mobile,Surabaya,Rendah,3
11.400000000000006,1456.0,10.0,10.86,21.0,5205.55,5194.15,Payment,Fashion,Mobile,Medan,Rendah,2
41.71000000000001,1545.0,17.0,37.66,12.0,4345.22,4303.51,Purchase,Fashion,Mobile,Bandung,Rendah,0
18.52000000000001,2302.0,8.0,17.560000000000002,19.0,14312.16,14293.64,Purchase,Grocery,Mobile,Surabaya,Rendah,2
597.69,50.0,1.0,597.43,5.0,3024.54,2426.85,Withdrawal,Travel,Desktop,Medan,Tinggi,1
28.810000000000002,1577.0,14.0,23.439999999999984,9.0,2908.92,2880.11,Payment,Grocery,Mobile,Bandung,Rendah,0
415.46,214.0000000000001,2.999999999999999,340.18,9.0,9261.3,8845.84,Transfer,Electronics,Mobile,Surabaya,Tinggi,3
88.39,499.0,5.0,78.61,23.0,1361.27,1272.88,Payment,Electronics,Mobile,Surabaya,Rendah,2
37.96000000000002,1173.0,4.0,31.89,0.0,4536.2,4498.24,Transfer,Electronics,Mobile,Jakarta,Rendah,3
54.74000000000001,825.0,8.0,46.50999999999999,4.0,5514.55,5459.81,Transfer,Travel,Tablet,Medan,Rendah,2
38.28999999999999,1606.0,10.0,30.980000000000004,20.0,1181.71,1143.42,Payment,Fashion,Mobile,Bandung,Rendah,0
53.61,2282.0,10.0,41.97999999999999,18.0,3437.54,3383.9300000000003,Purchase,Grocery,Mobile,Denpasar,Rendah,0
94.62,655.0,12.0,72.68,9.0,4638.24,4543.62,Purchase,Grocery,Mobile,Bandung,Rendah,0
178.02,667.0,5.0,138.78,16.0,2789.56,2611.54,Payment,Travel,Desktop,Jakarta,Rendah,0
36.16,2574.0,20.0,34.58,18.0,2470.05,2433.89,Purchase,Grocery,Mobile,Medan,Rendah,2
184.21,831.0,8.0,182.8,23.0,10825.44,10641.23,Transfer,Travel,Mobile,Jakarta,Rendah,0
258.99,792.0,2.999999999999999,231.8,12.0,13252.27,12993.28,Transfer,Travel,Tablet,Jakarta,Sedang,1
50.78,1712.0,15.0,51.43000000000001,19.0,3111.58,3060.8,Purchase,Fashion,Mobile,Medan,Rendah,2
42.849999999999994,1681.0,15.0,32.87999999999998,16.0,1724.4400000000005,1681.5899999999997,Payment,Grocery,Desktop,Surabaya,Rendah,2
75.73,1097.0,2.0,59.36,15.0,13306.43,13230.7,Transfer,Electronics,Mobile,Jakarta,Rendah,3
11.870000000000005,582.0,10.0,11.280000000000001,16.0,1828.0400000000004,1816.17,Payment,Fashion,Mobile,Surabaya,Rendah,2
166.65,344.0,4.0,131.7,23.0,3476.7199999999993,3310.07,Transfer,Travel,Desktop,Surabaya,Rendah,2
36.22,1756.0,14.0,35.229999999999976,9.0,8008.73,7972.51,Purchase,Food,Mobile,Denpasar,Rendah,0
31.539999999999992,729.0,14.0,30.930000000000007,21.0,12079.07,12047.53,Purchase,Food,Mobile,Bandung,Rendah,0
111.06,197.0,4.0,89.51,10.0,6510.88,6399.82,Transfer,Fashion,Mobile,Jakarta,Rendah,3
338.15,554.0,4.0,332.29,20.0,1677.3300000000004,1339.1799999999998,Transfer,Travel,Desktop,Jakarta,Sedang,1
34.110000000000014,1825.0,16.0,32.34,18.0,1097.4300000000003,1063.3199999999997,Purchase,Grocery,Desktop,Jakarta,Rendah,0
490.51,68.0,1.0,444.4,4.0,4960.63,4470.12,Withdrawal,Travel,Mobile,Jakarta,Tinggi,1
248.44,702.0,2.0,183.96,13.0,4909.57,4661.13,Payment,Travel,Desktop,Surabaya,Sedang,1
557.43,1030.0,5.0,599.1000000000001,23.0,2018.5,1461.0699999999997,Payment,Travel,Desktop,Bandung,Tinggi,1
27.430000000000007,439.0,13.0,19.39,10.0,6213.1,6185.67,Purchase,Fashion,Mobile,Surabaya,Rendah,2
677.06,40.0,2.0,511.63,2.0,2763.51,2086.45,Transfer,Electronics,Desktop,Jakarta,Sangat Tinggi,3
133.52,559.0,7.0,98.14,15.0,6441.77,6308.25,Transfer,Fashion,Desktop,Surabaya,Rendah,2
36.66,2202.0,17.0,27.549999999999997,15.0,1452.56,1415.9,Purchase,Grocery,Mobile,Surabaya,Rendah,2
13.340000000000003,2259.0,14.0,13.210000000000008,21.0,12413.04,12399.7,Purchase,Fashion,Mobile,Medan,Rendah,2
11.669999999999987,2910.0,12.0,11.819999999999993,8.0,1624.1599999999999,1612.4900000000002,Purchase,Food,Mobile,Medan,Rendah,2
27.010000000000005,1504.0,7.0,28.88000000000001,21.0,7893.59,7866.58,Purchase,Grocery,Mobile,Surabaya,Rendah,2
19.99000000000001,372.0,9.0,20.92,12.0,1816.3699999999994,1796.38,Payment,Grocery,Mobile,Surabaya,Rendah,2
61.25999999999999,1191.0,4.0,43.78999999999999,0.0,1120.54,1059.2799999999997,Transfer,Electronics,Desktop,Medan,Rendah,3
177.78,357.0,2.0,190.33,6.0,3463.17,3285.39,Transfer,Electronics,Mobile,Jakarta,Rendah,3
82.74,561.0,9.0,61.75,21.0,4240.82,4158.08,Payment,Fashion,Mobile,Bandung,Rendah,0
18.69999999999999,2357.0,15.0,15.819999999999993,15.0,13548.42,13529.72,Purchase,Grocery,Mobile,Denpasar,Rendah,0
25.170000000000016,1452.0,12.0,19.58,9.0,1557.31,1532.1400000000003,Purchase,Food,Mobile,Denpasar,Rendah,0
171.53,908.0,2.0,172.07,1.0,4883.69,4712.16,Transfer,Travel,Desktop,Jakarta,Rendah,1
22.360000000000014,2185.0,12.0,17.510000000000005,21.0,6659.9,6637.54,Purchase,Fashion,Mobile,Bandung,Rendah,0
13.840000000000003,1904.0,11.0,11.260000000000005,14.0,6516.79,6502.95,Purchase,Fashion,Mobile,Medan,Rendah,2
747.99,161.9999999999999,1.0,680.09,2.0,5749.93,5001.94,Withdrawal,Electronics,Desktop,Denpasar,Sangat Tinggi,3
161.1,1114.0,5.0,175.38,19.0,2703.13,2542.03,Payment,Travel,Desktop,Denpasar,Rendah,0
25.830000000000013,1403.0,7.0,20.39,11.0,5325.81,5299.98,Purchase,Fashion,Mobile,Jakarta,Rendah,0
19.05000000000001,2729.0,10.0,13.909999999999997,13.0,7778.55,7759.5,Purchase,Food,Mobile,Surabaya,Rendah,2
413.21,828.0,2.0,290.22,3.0,6143.04,5729.83,Payment,Travel,Mobile,Surabaya,Tinggi,1
40.06999999999999,2093.0,11.0,29.379999999999995,15.0,11274.4,11234.33,Purchase,Food,Desktop,Medan,Rendah,2
51.24000000000001,2652.0,2.999999999999999,46.81,11.0,11848.12,11796.88,Payment,Food,Mobile,Medan,Rendah,2
18.560000000000002,1870.0,16.0,14.36,18.0,3715.87,3697.31,Purchase,Grocery,Mobile,Bandung,Rendah,0
661.06,105.99999999999989,1.0,674.59,4.0,6072.84,5411.78,Withdrawal,Travel,Desktop,Surabaya,Sangat Tinggi,1
798.9199999999998,70.0,2.999999999999999,621.8,1.0,3380.19,2581.27,Withdrawal,Travel,Mobile,Denpasar,Sangat Tinggi,1
54.00999999999999,2095.0,8.0,45.489999999999995,21.0,3863.06,3809.05,Purchase,Fashion,Mobile,Medan,Rendah,2
287.46,938.0,6.0,296.55,13.0,1073.3900000000003,785.9300000000003,Transfer,Travel,Desktop,Bandung,Sedang,1
145.54,262.9999999999999,2.999999999999999,113.45,9.0,4240.74,4095.2,Payment,Electronics,Mobile,Medan,Rendah,3
100.72,1186.0,4.0,85.55,18.0,2862.64,2761.92,Payment,Fashion,Mobile,Medan,Rendah,2
21.620000000000005,880.0,14.0,21.870000000000005,20.0,4893.74,4872.12,Purchase,Grocery,Desktop,Denpasar,Rendah,0
23.50999999999999,2801.0,12.0,21.14,12.0,2003.6400000000003,1980.13,Payment,Grocery,Mobile,Surabaya,Rendah,2
60.68000000000001,635.0,6.0,57.56999999999999,6.0,2955.9,2895.22,Transfer,Electronics,Tablet,Jakarta,Rendah,3
43.019999999999996,616.0,13.0,42.81999999999999,9.0,4414.97,4371.95,Purchase,Grocery,Mobile,Surabaya,Rendah,2
34.34999999999998,2766.0,14.0,28.950000000000003,12.0,5837.21,5802.86,Purchase,Food,Mobile,Jakarta,Rendah,0
238.07,668.0,5.0,204.37,9.0,4215.09,3977.02,Transfer,Travel,Tablet,Denpasar,Sedang,1
36.77999999999999,1124.0,16.0,35.39,13.0,5591.39,5554.61,Purchase,Fashion,Mobile,Medan,Rendah,2
508.23,476.0,2.0,362.33,10.0,2207.48,1699.25,Transfer,Electronics,Mobile,Denpasar,Tinggi,3
80.48,292.9999999999999,1.0,86.37,4.0,2989.44,2908.96,Payment,Travel,Desktop,Denpasar,Rendah,0
131.62,852.0,2.0,112.63,4.0,4313.44,4181.82,Transfer,Travel,Desktop,Medan,Rendah,2
654.59,40.0,1.0,648.99,0.0,6589.95,5935.36,Withdrawal,Travel,Mobile,Bandung,Sangat Tinggi,1
18.310000000000002,1552.0,6.0,19.480000000000004,15.0,2952.73,2934.42,Purchase,Grocery,Mobile,Jakarta,Rendah,0
20.74000000000001,782.0,8.0,18.200000000000003,10.0,6951.91,6931.17,Purchase,Grocery,Mobile,Bandung,Rendah,0
657.08,104.0,0.0,557.66,1.0,8676.08,8019.0,Withdrawal,Travel,Desktop,Denpasar,Sangat Tinggi,1
37.05,366.0,15.0,32.16,15.0,2067.28,2030.23,Purchase,Fashion,Desktop,Medan,Rendah,2
102.36,140.0,6.0,84.31,9.0,2724.94,2622.58,Transfer,Fashion,Mobile,Denpasar,Rendah,3
26.330000000000013,1903.0,13.0,26.629999999999995,8.0,8640.27,8613.94,Payment,Food,Mobile,Bandung,Rendah,0
36.230000000000004,2483.0,10.0,34.260000000000005,8.0,5478.1,5441.87,Purchase,Fashion,Mobile,Surabaya,Rendah,2
218.13,1197.0,6.0,177.92,3.0,3769.29,3551.16,Transfer,Electronics,Tablet,Denpasar,Sedang,3
43.469999999999985,1270.0,10.0,31.319999999999993,13.0,2652.97,2609.5,Payment,Food,Mobile,Bandung,Rendah,0
183.91,1094.0,4.0,175.92,20.0,12589.63,12405.72,Payment,Fashion,Mobile,Medan,Rendah,2
141.7,933.0,2.999999999999999,153.52,14.0,15615.42,15473.72,Transfer,Electronics,Desktop,Medan,Rendah,3
795.3399999999999,20.0,0.0,564.31,1.0,4719.73,3924.39,Withdrawal,Travel,Desktop,Bandung,Sangat Tinggi,1
53.21000000000001,2679.0,16.0,52.08,14.0,5310.66,5257.45,Payment,Food,Mobile,Jakarta,Rendah,0
261.6,904.0,5.0,277.61,8.0,6166.2,5904.6,Transfer,Travel,Desktop,Denpasar,Sedang,1
30.900000000000006,1072.0,14.0,23.180000000000007,11.0,3463.19,3432.29,Purchase,Food,Mobile,Bandung,Rendah,0
249.5,1135.0,2.999999999999999,186.47,22.0,2953.64,2704.14,Transfer,Travel,Tablet,Bandung,Sedang,1
223.75,611.0,2.0,178.62,21.0,7199.36,6975.61,Transfer,Travel,Desktop,Medan,Sedang,1
309.21,194.0,2.0,235.81,9.0,2089.03,1779.8199999999997,Transfer,Travel,Mobile,Bandung,Sedang,1
60.57000000000001,603.0,7.0,42.91,16.0,3968.45,3907.88,Purchase,Fashion,Mobile,Jakarta,Rendah,0
575.27,124.00000000000011,1.0,523.13,3.0,7401.38,6826.11,Transfer,Travel,Desktop,Jakarta,Tinggi,1
20.25,1661.0,17.0,15.010000000000005,21.0,14060.2,14039.95,Purchase,Fashion,Mobile,Medan,Rendah,2
269.7,176.9999999999999,2.999999999999999,230.18,22.0,11994.55,11724.85,Payment,Travel,Mobile,Surabaya,Sedang,2
329.13,654.0,4.0,314.69999999999993,10.0,3875.41,3546.28,Payment,Travel,Mobile,Denpasar,Sedang,1
45.35000000000001,866.0,13.0,37.91,11.0,954.3500000000004,909.0,Purchase,Grocery,Mobile,Bandung,Rendah,0
34.25,1070.0,12.0,33.150000000000006,21.0,3533.78,3499.53,Purchase,Food,Mobile,Bandung,Rendah,0
15.129999999999995,2388.0,13.0,16.189999999999984,14.0,3122.89,3107.76,Purchase,Grocery,Mobile,Jakarta,Rendah,0
39.879999999999995,2658.0,17.0,29.019999999999996,13.0,8499.63,8459.75,Purchase,Grocery,Mobile,Bandung,Rendah,0
42.53999999999998,2465.0,8.0,36.93000000000001,19.0,11332.03,11289.49,Purchase,Fashion,Mobile,Bandung,Rendah,0
437.69,20.0,5.0,335.61,0.0,4083.0,3645.31,Transfer,Electronics,Desktop,Bandung,Tinggi,3
80.81,502.0,2.999999999999999,87.76,23.0,2715.14,2634.33,Transfer,Electronics,Desktop,Denpasar,Rendah,3
14.060000000000002,1216.0,13.0,11.289999999999992,10.0,3955.84,3941.78,Purchase,Food,Mobile,Jakarta,Rendah,0
41.61,1016.0,12.0,41.75999999999999,21.0,4780.28,4738.67,Payment,Grocery,Mobile,Medan,Rendah,2
42.900000000000006,795.0,10.0,39.44,18.0,8463.9,8421.0,Purchase,Grocery,Mobile,Denpasar,Rendah,0
17.870000000000005,2858.0,18.0,13.75,10.0,2943.46,2925.59,Payment,Food,Mobile,Jakarta,Rendah,0
49.75,2032.0,19.0,42.43000000000001,9.0,4575.16,4525.41,Payment,Grocery,Mobile,Bandung,Rendah,0
83.34,591.0,5.0,64.09,0.0,1507.5100000000007,1424.1699999999996,Transfer,Travel,Desktop,Jakarta,Rendah,0
26.48999999999998,371.0,9.0,22.340000000000003,14.0,15292.19,15265.7,Purchase,Food,Mobile,Medan,Rendah,2
123.82,395.0,2.999999999999999,131.72,7.0,5354.75,5230.93,Payment,Fashion,Desktop,Bandung,Rendah,3
269.47,773.0,2.999999999999999,200.73,23.0,6492.8,6223.33,Transfer,Fashion,Mobile,Medan,Sedang,3
120.64,566.0,0.0,122.36,2.0,2819.73,2699.09,Transfer,Electronics,Mobile,Surabaya,Rendah,3
549.81,84.0,2.0,492.15,5.0,5354.06,4804.25,Transfer,Electronics,Desktop,Bandung,Tinggi,3
35.55,1416.0,11.0,26.650000000000006,16.0,5122.73,5087.18,Payment,Grocery,Mobile,Medan,Rendah,2
629.3400000000001,714.0,6.0,477.93,0.0,3319.35,2690.01,Transfer,Travel,Mobile,Denpasar,Sangat Tinggi,1
164.33,578.0,5.0,176.59,23.0,2350.3,2185.97,Transfer,Electronics,Desktop,Bandung,Rendah,3
189.36,635.0,9.0,133.19,23.0,1965.87,1776.5100000000002,Transfer,Travel,Mobile,Surabaya,Rendah,2
12.72999999999999,710.0,10.0,8.989999999999995,20.0,4059.28,4046.55,Purchase,Grocery,Mobile,Surabaya,Rendah,2
26.500000000000014,814.0,12.0,20.48999999999998,8.0,3401.48,3374.98,Purchase,Grocery,Mobile,Medan,Rendah,2
277.77,1052.0,5.0,299.25,23.0,2280.91,2003.1400000000003,Transfer,Travel,Mobile,Medan,Sedang,1
264.25,900.0,6.0,259.41,10.0,13731.13,13466.88,Transfer,Travel,Mobile,Denpasar,Sedang,1
82.38,2307.0,12.0,80.46,10.0,4018.12,3935.74,Purchase,Grocery,Mobile,Jakarta,Rendah,0
12.069999999999993,2435.0,8.0,8.659999999999997,14.0,7068.91,7056.84,Payment,Grocery,Mobile,Jakarta,Rendah,0
82.76,1173.0,5.0,61.349999999999994,17.0,2014.0699999999997,1931.31,Payment,Electronics,Mobile,Medan,Rendah,2
50.870000000000005,1544.0,10.0,53.86,11.0,3214.08,3163.21,Payment,Grocery,Mobile,Jakarta,Rendah,0
616.83,112.99999999999989,1.0,442.68,5.0,10523.41,9906.58,Withdrawal,Travel,Mobile,Bandung,Sangat Tinggi,1
30.14,385.0,15.0,26.11999999999999,15.0,7031.54,7001.4,Payment,Food,Mobile,Bandung,Rendah,0
347.0,1168.0,4.0,333.32000000000005,22.0,3469.88,3122.88,Transfer,Travel,Desktop,Surabaya,Sedang,1
17.909999999999997,504.0,10.0,14.629999999999995,13.0,5076.59,5058.68,Purchase,Grocery,Mobile,Medan,Rendah,2
91.01999999999998,831.0,6.0,65.13,19.0,5094.63,5003.61,Transfer,Electronics,Desktop,Denpasar,Rendah,3
607.43,556.0,9.0,510.6,2.0,11234.32,10626.89,Payment,Electronics,Mobile,Bandung,Sangat Tinggi,3
678.53,51.0,0.0,475.1000000000001,5.0,3979.4,3300.87,Withdrawal,Electronics,Mobile,Bandung,Sangat Tinggi,3
24.810000000000002,415.0,9.0,23.989999999999995,20.0,1538.94,1514.13,Purchase,Grocery,Mobile,Bandung,Rendah,0
143.71,867.0,10.0,107.81,0.0,11397.3,11253.59,Payment,Electronics,Desktop,Medan,Rendah,3
266.28,450.0,9.0,285.61,19.0,7364.42,7098.14,Payment,Electronics,Desktop,Jakarta,Sedang,3
716.3199999999999,8.0,2.0,636.44,2.0,3833.78,3117.46,Withdrawal,Travel,Mobile,Surabaya,Sangat Tinggi,1
50.599999999999994,2145.0,6.0,52.40999999999998,8.0,5963.51,5912.91,Purchase,Food,Mobile,Medan,Rendah,2
25.599999999999994,2716.0,9.0,25.939999999999998,15.0,6174.41,6148.81,Purchase,Food,Mobile,Jakarta,Rendah,0
48.729999999999976,2231.0,14.0,35.05,10.0,13638.42,13589.69,Purchase,Fashion,Mobile,Jakarta,Rendah,0
20.879999999999995,1003.0,18.0,15.789999999999992,18.0,1784.7199999999998,1763.8400000000001,Purchase,Grocery,Mobile,Surabaya,Rendah,2
113.18,283.0,6.0,123.6,5.0,13955.45,13842.27,Transfer,Fashion,Mobile,Surabaya,Rendah,3
71.64,1196.0,1.0,70.08,17.0,910.6300000000001,838.9899999999998,Payment,Fashion,Desktop,Jakarta,Rendah,0
73.74,2362.0,7.0,77.95,8.0,16161.64,16087.9,Purchase,Grocery,Mobile,Surabaya,Rendah,2
53.56,2285.0,16.0,42.03,17.0,3421.59,3368.03,Purchase,Grocery,Mobile,Medan,Rendah,2
16.05000000000001,2038.0,14.0,14.83999999999999,18.0,3150.54,3134.49,Purchase,Food,Mobile,Bandung,Rendah,0
413.31,141.0,2.0,306.52,0.0,4501.73,4088.42,Transfer,Electronics,Mobile,Jakarta,Tinggi,3
267.72,941.0,2.999999999999999,190.91,13.0,5648.18,5380.46,Payment,Fashion,Mobile,Bandung,Sedang,3
410.11,386.0,4.0,411.15,1.0,13352.0,12941.89,Transfer,Electronics,Mobile,Denpasar,Tinggi,3
146.03,427.0,6.0,131.05,5.0,3196.21,3050.18,Transfer,Travel,Mobile,Denpasar,Rendah,0
18.97,817.0,15.0,16.060000000000016,18.0,1166.21,1147.2399999999998,Purchase,Grocery,Mobile,Bandung,Rendah,0
16.22999999999999,2622.0,7.0,12.590000000000003,18.0,15795.19,15778.96,Purchase,Grocery,Mobile,Surabaya,Rendah,2
24.560000000000002,1812.0,19.0,20.840000000000003,16.0,1002.5500000000002,977.9899999999998,Purchase,Fashion,Mobile,Medan,Rendah,2
16.960000000000008,2166.0,13.0,16.220000000000013,13.0,981.4300000000003,964.4700000000003,Payment,Grocery,Mobile,Medan,Rendah,2
179.06,637.0,5.0,144.73,20.0,5977.69,5798.63,Transfer,Electronics,Mobile,Bandung,Rendah,3
523.77,722.0,6.0,538.14,9.0,13640.54,13116.77,Transfer,Electronics,Desktop,Medan,Tinggi,3
26.11,1439.0,12.0,25.33,15.0,1917.8599999999997,1891.75,Purchase,Grocery,Mobile,Jakarta,Rendah,0
452.48,1.0,1.0,344.06,0.0,4443.86,3991.38,Withdrawal,Travel,Desktop,Medan,Tinggi,1
57.52000000000001,1107.0,13.0,43.19000000000001,8.0,4954.5,4896.98,Purchase,Grocery,Mobile,Surabaya,Rendah,2
161.81,958.0,8.0,133.62,0.0,4779.25,4617.44,Payment,Fashion,Tablet,Bandung,Rendah,0
64.06,2012.0,7.0,49.41000000000001,19.0,15600.82,15536.76,Purchase,Grocery,Mobile,Medan,Rendah,2
46.93000000000001,942.0,16.0,49.370000000000005,16.0,3769.11,3722.18,Purchase,Grocery,Mobile,Jakarta,Rendah,0
19.900000000000006,1670.0,7.0,16.90000000000002,9.0,4920.26,4900.36,Payment,Grocery,Desktop,Medan,Rendah,2
176.46,647.0,2.999999999999999,134.13,19.0,2865.89,2689.43,Transfer,Electronics,Mobile,Jakarta,Rendah,3
179.89,817.0,10.0,182.14,4.0,9416.94,9237.05,Payment,Fashion,Mobile,Bandung,Rendah,0
30.61,1959.0,10.0,29.680000000000007,8.0,3372.7,3342.09,Purchase,Grocery,Mobile,Jakarta,Rendah,0
27.97,1558.0,13.0,27.78,14.0,13332.32,13304.349999999999,Payment,Grocery,Mobile,Denpasar,Rendah,0
226.07,242.0,2.999999999999999,246.16,1.0,8110.09,7884.02,Payment,Travel,Mobile,Denpasar,Sedang,1
20.539999999999992,1493.0,13.0,19.069999999999993,14.0,13223.33,13202.79,Payment,Grocery,Mobile,Bandung,Rendah,0
29.950000000000003,2472.0,8.0,26.77000000000001,13.0,4129.18,4099.23,Purchase,Food,Desktop,Jakarta,Rendah,0
146.23,411.0,11.0,146.45,7.0,14563.6,14417.37,Payment,Travel,Mobile,Bandung,Rendah,0
37.44999999999999,2085.0,12.0,26.500000000000014,17.0,9044.18,9006.73,Purchase,Grocery,Mobile,Jakarta,Rendah,0
113.04,256.0,6.0,107.18,10.0,11790.81,11677.77,Transfer,Fashion,Mobile,Jakarta,Rendah,3
168.92,615.0,9.0,129.99,2.0,3685.84,3516.92,Payment,Electronics,Tablet,Denpasar,Rendah,3
208.4,350.0,4.0,176.42,18.0,2227.26,2018.8599999999997,Transfer,Travel,Desktop,Surabaya,Sedang,1
36.71000000000002,2660.0,11.0,26.289999999999992,9.0,6890.72,6854.01,Purchase,Fashion,Desktop,Medan,Rendah,2
158.86,813.0,2.0,122.06,9.0,14285.55,14126.69,Payment,Fashion,Mobile,Medan,Rendah,3
231.91,1197.0,4.0,163.53,13.0,1933.8900000000003,1701.98,Transfer,Travel,Mobile,Surabaya,Sedang,1
279.92,149.0,1.0,224.77,3.0,5976.36,5696.44,Withdrawal,Electronics,Desktop,Jakarta,Sedang,3
24.19999999999999,890.0,13.0,22.489999999999995,12.0,2223.8,2199.6,Purchase,Grocery,Mobile,Medan,Rendah,2
190.36,507.0,6.0,183.97,10.0,6210.2,6019.84,Transfer,Electronics,Mobile,Bandung,Rendah,3
740.3399999999999,167.0,4.0,522.93,5.0,5225.75,4485.41,Withdrawal,Travel,Desktop,Medan,Sangat Tinggi,1
138.65,213.0,5.0,97.89,18.0,4459.01,4320.36,Transfer,Electronics,Mobile,Denpasar,Rendah,3
27.400000000000006,2151.0,13.0,25.599999999999994,11.0,4796.34,4768.94,Payment,Food,Mobile,Denpasar,Rendah,0
136.67,330.0,2.999999999999999,141.32,8.0,3425.31,3288.6400000000003,Transfer,Electronics,Desktop,Medan,Rendah,3
129.0,888.0,5.0,98.49,20.0,6749.41,6620.41,Transfer,Travel,Mobile,Surabaya,Rendah,2
59.730000000000004,971.0,8.0,54.16999999999999,13.0,5397.9,5338.17,Purchase,Grocery,Desktop,Jakarta,Rendah,0
23.44999999999999,2942.0,14.0,23.279999999999987,14.0,5740.32,5716.87,Payment,Fashion,Mobile,Surabaya,Rendah,2
101.82,1020.0,20.0,75.66,19.0,8956.65,8854.83,Payment,Food,Mobile,Surabaya,Rendah,2
147.35,716.0,5.0,117.92,11.0,3118.33,2970.98,Transfer,Fashion,Mobile,Jakarta,Rendah,3
549.84,127.0,4.0,452.88,1.0,2603.64,2053.8,Withdrawal,Electronics,Mobile,Surabaya,Tinggi,3
49.94,368.0,8.0,47.77000000000001,11.0,1581.4399999999996,1531.4999999999995,Purchase,Food,Desktop,Surabaya,Rendah,2
43.09,1646.0,5.0,32.44,16.0,5840.64,5797.55,Purchase,Fashion,Mobile,Jakarta,Rendah,0
239.01,390.0,2.0,178.04,11.0,12726.05,12487.04,Transfer,Fashion,Desktop,Surabaya,Sedang,3
51.579999999999984,935.0,8.0,49.69,18.0,4202.94,4151.36,Purchase,Grocery,Mobile,Surabaya,Rendah,2
37.61,619.0,14.0,40.42999999999999,11.0,1854.04,1816.4300000000003,Purchase,Grocery,Mobile,Medan,Rendah,2
25.86999999999999,1785.0,13.0,18.86999999999999,10.0,4587.34,4561.47,Payment,Fashion,Mobile,Jakarta,Rendah,0
20.03,815.0,13.0,21.689999999999998,11.0,2231.52,2211.49,Purchase,Fashion,Mobile,Denpasar,Rendah,0
34.5,2216.0,10.0,25.909999999999997,18.0,11006.82,10972.32,Purchase,Grocery,Mobile,Medan,Rendah,2
772.5,12.0,2.999999999999999,664.19,2.0,9052.53,8280.03,Withdrawal,Electronics,Desktop,Medan,Sangat Tinggi,3
47.20000000000002,976.0,12.0,44.41,13.0,5633.73,5586.53,Purchase,Grocery,Mobile,Medan,Rendah,2
9.919999999999987,485.0,16.0,10.180000000000007,18.0,4123.9,4113.98,Payment,Food,Mobile,Surabaya,Rendah,2
22.430000000000007,1961.0,14.0,22.460000000000008,11.0,1919.44,1897.0100000000002,Purchase,Food,Mobile,Medan,Rendah,2
130.36,1042.0,6.0,95.12,8.0,4748.62,4618.26,Payment,Travel,Mobile,Bandung,Rendah,0
52.64,2791.0,11.0,40.93000000000001,14.0,1025.3400000000001,972.6999999999998,Purchase,Fashion,Mobile,Surabaya,Rendah,2
186.77,210.0000000000001,4.0,161.03,15.0,2394.82,2208.05,Transfer,Travel,Desktop,Surabaya,Rendah,2
377.14,167.0,0.0,401.18,0.0,14990.1,14612.96,Transfer,Travel,Desktop,Surabaya,Sedang,1
88.99,681.0,2.0,78.70999999999998,13.0,1519.4700000000007,1430.4800000000005,Transfer,Travel,Tablet,Surabaya,Rendah,2
91.15,258.9999999999999,2.999999999999999,98.67,23.0,4115.02,4023.87,Transfer,Electronics,Mobile,Medan,Rendah,3
260.75,453.0,7.0,205.82,19.0,2742.36,2481.61,Transfer,Travel,Mobile,Bandung,Sedang,1
14.400000000000006,1296.0,7.0,13.260000000000005,13.0,6068.51,6054.11,Purchase,Fashion,Mobile,Denpasar,Rendah,0
302.72,437.0,7.0,274.35,12.0,4932.18,4629.46,Transfer,Electronics,Tablet,Bandung,Sedang,3
176.89,594.0,5.0,162.63,4.0,13156.43,12979.54,Transfer,Travel,Mobile,Medan,Rendah,2
548.3999999999999,4.0,0.0,486.6,5.0,2369.65,1821.25,Withdrawal,Travel,Desktop,Denpasar,Tinggi,1
147.07,1104.0,6.0,147.55,19.0,10179.78,10032.71,Transfer,Electronics,Mobile,Denpasar,Rendah,3
115.42,1095.0,5.0,107.27,17.0,4229.97,4114.55,Payment,Travel,Desktop,Medan,Rendah,2
124.26,1192.0,8.0,117.01,1.0,4069.71,3945.45,Payment,Travel,Mobile,Surabaya,Rendah,2
33.44000000000001,2779.0,12.0,35.25,13.0,1739.71,1706.2700000000004,Purchase,Food,Mobile,Jakarta,Rendah,0
80.33,1996.0,12.0,77.4,8.0,7321.41,7241.08,Purchase,Food,Mobile,Jakarta,Rendah,0
35.120000000000005,834.0,11.0,37.52000000000001,8.0,548.4400000000005,513.3199999999997,Purchase,Grocery,Mobile,Medan,Rendah,2
261.63,581.0,10.0,268.87,18.0,4482.44,4220.81,Payment,Electronics,Mobile,Denpasar,Sedang,3
14.150000000000006,1047.0,16.0,13.579999999999998,12.0,8669.21,8655.06,Purchase,Food,Mobile,Surabaya,Rendah,2
29.650000000000006,1010.0,10.0,29.980000000000004,9.0,1276.0699999999997,1246.4200000000005,Payment,Fashion,Mobile,Bandung,Rendah,0
509.72,1001.0,8.0,465.3399999999999,13.0,2345.09,1835.37,Transfer,Travel,Desktop,Medan,Tinggi,1
36.0,2915.0,12.0,36.17,19.0,3006.32,2970.32,Purchase,Food,Mobile,Surabaya,Rendah,2
587.72,88.0,2.999999999999999,627.96,3.0,5352.06,4764.34,Withdrawal,Travel,Desktop,Denpasar,Tinggi,1
318.88,671.0,5.0,297.04,1.0,4114.44,3795.56,Payment,Electronics,Tablet,Jakarta,Sedang,3
44.629999999999995,441.0,12.0,48.56,17.0,9303.25,9258.62,Purchase,Food,Mobile,Surabaya,Rendah,2
49.72,1479.0,12.0,51.34,18.0,8439.61,8389.89,Payment,Food,Mobile,Bandung,Rendah,0
56.94,768.0,11.0,61.120000000000005,20.0,2641.78,2584.84,Payment,Grocery,Desktop,Bandung,Rendah,0
49.44999999999999,1091.0,7.0,36.11,19.0,7271.18,7221.73,Purchase,Fashion,Mobile,Surabaya,Rendah,2
21.27000000000001,2652.0,13.0,15.930000000000007,18.0,2778.7,2757.43,Purchase,Fashion,Mobile,Denpasar,Rendah,0
64.86,1368.0,17.0,71.2,10.0,2611.96,2547.1,Purchase,Fashion,Desktop,Surabaya,Rendah,2
21.659999999999997,2184.0,16.0,20.379999999999995,13.0,4375.69,4354.03,Payment,Grocery,Mobile,Surabaya,Rendah,2
463.8,963.0,6.0,502.9,23.0,4414.6,3950.8,Payment,Fashion,Desktop,Medan,Tinggi,3
606.99,41.0,2.999999999999999,471.7,4.0,3979.61,3372.62,Withdrawal,Travel,Mobile,Jakarta,Sangat Tinggi,1
484.16,76.0,1.0,371.47,4.0,4852.67,4368.51,Withdrawal,Electronics,Desktop,Denpasar,Tinggi,3
128.22,1018.0,2.999999999999999,121.21,1.0,4574.42,4446.2,Payment,Travel,Tablet,Surabaya,Rendah,2
94.58,575.0,7.0,76.35,4.0,1667.3599999999997,1572.7799999999993,Transfer,Electronics,Desktop,Denpasar,Rendah,3
41.41999999999999,2678.0,15.0,43.69,13.0,3495.1100000000006,3453.6899999999996,Purchase,Fashion,Mobile,Surabaya,Rendah,2
36.97,2395.0,17.0,35.28,21.0,13795.04,13758.07,Purchase,Grocery,Mobile,Jakarta,Rendah,0
433.16,6.0,4.0,424.02,1.0,2002.6099999999997,1569.4500000000003,Withdrawal,Travel,Desktop,Bandung,Tinggi,1
47.230000000000004,2423.0,11.0,38.72999999999999,13.0,3752.97,3705.74,Purchase,Grocery,Desktop,Medan,Rendah,2
98.80000000000001,908.0,2.999999999999999,91.78,0.0,5344.04,5245.24,Transfer,Electronics,Desktop,Surabaya,Rendah,3
694.9199999999998,5.0,2.999999999999999,668.25,0.0,5989.33,5294.41,Withdrawal,Travel,Desktop,Medan,Sangat Tinggi,1
164.03,370.0,2.999999999999999,119.32,12.0,2881.81,2717.78,Transfer,Travel,Tablet,Bandung,Rendah,0
41.97000000000001,1356.0,18.0,31.03,11.0,6855.37,6813.4,Purchase,Grocery,Mobile,Jakarta,Rendah,0
21.50999999999999,2301.0,18.0,22.700000000000003,11.0,3413.44,3391.9300000000003,Purchase,Fashion,Mobile,Surabaya,Rendah,2
29.669999999999987,873.0,13.0,23.14,19.0,14342.99,14313.32,Purchase,Grocery,Mobile,Surabaya,Rendah,2
24.00999999999999,1287.0,14.0,26.400000000000006,9.0,7296.63,7272.62,Purchase,Grocery,Mobile,Surabaya,Rendah,2
205.58,347.0,2.999999999999999,185.81,19.0,3770.19,3564.61,Transfer,Electronics,Mobile,Surabaya,Sedang,3
477.26,949.0,7.0,373.92,15.0,1838.9600000000005,1361.6999999999998,Transfer,Electronics,Tablet,Denpasar,Tinggi,3
133.83,508.0,4.0,116.02,0.0,5539.8,5405.97,Payment,Travel,Mobile,Denpasar,Rendah,0
202.68,974.0,7.0,145.86,3.0,2469.37,2266.69,Transfer,Electronics,Mobile,Medan,Rendah,3
442.14,759.0,2.0,476.27,6.0,4470.25,4028.11,Payment,Fashion,Tablet,Surabaya,Tinggi,3
189.98,1129.0,6.0,140.46,15.0,10567.88,10377.9,Transfer,Travel,Desktop,Denpasar,Rendah,0
21.120000000000005,1477.0,11.0,17.41000000000001,20.0,3119.15,3098.03,Purchase,Fashion,Desktop,Medan,Rendah,2
83.44,1126.0,9.0,64.66,17.0,2355.54,2272.1,Transfer,Fashion,Mobile,Bandung,Rendah,0
28.489999999999995,880.0,9.0,29.629999999999995,16.0,14010.18,13981.69,Purchase,Food,Mobile,Denpasar,Rendah,0
163.14,138.0,5.0,173.3,12.0,6532.61,6369.47,Payment,Electronics,Mobile,Bandung,Rendah,3
137.39,977.0,4.0,111.15,2.0,3301.66,3164.27,Payment,Fashion,Tablet,Medan,Rendah,3
78.8,333.0,2.999999999999999,59.96000000000001,13.0,6758.71,6679.91,Transfer,Fashion,Mobile,Surabaya,Rendah,2
31.870000000000005,2597.0,10.0,30.67,8.0,5657.67,5625.8,Payment,Fashion,Mobile,Jakarta,Rendah,0
287.17,131.0000000000001,2.0,228.09,18.0,2257.54,1970.37,Transfer,Electronics,Tablet,Bandung,Sedang,3
52.50999999999999,1013.0,14.0,55.78999999999998,11.0,13274.15,13221.64,Payment,Grocery,Mobile,Medan,Rendah,2
13.810000000000002,960.0,11.0,11.350000000000009,10.0,13424.68,13410.87,Purchase,Fashion,Mobile,Denpasar,Rendah,0
121.31,554.0,12.0,98.16,16.0,2284.0,2162.69,Payment,Travel,Desktop,Bandung,Rendah,0
14.629999999999995,1717.0,14.0,14.129999999999995,11.0,6617.2,6602.57,Payment,Grocery,Mobile,Medan,Rendah,2
54.50999999999999,1397.0,8.0,42.25,20.0,3187.81,3133.3,Purchase,Grocery,Mobile,Surabaya,Rendah,2
538.82,131.9999999999999,2.999999999999999,525.76,2.0,3831.2,3292.38,Withdrawal,Electronics,Desktop,Bandung,Tinggi,3
682.29,20.0,2.0,571.8699999999999,2.0,766.4200000000001,84.13000000000011,Withdrawal,Travel,Mobile,Bandung,Sangat Tinggi,1
80.86,564.0,4.0,82.74,13.0,1573.1600000000003,1492.2999999999997,Payment,Fashion,Desktop,Medan,Rendah,2
434.42,718.0,7.0,466.58,17.0,2085.07,1650.6499999999996,Transfer,Travel,Mobile,Surabaya,Tinggi,1
15.719999999999999,2426.0,14.0,14.599999999999994,17.0,2621.18,2605.46,Payment,Grocery,Mobile,Surabaya,Rendah,2
284.77,630.0,6.0,298.65,1.0,13105.68,12820.91,Transfer,Fashion,Mobile,Denpasar,Sedang,3
297.26,4.0,1.0,298.18,1.0,10697.36,10400.1,Transfer,Travel,Desktop,Surabaya,Sedang,1
135.62,929.0,2.0,138.8,22.0,8884.64,8749.02,Transfer,Electronics,Tablet,Surabaya,Rendah,3
160.27,105.00000000000011,4.0,136.41,0.0,2492.57,2332.3,Transfer,Fashion,Mobile,Surabaya,Rendah,3
497.26,95.0,1.0,475.26,2.0,2413.71,1916.4499999999998,Withdrawal,Electronics,Mobile,Denpasar,Tinggi,3
639.82,140.0,2.0,604.77,5.0,2928.89,2289.07,Withdrawal,Travel,Mobile,Medan,Sangat Tinggi,1
520.52,461.0,4.0,471.06,7.0,2571.64,2051.12,Transfer,Electronics,Mobile,Denpasar,Tinggi,3
172.26,787.0,2.999999999999999,177.35,13.0,6977.45,6805.19,Payment,Electronics,Mobile,Bandung,Rendah,3
632.2,5.0,2.999999999999999,543.8499999999999,1.0,9890.28,9258.08,Transfer,Electronics,Mobile,Denpasar,Sangat Tinggi,3
20.879999999999995,1033.0,12.0,21.239999999999995,11.0,6601.17,6580.29,Purchase,Grocery,Mobile,Medan,Rendah,2
104.9,693.0,5.0,102.28,3.0,3399.52,3294.62,Transfer,Electronics,Mobile,Bandung,Rendah,3
26.289999999999992,1905.0,11.0,22.760000000000005,8.0,6832.53,6806.24,Payment,Grocery,Mobile,Denpasar,Rendah,0
56.86,1400.0,6.0,58.67,9.0,4889.78,4832.92,Payment,Fashion,Desktop,Bandung,Rendah,0
114.15,1144.0,6.0,91.41,11.0,3287.28,3173.13,Payment,Fashion,Mobile,Surabaya,Rendah,2
493.63,38.0,4.0,347.83,3.0,6120.89,5627.26,Withdrawal,Travel,Mobile,Surabaya,Tinggi,1
467.44,918.0,5.0,427.0,12.0,2076.54,1609.1,Transfer,Travel,Mobile,Jakarta,Tinggi,1
506.06,985.0,1.0,384.25,2.0,3786.16,3280.0999999999995,Transfer,Travel,Desktop,Denpasar,Tinggi,1
37.129999999999995,2903.0,10.0,30.14,10.0,3496.16,3459.03,Payment,Grocery,Mobile,Medan,Rendah,2
794.8,105.00000000000011,2.0,582.8599999999999,3.0,9482.17,8687.37,Transfer,Electronics,Mobile,Bandung,Sangat Tinggi,3
465.37,1103.0,6.0,392.85,8.0,6626.07,6160.7,Payment,Travel,Mobile,Jakarta,Tinggi,1
53.58,1982.0,12.0,40.99000000000001,8.0,3835.88,3782.3,Purchase,Food,Mobile,Bandung,Rendah,0
15.419999999999987,2834.0,14.0,13.460000000000008,21.0,2206.74,2191.32,Purchase,Grocery,Mobile,Jakarta,Rendah,0
25.799999999999997,1020.0,15.0,20.61,12.0,3767.61,3741.81,Purchase,Food,Mobile,Medan,Rendah,2
15.349999999999994,1131.0,7.0,15.89,21.0,4750.77,4735.42,Purchase,Food,Mobile,Surabaya,Rendah,2
29.18000000000002,1770.0,15.0,25.599999999999994,17.0,3034.6,3005.42,Payment,Food,Desktop,Surabaya,Rendah,2
39.89,853.0,13.0,35.89,8.0,4842.65,4802.76,Purchase,Food,Mobile,Surabaya,Rendah,2
506.64,169.0000000000001,1.0,418.06,3.0,4142.06,3635.42,Withdrawal,Travel,Mobile,Bandung,Tinggi,1
17.400000000000006,2022.0,12.0,13.38000000000001,18.0,2305.96,2288.56,Purchase,Food,Mobile,Surabaya,Rendah,2
27.299999999999997,952.0,16.0,25.569999999999993,12.0,2344.9,2317.6,Purchase,Food,Mobile,Surabaya,Rendah,2
42.25999999999999,2773.0,8.0,45.129999999999995,17.0,15545.0,15502.74,Purchase,Food,Desktop,Bandung,Rendah,0
29.26000000000002,2730.0,8.0,27.03,21.0,762.1900000000005,732.9300000000003,Purchase,Fashion,Mobile,Denpasar,Rendah,0
187.11,897.0,2.999999999999999,171.76,9.0,7750.59,7563.48,Transfer,Fashion,Mobile,Surabaya,Rendah,3
95.47,963.0,5.0,90.78,19.0,1298.0699999999997,1202.6000000000004,Payment,Electronics,Mobile,Surabaya,Rendah,2
621.66,133.0,4.0,575.09,20.0,5187.72,4566.06,Transfer,Travel,Mobile,Bandung,Sangat Tinggi,1
630.54,92.0,2.0,478.1,1.0,1642.2600000000002,1011.7200000000003,Withdrawal,Electronics,Mobile,Surabaya,Sangat Tinggi,3
69.1,1467.0,9.0,52.06999999999999,18.0,7632.89,7563.79,Purchase,Fashion,Mobile,Surabaya,Rendah,2
20.379999999999995,1359.0,17.0,16.220000000000013,12.0,5930.49,5910.11,Purchase,Fashion,Mobile,Medan,Rendah,2
10.340000000000003,399.0,11.0,9.779999999999987,11.0,9761.93,9751.59,Payment,Food,Mobile,Medan,Rendah,2
48.77999999999999,1772.0,15.0,45.099999999999994,21.0,7110.79,7062.01,Purchase,Food,Mobile,Bandung,Rendah,0
16.110000000000014,864.0,14.0,17.560000000000002,15.0,8378.06,8361.95,Payment,Grocery,Desktop,Denpasar,Rendah,0
532.27,141.0,2.999999999999999,405.0,4.0,2307.05,1774.7799999999997,Withdrawal,Travel,Mobile,Jakarta,Tinggi,1
324.99,463.0,8.0,297.8,11.0,9037.6,8712.61,Transfer,Electronics,Desktop,Medan,Sedang,3
22.75999999999999,1282.0,14.0,17.189999999999998,18.0,5320.21,5297.45,Payment,Grocery,Mobile,Medan,Rendah,2
39.170000000000016,1435.0,10.0,40.44,14.0,3047.93,3008.76,Purchase,Grocery,Mobile,Jakarta,Rendah,0
60.349999999999994,2589.0,14.0,47.47,19.0,2938.51,2878.16,Purchase,Grocery,Mobile,Jakarta,Rendah,0
129.14,541.0,6.0,133.0,7.0,3978.87,3849.73,Payment,Fashion,Desktop,Surabaya,Rendah,2
81.86,191.9999999999999,5.0,73.86,12.0,2510.51,2428.65,Transfer,Travel,Tablet,Denpasar,Rendah,0
117.41,1422.0,13.0,117.74,20.0,13447.15,13329.740000000002,Purchase,Grocery,Mobile,Bandung,Rendah,0
32.629999999999995,2629.0,14.0,34.89,20.0,2879.5,2846.87,Purchase,Fashion,Mobile,Jakarta,Rendah,0
88.79,1081.0,6.0,80.97,23.0,5458.01,5369.22,Transfer,Travel,Mobile,Denpasar,Rendah,0
265.19,994.0,2.0,194.89,8.0,1280.9099999999999,1015.7200000000003,Transfer,Travel,Desktop,Bandung,Sedang,1
82.03,221.0000000000001,6.0,66.36,9.0,10573.58,10491.55,Payment,Electronics,Mobile,Medan,Rendah,3
122.85,1025.0,8.0,115.55,2.0,5969.01,5846.16,Transfer,Travel,Tablet,Jakarta,Rendah,0
40.59000000000002,2036.0,11.0,34.3,18.0,13148.5,13107.91,Purchase,Food,Mobile,Bandung,Rendah,0
279.5,1033.0,5.0,197.41,15.0,4995.92,4716.42,Transfer,Electronics,Mobile,Surabaya,Sedang,3
68.11,2524.0,5.0,59.95,20.0,7001.19,6933.08,Payment,Grocery,Desktop,Medan,Rendah,2
27.539999999999992,2260.0,7.0,24.64,8.0,7692.18,7664.64,Purchase,Food,Mobile,Medan,Rendah,2
79.45,867.0,14.0,75.23,14.0,5164.51,5085.06,Payment,Grocery,Mobile,Medan,Rendah,2
117.45,241.0,6.0,114.28,15.0,2419.16,2301.71,Payment,Electronics,Desktop,Denpasar,Rendah,3
