TransactionAmount,AccountAgeDays,NumTransactionsLast7D,AvgTransactionAmount7D,TransactionHour,BalanceBefore,BalanceAfter,TransactionType,MerchantCategory,DeviceType,Location,AmountBin,Target
-0.7127589760465561,-0.33139098379907744,1.5293288003216368,-0.7401885488157554,1.3830611037284897,1.1532657928890546,1.187844904421457,1,2,1,3,0,2
-0.7852197713192627,-0.5388820473927618,1.3278337278984138,-0.8029680199981402,0.1294543066530414,-0.6369964156247162,-0.5965532659021758,0,3,1,2,0,0
0.3776377088472329,-0.9870136344442103,-0.687116996333815,0.2095392912313614,-1.5942550393257002,-1.059461049995034,-1.0772297991481055,2,1,1,0,2,3
1.3435788293413349,-1.3123694442212894,-1.0901071411802608,1.4876037655623506,-1.4375541896912691,0.13749224446258493,0.06946325681585556,2,4,1,3,2,1
-0.7650856266786021,-0.0539177271590025,-0.08263177906414627,-0.7596501848822946,-0.6540499415191139,0.38316026561991545,0.4213304250352527,0,3,0,0,0,0
-0.5120812926500835,1.6931815834552748,0.1188632933590766,-0.4907029303369583,-0.027246542981389666,-0.003341421307447779,0.022526215980173944,1,3,1,4,0,2
-0.7115973907788257,0.8558507824440752,2.3353090900145284,-0.6868887777819108,0.5995568555563345,-1.3972140204227623,-1.3595532641639658,1,3,1,3,0,2
-0.651250270441022,0.43227435084750054,0.5218534382055223,-0.6283155311687458,1.3830611037284897,1.5906280439725384,1.6215620471902146,1,3,1,4,0,2
0.7173737428662889,-1.1183837161277856,0.3203583657822995,0.8335672347842661,1.6964628029973519,0.07045017210412399,0.034131267324226146,0,4,1,4,2,2
0.297433011789657,-0.6628855824398749,-0.485621923910592,0.18549475376850796,0.28615515628747246,-0.5640187926343856,-0.5783466892028047,2,0,0,2,2,3
-0.7307358909042887,0.12410714988883322,0.3203583657822995,-0.7320272175620454,0.28615515628747246,-0.8859902471973593,-0.8479923200830587,0,2,1,3,0,2
-0.7735486050577808,1.5974164771812667,1.3278337278984138,-0.7921071714835876,-0.4973490918846828,1.2730844766151492,1.310586341783261,1,3,1,4,0,2
-0.4326509857709944,-0.7856613597142444,1.3278337278984138,-0.43074853535778085,-0.6540499415191139,-0.17207105618758284,-0.15000742891775004,0,2,1,3,0,2
0.11191125045785714,-1.1859103936286888,-0.8886120687570378,-0.08075298351598574,0.5995568555563345,-1.0609659162721055,-1.0653118528231833,2,0,2,3,0,3
-0.5389636945604157,-1.012796547671828,-0.8886120687570378,-0.5286217309311187,-0.6540499415191139,0.5547513841458576,0.5812896028894649,2,4,1,2,0,0
-0.11271721488753296,-1.2104655490835627,-0.08263177906414627,-0.22351350098472877,1.0696594044596277,-0.9082947150289,-0.9014833932858916,2,0,1,2,0,3
0.1524561076600663,-0.4185617856638798,-0.8886120687570378,0.33968113499244496,-1.9076567385945622,-0.29053032539572776,-0.29787265702030064,2,0,0,4,0,3
-0.1926453440242207,-0.47012761211911497,-0.8886120687570378,-0.24849973051531793,-0.6540499415191139,0.0335417882268756,0.043230365116132444,2,1,1,0,0,3
0.6646598971449995,-1.2043267602198442,-0.687116996333815,0.9956010499060012,1.2263602540940588,0.769315106044757,0.7347981154684203,2,1,2,3,2,3
-0.5675608175802549,-0.050234453840771416,-0.485621923910592,-0.5445677166114444,0.28615515628747246,0.6480978477117186,0.6759654779493073,1,3,1,1,0,0
-0.6594919944834902,1.644071272545527,0.3203583657822995,-0.6337773451616132,0.9129585548251966,0.6477621898060522,0.6802733713466421,1,3,0,3,0,2
-0.06077775934473043,-0.10302803806875029,-0.8886120687570378,-0.09079769890516737,0.28615515628747246,-0.8489112372180637,-0.8447963213498869,0,4,1,3,0,2
-0.6797367662925059,1.4869182776343342,0.7233485106287452,-0.6893999566292061,-0.027246542981389666,-1.182051708592091,-1.1462650480077285,1,3,1,4,0,2
-0.7292424241314924,-0.09688924920503181,0.7233485106287452,-0.7094266079363868,0.9129585548251966,0.05149109473239311,0.08825930530954429,1,3,0,0,0,0
-0.551022055911141,-0.28964721952579187,0.5218534382055223,-0.5186397950131196,-0.18394739261582072,0.3297710785744406,0.35719533507246837,0,3,1,3,0,2
1.8360356692748512,-0.21843726870665756,-0.8886120687570378,1.530921600678196,0.5995568555563345,0.7497854102333927,0.6561301711263005,2,1,0,0,3,3
-0.7468874574841591,1.9276833180493205,1.5293288003216368,-0.7514888536285846,0.9129585548251966,-0.6876639764850784,-0.6490944793416535,1,3,1,4,0,2
1.6875186957578914,-0.1852878088425778,-0.28412685148736916,2.019785342775426,-0.967451640787976,-0.7022483124862889,-0.7866146171391908,2,4,1,2,3,1
0.394895547110656,-0.5351987740745308,-0.485621923910592,0.23622056648387493,1.2263602540940588,1.1722612332005662,1.1508730099854465,0,0,0,2,2,3
-0.17826381213803472,-0.7930279063507066,-0.485621923910592,-0.3093958175622311,-0.8107507911535449,-0.6132933731862317,-0.6035347351628371,2,1,2,3,0,3
2.9643774729145003,-1.18959366694692,-1.6945923584499292,3.0695836598872646,-1.5942550393257002,0.9428418518267091,0.7919601172861026,3,4,0,4,1,1
-0.7477171612468236,1.9006726470489592,0.3203583657822995,-0.753811694062333,1.0696594044596277,0.2588213887641787,0.29626741866360107,1,2,0,2,0,0
-0.3264489041499284,-1.0876897718091934,-1.0901071411802608,-0.30675907977257094,-0.027246542981389666,0.8713383264720975,0.886753327963771,0,0,0,3,0,3
-0.6823918183330325,0.5894273457586935,0.7233485106287452,-0.7124400225531413,-0.4973490918846828,-0.8931985007215479,-0.8576333966811146,1,2,1,2,0,0
0.9271228540678944,-0.024451540613153827,-0.485621923910592,1.3442782328529659,-0.967451640787976,-0.4634556840966943,-0.509710940184828,2,4,1,2,2,1
-0.34553209069121366,-0.6984905578494421,-1.2916022136034835,-0.2667057771582095,0.9129585548251966,-0.6639273682560272,-0.6456582219624566,2,4,2,1,0,0
-0.680787724391881,0.15234557866193818,0.1188632933590766,-0.6870771161954579,-0.34064824225025175,-0.08530348757278584,-0.05081413257159738,0,3,1,4,0,2
-0.6195555867072351,-0.7684727508958328,0.7233485106287452,-0.6619653277225039,-0.34064824225025175,-0.5121484576120519,-0.48022617564820624,0,2,1,3,0,2
-0.6456635984390805,-0.8924762859429459,1.1263386554751909,-0.6197775230879414,0.4428560059219035,-0.9806038193571114,-0.9467861165875648,1,2,1,1,0,0
-0.7637581006583389,-0.20615969097922063,0.1188632933590766,-0.7769145394574505,0.28615515628747246,-0.8377478147054379,-0.7981414447380256,1,3,1,4,0,2
0.7617352373767549,-0.006035174021998411,-0.8886120687570378,0.7913794301497034,1.2263602540940588,-0.8830140804337828,-0.920399571102593,2,1,1,0,2,3
0.979504818284118,-0.6960350423039547,-0.8886120687570378,1.0925953328827855,1.0696594044596277,-0.6121549334561793,-0.6608727404072586,2,0,0,3,2,3
-0.569994615284071,2.0848363129605136,1.9323189451680824,-0.5212765328027796,0.1294543066530414,-0.4192019863837768,-0.38989730585830734,1,1,1,3,0,2
2.4537224637865407,-1.1945046980378948,-1.4930972860267064,2.202159706560254,-1.124152490422407,1.3372594710293746,1.2116835907764876,3,4,1,1,3,1
-0.63045236279023,0.08604665893377868,1.3278337278984138,-0.6687455106102016,1.3830611037284897,-0.817339814040913,-0.7844914011975732,1,2,1,4,0,2
-0.3398347915209169,-1.168721784810277,-0.28412685148736916,-0.42886515122230934,1.3830611037284897,-0.6100570715457636,-0.5921420054129466,0,0,1,3,0,3
-0.7070616768762593,2.1769181459162903,1.9323189451680824,-0.7378029289108248,0.28615515628747246,-1.035419552501669,-0.9984333443674139,1,3,1,2,0,0
-0.773825172978669,-0.27368636848012384,0.5218534382055223,-0.7860803422500787,0.28615515628747246,-0.7025643903474583,-0.6626160124435343,1,2,1,1,0,0
-0.7494318823563305,1.5925054460902919,1.7308238727448595,-0.7427625071342332,0.28615515628747246,0.32632219359371706,0.36377171708111034,1,1,1,0,0,0
-0.7403604545511977,-0.44802797220972845,1.9323189451680824,-0.753497796706421,-0.4973490918846828,-0.08595522333962166,-0.04845624539432737,1,3,1,4,0,2
0.31446959571636957,-0.07233409375015791,-1.0901071411802608,0.20062460632346285,-0.4973490918846828,-1.3215035826504633,-1.3357592770919164,2,1,1,4,2,3
0.09421090352101287,-0.13740525570557371,-1.0901071411802608,0.06947829102346097,1.5397619533629208,-0.5420304026640143,-0.5461212998783842,2,0,1,4,0,3
0.19814512819079566,-0.7746115397595512,-1.0901071411802608,-0.013390610937286862,-1.750955888960131,1.8655486516087065,1.8532440182933076,2,0,1,0,0,3
-0.6406853758630932,2.2567224011446307,0.7233485106287452,-0.6011320201467731,1.3830611037284897,-0.23439433782221522,-0.2017468489687483,1,2,1,2,0,0
0.09498529369949973,-1.0950563184456554,-1.2916022136034835,-0.039506870949158904,1.3830611037284897,-0.8144531560521808,-0.8182477409641074,0,4,2,0,0,0
0.46033151719280246,-0.9759638144895171,-0.8886120687570378,0.5569608847546788,-1.280853340056838,-0.6834850355595301,-0.7058932994851117,2,0,1,1,2,3
-0.7152480873345498,-0.27614188402561124,1.9323189451680824,-0.6998841283166644,-0.6540499415191139,2.88582840741875,2.918399994688779,1,3,1,2,0,0
-0.4627968891478074,0.334053729028005,-0.08263177906414627,-0.5254199779008171,-0.34064824225025175,1.3841201118096358,1.4057902271233216,1,3,1,0,0,0
-0.6881997446716845,1.463590879952204,0.3203583657822995,-0.6887093824461998,0.9129585548251966,-0.4021421733282755,-0.3668883499436193,1,2,1,4,0,2
-0.5734240575030846,-0.2110707220701954,0.3203583657822995,-0.5367202827136464,0.7562577051907656,-0.19915305487644366,-0.16994610283265146,1,2,0,3,0,2
-0.07018106865492893,-0.16318816893319132,-1.0901071411802608,0.05560402789215388,-0.6540499415191139,0.9383412387415637,0.9407305058690272,0,4,1,4,0,2
-0.46661352645606446,0.7772742849884787,1.3278337278984138,-0.4899495766827697,1.2263602540940588,-1.3978629590403842,-1.372574724037492,1,1,1,4,0,2
-0.6760307561526041,1.7300143166375856,0.7233485106287452,-0.6539923348823411,1.3830611037284897,-0.8766114058831939,-0.8413880010225533,1,3,1,1,0,0
-0.714473697156063,1.8908505848670096,0.5218534382055223,-0.6994446720183877,0.5995568555563345,1.399143600237427,1.4335065762769907,1,1,1,3,0,2
3.514305126808582,-1.2914975620846465,-1.6945923584499292,3.4522873162150813,-1.280853340056838,2.733537618468633,2.55267604874514,3,4,0,4,1,1
-0.5995873828191076,-0.6100919982118961,1.5293288003216368,-0.6097328076987598,1.2263602540940588,1.1661858251080022,1.1950331078659076,1,3,1,1,0,0
1.6165513672579812,-0.5769425383478164,-0.28412685148736916,1.352439564106676,1.5397619533629208,-1.2210243885891887,-1.301167619474667,0,4,1,2,3,1
-0.4112999422784259,-0.542565320710993,-0.8886120687570378,-0.37908103057467823,-0.967451640787976,-0.609796936668872,-0.588272723729867,2,1,1,4,0,2
0.35125312919449925,-0.7340955332590093,-0.687116996333815,0.5872205898645881,-1.280853340056838,0.40433468516904547,0.38609621522514526,0,0,0,0,2,3
2.524357910781385,-1.1588997226283275,-1.4930972860267064,2.8845725583127764,-1.4375541896912691,-0.9955154218163468,-1.121786603165026,3,4,1,4,1,1
-0.5900734463405538,-0.11530561579618723,0.3203583657822995,-0.5994997538960312,0.1294543066530414,2.0157499700960497,2.04307069829467,1,2,1,4,0,2
0.835025736412126,-0.44066142557326626,-0.8886120687570378,1.0421834175233307,1.0696594044596277,0.44751987188225806,0.4047944840373123,0,4,2,3,2,1
0.5607256724752165,-0.5757147805750726,-1.0901071411802608,0.5555169569174838,1.6964628029973519,1.7506865162896215,1.7202105710250306,2,4,0,3,2,1
-0.7044066248357326,0.24565516939045898,0.9248435830519681,-0.703085881346966,0.5995568555563345,1.9145826773281585,1.9478025577353235,1,3,0,1,0,0
-0.2630595366823546,-0.9256257458070256,-1.2916022136034835,-0.27913611245232167,1.6964628029973519,0.37956313173085593,0.392382051894408,2,4,2,0,0,0
-0.714916205829484,2.3009216809634037,-0.28412685148736916,-0.7179018365460088,-0.34064824225025175,-0.7915892583778628,-0.7545065634325967,1,1,1,1,0,0
-0.649093040658094,-0.01954050952217905,0.5218534382055223,-0.6286922079958401,-0.027246542981389666,-0.5104058336517997,-0.4769938587476121,0,2,1,4,0,2
-0.5628038493409779,2.138857654961236,1.1263386554751909,-0.5396709178592185,0.5995568555563345,-0.6265742376537706,-0.597377408932146,1,1,1,2,0,0
2.356591809970608,-1.1625829959465588,-1.6945923584499292,1.717251071147514,-1.280853340056838,-0.18247365411403116,-0.3012725962320752,3,4,1,1,3,1
-0.6246444364515779,-0.3019247972532288,0.9248435830519681,-0.615947975345816,-0.6540499415191139,-0.34718098842459566,-0.31520480399634776,1,3,1,1,0,0
-0.6430085463985539,1.0400144483556293,1.7308238727448595,-0.6440731784355244,1.0696594044596277,1.4915474245182074,1.5221871600069496,0,2,1,0,0,0
-0.6527437372138183,0.8669006023987684,0.3203583657822995,-0.6673643622441892,0.7562577051907656,0.610943314703648,0.6431589979461283,1,3,1,4,0,2
-0.6544031447391474,0.03448083247854351,1.7308238727448595,-0.6830592300397853,0.9129585548251966,0.06519432873122899,0.0981657839003024,0,1,1,3,0,2
-0.49637223474363407,0.5808330413494875,1.3278337278984138,-0.5055816650071835,1.2263602540940588,-0.8256081871171651,-0.7995215351000771,1,3,1,4,0,2
0.14128276365618322,-1.1036506228548613,-0.8886120687570378,0.36046113995381435,1.3830611037284897,0.17535725337098296,0.16800561985359103,2,0,0,1,0,3
-0.6412938252890471,0.08727441670652238,0.1188632933590766,-0.6351584935276258,-0.6540499415191139,0.5638980620752706,0.5955933734435207,1,2,1,1,0,0
0.9891846955152047,-0.7451453532137026,0.1188632933590766,0.792132783803892,-0.027246542981389666,-0.7505243107687771,-0.7995606469726858,0,0,0,1,2,3
1.888804828580318,-0.42592833230034194,-0.485621923910592,1.755107092270492,1.6964628029973519,-1.2179699016476233,-1.3118675103383455,0,0,1,1,3,3
0.7212456937587235,-0.3854123257998,-0.28412685148736916,0.6312917786346223,0.4428560059219035,1.3994876495907351,1.3613367901982953,0,0,0,2,2,3
-0.7439005239385666,1.0326479017191672,2.738299234860974,-0.7442692144426104,1.2263602540940588,0.7596229840186358,0.7962596295678784,0,3,1,0,0,0
-0.7749314446622217,1.0277368706281924,0.9248435830519681,-0.7692554439731996,-0.027246542981389666,-0.617992583865563,-0.5780924620308477,1,3,1,1,0,0
-0.4154484610917488,1.520067737498414,-0.28412685148736916,-0.49616474432982577,1.2263602540940588,2.9664002905247853,2.983730790471316,1,2,1,4,0,2
0.026285822150872707,-0.6628855824398749,-0.8886120687570378,0.10036579084519419,-0.967451640787976,0.03745220282789076,0.0360784798391045,2,1,0,4,0,3
-0.6446679539238831,-0.7316400177135219,0.3203583657822995,-0.6363513034800911,0.1294543066530414,-0.7203682450938536,-0.6869212475646835,1,3,1,4,0,2
-0.6099310230603261,0.5562778858946137,1.3278337278984138,-0.5742624064807124,0.1294543066530414,-1.1572689665570457,-1.1250384760019247,1,1,1,3,0,2
-0.4571549035616883,-0.5204656808016064,0.1188632933590766,-0.5384153284355707,1.3830611037284897,-0.8512048995734516,-0.8270674682373796,1,3,1,4,0,2
3.003705431264801,-1.3197359908577515,-0.8886120687570378,2.731202310214211,-1.280853340056838,1.4040106398695915,1.250574760675513,3,4,0,3,1,1
0.9087587441209184,-0.25035897079799363,0.1188632933590766,1.1875806727817337,-0.027246542981389666,-0.9011256215937058,-0.945914480569427,2,1,0,4,2,3
-0.6942289253470472,0.482612419529992,1.5293288003216368,-0.6882699261479233,0.9129585548251966,-0.9204483283632421,-0.8842518196965526,1,1,1,3,0,2
-0.5614763233207146,1.769302565365384,0.9248435830519681,-0.5684239156607507,-0.34064824225025175,0.38203860878514645,0.40992652046461703,1,3,1,0,0,0
-0.6267463526503282,1.0326479017191672,-0.08263177906414627,-0.6438848400219771,-0.6540499415191139,-0.2886730183177062,-0.256662711816614,1,3,1,3,0,2
0.23083545643978004,-1.0226186098537775,-0.8886120687570378,0.17287608006084867,0.9129585548251966,-0.5842086156602272,-0.5951480321934474,2,0,0,0,0,3
-0.7302933822308675,-0.1251276779781368,0.5218534382055223,-0.758080698102735,0.1294543066530414,-0.9596168088053117,-0.9215505776393645,1,2,1,4,0,2
-0.7472193389892249,-0.2822806728893297,0.9248435830519681,-0.739309636219202,0.1294543066530414,0.6218913567268046,0.6588652085037263,1,3,0,2,0,0
-0.7310124588251767,-0.03550136056784708,1.1263386554751909,-0.7522422072827732,-0.4973490918846828,1.2949246176771845,1.330251232589901,0,3,1,1,0,0
-0.5803382555252894,0.24933844270869004,-0.485621923910592,-0.6254904549655383,-0.6540499415191139,1.306655861480229,1.3343579792138196,0,2,1,3,0,2
0.4872692326873125,-0.15950489561496023,0.1188632933590766,0.34690077417841925,1.6964628029973519,-0.8500440826496883,-0.8736078029366009,2,0,0,1,2,3
0.38576880572134575,-0.23685363529781298,-0.28412685148736916,0.4889079379929736,1.2263602540940588,-0.04988598422653958,-0.06930846090516152,0,0,0,1,2,3
-0.6509737025201338,0.6029326812588741,1.7308238727448595,-0.6841892605210682,1.2263602540940588,1.042504278317529,1.0740991977596646,1,3,1,0,0,0
1.874589237446665,-1.1785438469922267,-1.2916022136034835,2.375493826494818,-1.750955888960131,0.2252500038990982,0.1302933935432009,3,0,1,3,3,3
-0.7471640254050473,1.4967403398162837,1.5293288003216368,-0.7388701799209253,-0.4973490918846828,1.9513791752368512,1.9867132835706534,1,1,1,0,0,0
1.7575456933267821,-0.4811774320738082,-0.485621923910592,1.4631197718012203,-1.280853340056838,-0.23742365042085561,-0.3258991074496534,2,1,0,3,3,3
-0.4089214581587875,1.0473809949920916,1.1263386554751909,-0.43219246319497573,-0.4973490918846828,0.29997864229732246,0.32026255250906654,1,3,1,0,0,0
-0.6434510550719751,-0.006035174021998411,-0.08263177906414627,-0.6524856275739639,0.5995568555563345,-0.6208932276003647,-0.5876301715370092,0,4,1,0,0,0
1.8442220797331417,-1.293953077630134,-1.2916022136034835,1.3059199759605291,-1.280853340056838,-0.9886903777344609,-1.0806185635391345,2,0,0,4,3,3
-0.38469410828898176,1.1566514367662803,0.7233485106287452,-0.27461599052719,0.9129585548251966,-0.5197874721151792,-0.49971785673329344,1,3,1,2,0,0
-0.14358219485865537,0.055352714615186316,-1.0901071411802608,-0.20467965963001333,1.5397619533629208,-0.21599189314404793,-0.2084740910574526,2,0,1,4,0,3
-0.7178478257908988,1.5851388994538298,-0.08263177906414627,-0.7278209929928257,1.3830611037284897,0.6647632627280616,0.7002008704407982,1,3,1,0,0,0
-0.3315930674784488,-0.397689903527237,-1.4930972860267064,-0.28045448134715173,1.5397619533629208,0.2204556901464948,0.23693191421094692,2,4,0,3,0,2
0.43947829595783267,-0.4124229968001613,-0.8886120687570378,0.5248177955092977,1.5397619533629208,-0.04595319243181333,-0.0680931991491042,2,1,0,1,2,3
-0.5339854719844283,-0.076017367068389,-1.2916022136034835,-0.4962903032721906,-1.5942550393257002,-0.8024925460135971,-0.7745346359134611,0,4,0,2,0,0
-0.6634745725442801,1.3162599472229606,0.7233485106287452,-0.6286922079958401,-0.6540499415191139,-0.9268901630028256,-0.8922390228242958,1,1,1,4,0,2
0.46652663862069804,-0.7463731109864462,-0.28412685148736916,0.7646353754260075,-0.18394739261582072,-1.0492850211549105,-1.0715557839146508,2,0,1,2,2,3
-0.5214846019602819,-0.08092839815936378,0.5218534382055223,-0.5235365937653457,-0.967451640787976,0.2317030271355373,0.25775619266991784,2,1,1,2,0,0
0.5679717520024872,-1.048401523081395,-0.28412685148736916,0.6722239938455371,-1.5942550393257002,-0.061329121660554195,-0.08993997370627513,2,4,1,1,2,1
-0.6518034062827984,-0.09197821811405703,0.1188632933590766,-0.6177058005389228,0.1294543066530414,-0.9969727365567823,-0.962824778062337,0,1,1,2,0,0
-0.770616985096366,0.8337511425346886,-0.28412685148736916,-0.7744033606101551,0.4428560059219035,2.740927686691724,2.7764741838123848,1,3,0,3,0,2
-0.6474889467169426,0.7637689494882981,0.9248435830519681,-0.6202797588574005,0.4428560059219035,2.595990603024918,2.6254967681322525,1,3,0,0,0,0
0.8385104922153171,-1.2080100335380755,-0.485621923910592,0.6779997051943166,-1.280853340056838,0.47789411519586483,0.43495532522902813,2,4,2,1,2,1
-0.04766843989463007,-0.18160453552434674,-1.0901071411802608,0.14173746235438578,-0.34064824225025175,1.0433294373356254,1.0444523983222354,2,4,1,3,0,2
0.021805421832483973,-0.7647894775776016,-1.0901071411802608,0.1255403587893306,1.3830611037284897,0.8882359048731933,0.8860409331412549,2,1,2,0,0,3
-0.7134780526408654,0.4936622394846853,0.3203583657822995,-0.7013908356250416,0.9129585548251966,-1.0162954433263187,-0.9790087122067989,0,3,1,2,0,0
-0.6228190881737158,-0.8691488882608157,0.7233485106287452,-0.6391136002121159,0.7562577051907656,0.23377571470302808,0.2649443961143682,1,1,1,0,0,0
0.9672805161808599,-1.2129210646290502,-1.4930972860267064,1.3710222875766622,-1.750955888960131,-0.33876156929079376,-0.3871985866483039,3,4,0,4,2,1
-0.6688953037936888,1.1480571323570745,0.5218534382055223,-0.6601447230582148,1.3830611037284897,-0.2132031353778018,-0.17915694883201122,1,3,1,3,0,2
-0.6277973107497032,1.941188653549501,-0.08263177906414627,-0.655938498488995,0.4428560059219035,-0.9558378602173495,-0.9229530176429067,1,3,1,1,0,0
-0.6329967876624013,0.2812601448000261,0.3203583657822995,-0.6140645912103444,0.9129585548251966,-0.2439326166415722,-0.21166170867506534,0,3,1,1,0,0
0.37315730852884416,-1.0790954673999875,-1.2916022136034835,0.5132663728117389,1.0696594044596277,2.6731108040010163,2.650972565726478,2,1,0,3,2,3
-0.44885786593504257,-1.072956678536269,-0.8886120687570378,-0.417062610640021,-0.8107507911535449,-0.5796324795463068,-0.556248481178863,0,4,1,2,0,0
-0.5236971453273875,1.2610108474494943,0.7233485106287452,-0.5563702571937328,0.1294543066530414,-0.15229521124539672,-0.12565749451361935,1,3,1,0,0,0
0.44146958498822775,-0.413650754572905,-1.2916022136034835,0.6133996293476427,-0.34064824225025175,-1.2735716337212835,-1.2943006921266456,0,4,0,1,2,1
-0.6785198674405978,-0.06496754711369575,1.5293288003216368,-0.6680549364271954,1.2263602540940588,1.7033923173812078,1.73556477472915,0,3,1,4,0,2
-0.6860425148887567,0.4040359220743956,1.1263386554751909,-0.668494392725472,-0.027246542981389666,0.04721984788278644,0.08181143373947389,1,2,1,0,0,0
0.5678058112499541,-0.530287742983556,-0.687116996333815,0.6877933026987686,0.28615515628747246,-0.9946818713506084,-1.022135139168314,2,4,1,0,2,1
0.2943907646598868,-1.0312129142629833,-1.0901071411802608,0.28217513938938055,-1.750955888960131,0.6110048519863537,0.5953838455545453,0,4,0,0,2,1
-0.8072345778219627,1.230316903130902,-0.08263177906414627,-0.8164028268311704,-0.18394739261582072,-0.6207785444825952,-0.5792434685676195,1,2,1,3,0,2
-0.6610960884246417,0.7920073782614031,0.9248435830519681,-0.6698755410914844,-0.027246542981389666,-0.3016154277303648,-0.2678542947930881,1,1,1,0,0,0
-0.716907494859879,-0.8666933727153283,0.7233485106287452,-0.6998841283166644,-0.18394739261582072,-1.2330465359104779,-1.195319717374655,0,3,1,4,0,2
-0.012820881862717716,-0.029362571704128607,-0.8886120687570378,-0.11634894367639792,1.2263602540940588,0.6224843523601489,0.6223654502442073,2,4,1,0,0,0
1.8104807933847822,-1.1834548780832015,-0.8886120687570378,1.536634532555793,-1.5942550393257002,-0.4657129835123017,-0.5565809320960374,3,4,1,3,3,1
0.01655063133560837,0.08604665893377868,-0.687116996333815,-0.007112663819048385,0.28615515628747246,-0.06280601644548685,-0.06356460304204867,2,0,1,3,0,3
-0.6682315407835571,-0.558526171756661,0.1188632933590766,-0.6508533613232219,1.2263602540940588,-0.08908523330996192,-0.05522539306082665,1,2,1,0,0,0
-0.6565050609378976,0.15602885198016928,0.7233485106287452,-0.6197775230879414,0.28615515628747246,-1.1664799789183782,-1.1318858474136415,1,3,1,2,0,0
-0.6840512258583616,2.2211174257350637,1.1263386554751909,-0.6686827311390191,1.2263602540940588,-1.0510220508167347,-1.0151788132543298,1,3,1,2,0,0
-0.7647537451735362,0.9282884910359531,0.3203583657822995,-0.7684393108478286,0.5995568555563345,-0.38226563101438943,-0.34316979291160127,1,1,1,1,0,0
0.2718228223154102,-1.1061061384003488,-0.687116996333815,0.09220445959148428,-0.8107507911535449,-0.43359611623844285,-0.4467911119781011,2,0,2,2,0,3
0.3778036495997658,-0.8347716706239923,-1.0901071411802608,0.255807761492779,-0.4973490918846828,-0.7008553321777728,-0.7190740005542592,2,4,0,1,2,1
-0.5943879059064097,0.1069185410704215,0.3203583657822995,-0.5729440375858824,1.2263602540940588,-0.5028842994156556,-0.4722445599308358,1,3,1,4,0,2
-0.6515268383619102,-0.18283229329709041,0.5218534382055223,-0.6969334931710923,0.1294543066530414,0.6021630633212544,0.6343280958521108,1,3,1,0,0,0
-0.3320355761518699,-0.3006970394804851,0.1188632933590766,-0.3537181242169947,-0.18394739261582072,-0.9697956347946493,-0.951831548154093,1,3,1,0,0,0
-0.7625965153906085,0.5243561838032776,0.9248435830519681,-0.7729594327729602,-0.18394739261582072,1.2094577234468449,1.246484776282713,1,1,1,4,0,2
-0.6982115034078372,1.0265091128554487,0.7233485106287452,-0.7256237115014422,0.9129585548251966,0.6101629100729734,0.6446759798623105,1,2,1,0,0,0
0.13868302519983422,-0.35471838148120766,-1.0901071411802608,0.008833321861277298,-1.124152490422407,-0.9755857336673969,-0.9813889490255596,2,0,1,4,0,3
-0.6379196966542112,1.4746406999068973,0.5218534382055223,-0.6597052667599381,1.2263602540940588,-0.7381693026910351,-0.7050412194032784,0,3,1,2,0,0
1.5356829071902738,0.022203254751106564,-1.0901071411802608,1.841742762502183,1.0696594044596277,-1.0869430410214809,-1.1631669643850795,0,4,0,4,3,1
1.0701637827512673,-0.6223695759393331,-1.2916022136034835,1.530105467552825,-0.4973490918846828,0.5113312368986787,0.4566512397061368,2,4,0,1,2,1
-0.70236002222116,0.9467048576271085,0.9248435830519681,-0.6959290216321742,-0.4973490918846828,0.32914731429974375,0.3642159162057383,1,1,1,3,0,2
-0.5173360831469591,2.2174341524168324,0.3203583657822995,-0.544002701370803,-0.34064824225025175,-0.6014754177575561,-0.5746059179582966,1,3,1,1,0,0
-0.6974371132293502,0.36106440002836626,0.9248435830519681,-0.6808619485484018,0.5995568555563345,-0.21917504894945194,-0.18367995752869395,0,3,0,4,0,2
-0.2514436840050505,0.011153434796413314,-1.4930972860267064,-0.242975137051268,0.28615515628747246,0.24183989588666635,0.2542417115455034,2,1,0,4,0,2
1.3366646313191302,-1.2792199843572096,-1.4930972860267064,1.7340759694243932,-1.4375541896912691,-0.5706955878079356,-0.637503396523533,3,0,1,1,2,3
0.03414035110409731,-0.17792126220611565,-0.485621923910592,-0.05024216052134675,1.2263602540940588,-0.6142639839634507,-0.6152319787780385,0,0,1,1,0,3
3.570061219659643,-1.2116933068563065,-1.0901071411802608,2.8777295959538964,-1.9076567385945622,1.5024563064523695,1.320294467305789,3,4,0,4,1,1
-0.5688330300163406,1.0878970014926335,-0.28412685148736916,-0.5555541240683618,0.9129585548251966,-0.17521225475477864,-0.14626665767324204,1,3,1,1,0,0
-0.7505934676240608,-0.8003944529871688,1.5293288003216368,-0.7465292754051763,0.28615515628747246,0.30259397681230754,0.34013138379430974,0,3,0,4,0,2
0.8342513462336391,-0.11898888911441831,-0.28412685148736916,0.48570618496267204,0.7562577051907656,-0.35699898216534165,-0.3986946834900889,2,4,0,1,2,1
1.626839693915022,-0.7758392975322949,-0.485621923910592,2.0344757390321044,0.1294543066530414,-0.3979240723137329,-0.47960038568646635,2,0,1,2,3,3
-0.49272153818790987,1.1517404056753056,1.5293288003216368,-0.4662817160470107,-0.6540499415191139,1.8316779717777405,1.8543084199693027,1,1,1,1,0,0
-0.6767498327469134,0.659409538805084,1.3278337278984138,-0.6604586204141267,0.4428560059219035,-0.5033933805725832,-0.46859318725229065,1,3,0,3,0,2
0.18381890988878727,-0.20124865988824583,-0.485621923910592,0.1354595152361473,-1.750955888960131,-0.8249956114393238,-0.8332639063406795,2,0,2,4,0,3
-0.6872041001564871,-0.3989176612999807,0.5218534382055223,-0.7108705357735817,-0.6540499415191139,-0.047830079554332,-0.013062794388598425,0,2,1,2,0,0
-0.14402470353207644,-0.05760100047723358,-0.485621923910592,-0.19287711904772495,-1.280853340056838,-0.2724999015630075,-0.2648901735903825,2,4,1,4,0,2
0.27906890184268085,-0.2773696417983549,-0.8886120687570378,0.3868912973215984,-1.9076567385945622,1.780699927354637,1.7644125744832866,2,0,1,0,0,3
0.33034459437535185,-1.2436150089476425,-1.6945923584499292,0.20809536339416662,-1.750955888960131,-0.2953777849833952,-0.3116987039874923,3,0,0,1,2,3
-0.6094885143869049,0.8583062979895626,0.3203583657822995,-0.5636526758508894,0.7562577051907656,-0.38507956312356045,-0.3538221907871118,1,3,1,0,0,0
1.6861911697376282,-1.18959366694692,-1.2916022136034835,1.2110601950039457,-1.750955888960131,0.8043689799931978,0.7182146814823119,3,4,0,2,3,1
-0.34580865861210186,-1.2067822757653317,-0.687116996333815,-0.25885834326041135,-1.9076567385945622,-0.6897954041860608,-0.6714804389997879,2,0,1,4,0,3
0.5548071189682092,-0.7598784464866268,-0.485621923910592,0.5610415503815338,0.4428560059219035,0.15597580646795497,0.1277622966443779,0,0,2,0,2,3
-0.28241929114452813,-1.165038511492046,-0.08263177906414627,-0.2728581653340832,0.4428560059219035,-0.9357850975029884,-0.9203688403455431,0,1,1,0,0,0
-0.31920282462265775,-0.6199140603938457,-0.485621923910592,-0.1967066667898505,-0.967451640787976,-0.6498437219641026,-0.632921720017937,2,0,0,2,0,3
-0.7193412925636952,-0.7058571044859043,1.3278337278984138,-0.7362962216024476,1.0696594044596277,1.9872274395620362,2.021112175530045,1,1,1,4,0,2
-0.7749867582463995,-0.7611062042593706,0.7233485106287452,-0.7669953830106336,0.7562577051907656,-1.0712985854682069,-1.0308375308237598,1,2,0,2,0,0
-0.0841754054518715,-0.6997183156221858,-1.0901071411802608,0.03375677192068404,0.7562577051907656,-0.8777498456132461,-0.8724176845272206,2,0,1,0,0,3
-0.596157940600094,0.022203254751106564,0.7233485106287452,-0.5618948506577827,-0.6540499415191139,-0.7153054050167168,-0.6843147206258293,1,3,1,4,0,2
0.37232760476617954,-0.3166578905261531,-0.8886120687570378,0.2031357851707581,-0.8107507911535449,-1.1475320901435027,-1.1649242049472865,2,1,1,1,2,3
-0.36378557346983437,-0.6199140603938457,-0.687116996333815,-0.4165603748705619,1.3830611037284897,-0.8165090607243883,-0.7971301234605708,2,4,1,3,0,2
-0.719673174068761,0.43841313971121904,0.7233485106287452,-0.7114983304854056,0.5995568555563345,-1.1652744076071926,-1.1274913491555305,0,3,1,2,0,0
-0.5584893897751221,2.038181517596253,0.7233485106287452,-0.5718767865757818,-0.34064824225025175,-0.23066573792010267,-0.2021742858622581,0,3,1,1,0,0
0.6731781891083556,-0.46889985434637127,-1.2916022136034835,0.8673425902803891,-0.8107507911535449,0.010963199772373854,-0.023050290429760353,2,0,1,0,2,3
-0.7799096672382093,1.05351978385581,0.5218534382055223,-0.7934883198496,-0.4973490918846828,-0.7721350855952736,-0.7317937402676606,1,2,1,3,0,2
-0.6878125495824411,0.4163134998018325,-0.08263177906414627,-0.6812386253754961,1.3830611037284897,2.667401822455471,2.698856672620328,1,1,0,3,0,2
1.0378606495915266,-1.1515331759918654,-0.485621923910592,1.3703944928648382,-1.9076567385945622,0.007192642632053331,-0.045235103314478574,2,0,0,4,2,3
-0.5399040254914356,0.4236800464382947,-0.08263177906414627,-0.4822904811985188,1.2263602540940588,-0.6393516152628097,-0.6112956481704869,1,2,1,2,0,0
-0.6125860751008526,-0.03304584502235969,0.5218534382055223,-0.5822353993208753,-0.6540499415191139,-0.9419248400274721,-0.9098253969722998,1,3,1,3,0,2
0.07734026034683304,-0.164415926705935,-1.2916022136034835,0.2421846162462014,0.4428560059219035,-0.24339556399250575,-0.2470020792822537,2,0,0,4,0,3
-0.7515891121392583,-0.767244993123089,1.3278337278984138,-0.7401885488157554,0.28615515628747246,1.6511247871705017,1.6870520841683734,0,3,1,3,0,2
-0.03068716955209507,-0.8212663351238116,-0.485621923910592,0.09534343315060352,-0.967451640787976,-0.908890507811458,-0.9062215172819225,0,0,1,2,0,3
0.694418605432569,-0.5560706562111736,-0.28412685148736916,0.8350739420926433,-0.027246542981389666,-0.22612316759674908,-0.26091752481540836,2,4,0,0,2,1
-0.7679619330558394,1.6612598813639388,1.3278337278984138,-0.7622869226719549,-0.027246542981389666,-0.6939323878734007,-0.6542907709882441,1,2,0,3,0,2
-0.31029733757005795,-0.6113197559846398,-1.0901071411802608,-0.34254337834653026,0.4428560059219035,2.0431788152874324,2.0563352105194075,2,0,1,0,0,3
-0.7063979138661277,0.5869718302132061,1.1263386554751909,-0.7410046819411263,-0.34064824225025175,1.113174253206402,1.1474814518892311,0,1,1,2,0,0
-0.5816657815455527,-0.2098429642974517,0.9248435830519681,-0.6032037426957919,1.2263602540940588,-0.8327772805523593,-0.802373908095329,1,3,0,0,0,0
-0.18600771392290405,0.032025316933056124,0.5218534382055223,-0.12042960930325297,0.5995568555563345,-0.6965728967313107,-0.6863206009496207,0,4,0,2,0,0
-0.2645530034551508,-0.7758392975322949,-0.8886120687570378,-0.150124299172521,0.9129585548251966,0.22772827810260285,0.24080957700958547,2,0,0,4,0,3
0.4650884854320793,-0.9268535035797694,-1.0901071411802608,0.7328689630077208,0.7562577051907656,-0.7333274374017954,-0.7559145908465116,2,0,1,3,2,3
-0.6359837212079937,0.11305732993413996,0.3203583657822995,-0.6457054446862663,0.28615515628747246,-0.9395109002558869,-0.9062326921026679,1,2,0,4,0,2
-0.6532415594714169,1.491829308725309,-0.485621923910592,-0.6723867199387799,1.3830611037284897,-1.217774101202651,-1.1832816417267202,1,3,0,1,0,0
-0.7186222159693859,0.4887512083937105,2.536804162437751,-0.6932295043713316,0.28615515628747246,-0.1825547714412339,-0.14603478014277593,1,3,1,1,0,0
-0.7365438172429406,1.9215445291856021,1.7308238727448595,-0.7328433506874164,0.7562577051907656,1.8025596484611695,1.8375406014408964,1,3,0,0,0,0
1.2633188186995814,-0.606408724893665,-1.0901071411802608,1.3111306720686668,-1.124152490422407,-0.3996806820200543,-0.46299460205886733,2,0,1,1,2,3
-0.5650717062922611,1.6010997504994977,1.5293288003216368,-0.5265500083821,1.0696594044596277,-0.8113483204247656,-0.7818094442186878,1,2,1,0,0,0
-0.5337642176477178,0.7122031230330629,0.3203583657822995,-0.565536059986361,-0.6540499415191139,-0.5851792264374461,-0.557500061102343,1,3,1,4,0,2
-0.7036322346572458,2.27636652550853,1.1263386554751909,-0.7097405052922988,-0.34064824225025175,0.5251687340597813,0.5600602371784749,0,3,1,3,0,2
-0.7291871105473148,-0.2294870886613508,-0.28412685148736916,-0.7138211709191538,1.0696594044596277,0.7352262485751071,0.7711498073530634,1,2,1,4,0,2
-0.6682868543677346,0.1253349076615769,0.5218534382055223,-0.6307011510736764,1.2263602540940588,-1.072140527381587,-1.037067493389296,1,3,1,1,0,0
-0.6449998354289489,1.0780749393106839,1.7308238727448595,-0.65185783286214,0.9129585548251966,-0.11430992492080144,-0.08159238260949417,1,3,1,4,0,2
-0.6810642923127692,0.7870963471704283,0.1188632933590766,-0.6951756679779855,0.4428560059219035,1.4409525895374065,1.473576689764651,1,2,1,4,0,2
0.9490823469864167,-0.8409104594877107,-0.485621923910592,0.6152830134831141,-1.4375541896912691,0.8045731718858115,0.7556475372740684,0,4,1,2,2,1
1.5845248020191285,-0.10793906915972507,-1.0901071411802608,1.7670351917951452,-1.124152490422407,1.4351960564552257,1.3533998737639061,2,0,0,1,3,3
-0.7317315354194861,1.8920783426397534,-0.28412685148736916,-0.7216058253457694,0.4428560059219035,2.198168853228951,2.2324196547091684,0,3,0,1,0,0
-0.6768604599152687,0.844800962489382,0.5218534382055223,-0.6748978987860752,-0.4973490918846828,-0.9092289628663385,-0.8739234916226573,1,2,1,4,0,2
-0.7062319731135948,0.5354060037579709,2.536804162437751,-0.7012652766826768,0.7562577051907656,-0.6181212527294019,-0.5816907543108524,1,1,1,4,0,2
-0.7262554905859,-0.88388198153374,0.7233485106287452,-0.7411302408834912,1.2263602540940588,-0.33195610525340496,-0.2948666302397998,1,3,1,4,0,2
2.200109680332068,-1.3553409662673188,-0.687116996333815,1.717878865859338,-1.5942550393257002,-0.021024998637646012,-0.1321193346096215,3,4,1,4,3,1
-0.01901600329061326,-0.5990421782572029,-1.2916022136034835,-0.17542442605902206,-0.4973490918846828,2.0247260219234153,2.0231934858938683,0,4,0,4,0,2
0.18193824802674755,-0.09688924920503181,-0.8886120687570378,0.20602364084514785,1.6964628029973519,2.1155019053617132,2.103708069364158,0,4,0,2,0,0
2.949995941028314,-1.2804477421299534,-0.485621923910592,2.246482013215018,-1.9076567385945622,-0.254777164143815,-0.40345795083279684,3,4,0,4,1,1
-0.6220446979952289,1.5949609616357794,0.9248435830519681,-0.6040826552923452,1.3830611037284897,-0.5895036191221166,-0.557360375843026,1,2,1,0,0,0
0.9360283411204939,-1.1834548780832015,-1.6945923584499292,0.8031191912608093,-1.124152490422407,0.42463639416344273,0.3768378762376177,3,4,0,0,2,1
-0.6006383409184828,-0.047778938295284026,1.5293288003216368,-0.635221272998808,-0.027246542981389666,-0.27856412105871614,-0.2478848901211368,1,3,1,2,0,0
-0.6583857227999373,1.8024520252294636,1.1263386554751909,-0.6629070197902397,-0.6540499415191139,-0.07532605632684833,-0.041980436772393485,1,3,1,1,0,0
-0.7010878097850743,1.88102852268506,2.536804162437751,-0.7188435286137446,0.5995568555563345,-0.5479156046100341,-0.5118313624212594,1,2,1,4,0,2
-0.6274654292446374,1.0498365105375789,1.1263386554751909,-0.6076610851497412,-0.6540499415191139,-0.8630704065387633,-0.8303165473690918,1,1,1,1,0,0
-0.6910760510489218,0.6078437123498489,0.7233485106287452,-0.6586380157498376,1.2263602540940588,-0.4292045919726392,-0.3937721749517595,1,3,1,3,0,2
1.0346524617092236,-0.34857959261748916,-1.0901071411802608,0.6716589786048955,-0.967451640787976,-1.2477119892388913,-1.2984325820972413,2,0,0,1,2,3
-0.6773029685886898,2.156046263779648,0.9248435830519681,-0.6854448499447159,1.2263602540940588,0.611639804857906,0.6450950356402614,1,1,1,4,0,2
-0.03489100194959555,-1.1969602135833821,-1.0901071411802608,0.1104105062343759,-0.027246542981389666,0.4232154423627876,0.42445658113876594,0,0,2,0,0,3
2.9300830507243645,-1.3516576929490876,-1.2916022136034835,3.562967523909627,-1.280853340056838,-0.13315431917476298,-0.2809791217585086,3,0,1,0,1,3
-0.6016892990178578,-0.36208492811766985,0.1188632933590766,-0.5547379909429908,-0.4973490918846828,2.937413433221267,2.9641860289876885,1,3,1,4,0,2
-0.7026919037262259,-0.4345226367095478,0.3203583657822995,-0.7033369992316956,0.5995568555563345,-0.4537551706229317,-0.41770584728312576,1,1,1,4,0,2
-0.5784575936632498,1.5335730729985946,-0.28412685148736916,-0.6239837476571612,1.0696594044596277,-0.06388291889283372,-0.03458829284934048,1,3,1,2,0,0
-0.6797920798766836,1.8159573607296442,1.3278337278984138,-0.644010398964342,0.7562577051907656,-0.7584430401932932,-0.7231751597678048,1,2,1,1,0,0
0.39185329998088597,-0.12389992020539309,-0.8886120687570378,0.3440129185040295,1.3830611037284897,-0.3819187845118673,-0.40123974891484365,2,4,2,1,2,1
-0.5966004492735151,1.7472029254559973,-0.08263177906414627,-0.5730695965282471,0.4428560059219035,2.2202803177647334,2.2476788724369525,1,3,0,0,0,0
-0.5582681354384116,-0.18283229329709041,0.5218534382055223,-0.5850604755240826,-0.6540499415191139,-0.4812875103352285,-0.45249865167379166,1,3,1,4,0,2
-0.7306252637359334,1.7717580809108713,0.9248435830519681,-0.7135072735632418,1.3830611037284897,1.2861751349361434,1.3214929668307287,1,3,1,2,0,0
-0.7446196005328759,2.24321706564445,0.5218534382055223,-0.7462781575204467,-0.4973490918846828,0.10187614352215263,0.13935896687287092,1,3,1,1,0,0
1.0458258057131067,-0.6813019490310304,-1.0901071411802608,1.2926107280698635,1.3830611037284897,0.22860658295576344,0.17550392457372493,0,0,0,0,2,3
-0.6601004439094442,1.9988932688684549,0.5218534382055223,-0.6262438086197271,0.7562577051907656,1.0810825602754683,1.113090941045398,1,2,1,2,0,0
2.4841449350842417,-1.2166043379472813,-0.8886120687570378,3.223330584812925,-1.124152490422407,0.5862360956973778,0.46004838521272495,3,4,1,1,1,1
-0.7530272653278769,0.8018294404433526,-0.28412685148736916,-0.7609685537771248,1.3830611037284897,1.7805432869986588,1.8163838720647507,1,3,1,2,0,0
0.025732686309096354,-1.1822271203104577,-0.8886120687570378,-0.060726332208805016,-1.750955888960131,-0.5330795251795736,-0.5337228362614118,2,4,0,1,0,1
0.21291385516622527,-0.35226286593572026,-0.8886120687570378,0.26440854904476574,1.0696594044596277,-0.6518660608457434,-0.6618170127602413,0,4,0,3,0,2
-0.7553504358633378,2.0725587352330765,1.5293288003216368,-0.7462153780492644,0.28615515628747246,2.040398448968828,2.07603641949347,1,3,1,1,0,0
-0.7638687278266941,-0.4603055499371654,0.1188632933590766,-0.7708877102239415,0.4428560059219035,-1.0616120577405137,-1.0217244645059222,1,2,1,0,0,0
-0.7484915514253105,1.2892492762225993,0.3203583657822995,-0.7553811808418925,-0.6540499415191139,-0.521980437098867,-0.48353392258883165,0,3,1,2,0,0
-0.10901120474763125,-0.5830813272115348,-0.8886120687570378,-0.18452744938046778,1.6964628029973519,0.8328859162287833,0.8373662076796705,0,0,0,4,0,2
-0.7046278791724432,1.1063133680837889,0.9248435830519681,-0.7396235335751139,1.3830611037284897,-0.16177754708047598,-0.1259899454307936,1,1,1,1,0,0
-0.4665582128718869,0.19163382738973642,-0.08263177906414627,-0.4763892109073745,-0.6540499415191139,-0.81666849822958,-0.7920986604199743,1,1,0,3,0,2
-0.6316139480579603,1.3076656428137547,-0.8886120687570378,-0.598181385001201,0.28615515628747246,-0.3963045229188919,-0.3639158476253546,1,3,1,3,0,2
0.11357065798318636,-0.8396827017149671,-0.687116996333815,-0.03486119008166255,-0.027246542981389666,1.663546926829377,1.6557625860813765,2,0,1,0,0,3
1.3375496486659724,-1.3197359908577515,-1.6945923584499292,1.6665252584321473,-1.5942550393257002,1.81544611488955,1.7456556378622061,3,4,1,1,2,1
-0.727914898111229,1.949782957958707,0.5218534382055223,-0.7293277003012029,-0.027246542981389666,-0.29174149100534114,-0.2546177196202139,1,3,1,2,0,0
0.9608641404162537,-1.1110171694913236,-0.28412685148736916,1.030506435883407,1.0696594044596277,-0.8807819553611004,-0.9282275330347148,2,0,1,2,2,3
-0.5479798087813708,0.6692316009870336,0.7233485106287452,-0.4977970105805678,1.3830611037284897,0.23028207533488212,0.257675175219514,1,3,1,3,0,2
3.1758966188097904,-1.370074059540243,-1.0901071411802608,3.1890529935473424,-1.124152490422407,1.299316141942988,1.1373123650109573,3,4,0,1,1,1
-0.33557564553923874,-0.20124865988824583,-0.8886120687570378,-0.2925081398141696,0.28615515628747246,1.7221527971587527,1.7369811832586237,0,4,1,3,0,2
0.08270567801206398,0.18426728075327425,0.5218534382055223,0.25957452976372203,1.0696594044596277,-0.23016504821081676,-0.23405884315394515,1,1,1,0,0,0
-0.7534144604171205,2.2284839723715257,-0.28412685148736916,-0.7609685537771248,-0.6540499415191139,-0.6440787974342799,-0.6052333079161312,1,3,0,2,0,0
-0.5339301584002506,1.7103701922736865,0.5218534382055223,-0.49528583173327245,-0.34064824225025175,-1.1373420755573098,-1.1089746711804755,1,3,1,0,0,0
0.2706612370476799,-0.38050129470882527,-1.0901071411802608,0.04078807269311117,-1.124152490422407,1.031338058655689,1.016398010841019,0,1,1,4,0,2
1.5664925735772184,-1.2251986423564871,-1.2916022136034835,1.2121274460140463,-1.9076567385945622,-0.9518631111844151,-1.029809447315187,3,0,0,4,3,3
-0.806294246890943,1.0387866905828858,0.7233485106287452,-0.8070486856249952,0.4428560059219035,-0.9892162417866717,-0.9472750149951742,1,2,1,4,0,2
-0.3651130994900978,-0.9428143546254374,-0.28412685148736916,-0.33168252983197777,1.6964628029973519,2.84176771300159,2.8567093967640407,2,4,0,0,0,0
0.05001534976307961,-0.19142659770629628,-0.8886120687570378,0.20068738579464518,-0.18394739261582072,2.5330295713695192,2.527384635693213,2,0,1,2,0,3
-0.7930189866883096,1.8920783426397534,0.7233485106287452,-0.7909143615311223,1.3830611037284897,0.7985089523901028,0.8375785292738324,1,2,1,3,0,2
-0.7875982554389012,1.5323453152258508,0.1188632933590766,-0.7857664448941668,1.3830611037284897,-0.7548431091550196,-0.7141347297848117,1,2,1,2,0,0
-0.7483256106727776,0.18917831184424902,0.1188632933590766,-0.7483498800694655,1.2263602540940588,-0.05931237707734114,-0.021443909947615428,1,3,1,1,0,0
-0.7468874574841591,-0.38050129470882527,1.3278337278984138,-0.7675603982512752,0.5995568555563345,-0.49075865757345233,-0.4524316027493196,1,2,0,3,0,2
-0.6412938252890471,1.5004236131345148,1.7308238727448595,-0.6227281582335135,0.5995568555563345,-0.5195776859241376,-0.48654833048489143,0,3,1,2,0,0
-0.03848638492114209,0.039391863569518286,-0.687116996333815,-0.19275156010536018,1.0696594044596277,-0.9129435770223814,-0.9098756836656539,2,0,2,3,0,3
-0.7210007000890242,1.1541959212207928,0.3203583657822995,-0.7288882440029262,0.5995568555563345,-0.608031935514909,-0.5708679404189752,0,3,1,0,0,0
-0.6805664700551705,1.9645160512316313,-0.28412685148736916,-0.6492838745436623,-0.18394739261582072,0.9817334144966042,1.014897791155955,1,3,1,4,0,2
1.0796777192298215,-0.3866400835725437,-0.28412685148736916,1.1055279039463568,-1.5942550393257002,-1.1917578163642815,-1.2448213795713956,2,1,0,0,2,3
-0.3861875750617781,-0.47012761211911497,-0.8886120687570378,-0.2780060819710387,-1.9076567385945622,2.2613312796277496,2.2780520352228297,0,1,1,4,0,2
-0.6442254452504619,0.24811068493594637,0.9248435830519681,-0.6711311305151322,-0.34064824225025175,2.618032138830353,2.6473463363946093,1,1,1,2,0,0
-0.6832215220956972,0.8779504223534617,2.3353090900145284,-0.7087360337533806,-0.18394739261582072,-0.9695662685591104,-0.933865230100747,1,2,0,3,0,2
2.7163513614619688,-1.1662662692647898,-1.6945923584499292,2.454030944943981,-1.750955888960131,2.683163758275729,2.5426662030624874,3,4,1,0,1,1
3.3723704698087626,-1.2988641087211088,-1.0901071411802608,2.9288320854963574,-1.124152490422407,-1.234719231140383,-1.4035261837969417,3,4,0,4,1,1
2.0047974146008265,-1.2534370711295921,-1.4930972860267064,1.8665406536192253,-1.124152490422407,-0.9923910061444342,-1.0924247616566032,2,4,1,1,3,1
-0.7638687278266941,0.5575056436673574,0.9248435830519681,-0.7619730253160429,-0.4973490918846828,-0.7010287554290339,-0.6615851352297751,0,3,1,1,0,0
0.3644177622287772,-0.020768267294922746,-1.0901071411802608,0.25379881841494273,0.28615515628747246,2.9314219396051198,2.9094070576939535,0,0,2,0,2,3
-0.15779778599230843,-0.6751631601673119,-0.687116996333815,-0.23412323161455179,-1.750955888960131,0.014196704263628169,0.02214906578001833,0,0,0,4,0,3
1.0803967958241307,-0.19388211325178367,-0.687116996333815,1.3647443404584236,-0.027246542981389666,-0.12821735081225125,-0.1826267306734443,2,1,1,2,2,3
-0.7026365901420483,-0.22212054202488865,-0.08263177906414627,-0.7304577307824858,0.9129585548251966,-0.2660412840281407,-0.23022587963828797,1,2,1,4,0,2
1.5366785517054713,-1.3320135685851886,-1.2916022136034835,1.5768133941125193,-1.4375541896912691,-0.9946566970076833,-1.071044535865551,2,4,0,2,3,1
0.24106846951264316,0.013608950341900702,-0.485621923910592,0.22837313258607683,-1.124152490422407,-0.05084820355611684,-0.06296116272179948,2,1,0,1,0,3
0.4399208046312539,-0.28841946175304817,-0.687116996333815,0.6214981811301703,-0.6540499415191139,0.507311733478322,0.4844681622465141,2,0,0,2,2,3
1.6215849034181464,-0.3989176612999807,-0.8886120687570378,1.3153996761090692,-1.750955888960131,-0.6701146623171468,-0.7511904353764124,2,1,0,4,3,3
-0.6769157734994463,1.6514378191819892,0.3203583657822995,-0.6470238135810964,0.9129585548251966,-0.7066538224981621,-0.6715949809124278,1,3,1,3,0,2
-0.7423517435815927,0.9823098330366757,0.9248435830519681,-0.7571390060349993,-0.18394739261582072,-0.7357441743225944,-0.6973445616149144,1,3,0,3,0,2
-0.5792872974259142,0.655726265486853,-0.08263177906414627,-0.5684239156607507,0.5995568555563345,0.4200518666018807,0.44879254701696514,1,3,1,2,0,0
-0.7518656800601465,2.141313170506723,1.3278337278984138,-0.7361706626600828,-0.6540499415191139,0.4951217572041993,0.532486366989309,0,2,1,4,0,2
0.7022731343857934,-0.21720951093391389,-0.08263177906414627,0.4894101737624328,0.9129585548251966,1.9043507055037574,1.8665364675699085,2,4,0,0,2,1
0.7127274017953673,-0.899842832579408,-1.2916022136034835,0.8083926668401298,-1.750955888960131,-0.009184666015259316,-0.045170848095192645,2,1,0,4,2,3
0.7200287949068156,-1.2202876112655123,-1.0901071411802608,0.4341014596507518,-1.4375541896912691,-0.19331260731784608,-0.22944084848092686,0,0,0,3,2,3
-0.6779114180146438,0.36106440002836626,0.7233485106287452,-0.6849426141752568,0.5995568555563345,-0.9982146708077485,-0.9627465543171194,1,3,1,0,0,0
1.9087730324684458,-0.9624584789893365,0.3203583657822995,1.8227205827339206,1.3830611037284897,-0.3586213287093966,-0.45458554944798696,2,4,0,0,3,1
-0.0017028514430124158,-0.9600029634438491,0.1188632933590766,0.0584291040953613,-1.124152490422407,-0.8639682914364213,-0.8628185135069597,0,0,1,1,0,3
-0.6242572413623344,1.6477545458637581,1.5293288003216368,-0.6342795809310723,0.28615515628747246,-0.13132498358888042,-0.09963413070287142,1,2,1,1,0,0
-0.6246444364515779,-0.3461240770720018,1.5293288003216368,-0.6346562577581666,-0.4973490918846828,2.4251295404438005,2.453692280287963,1,3,1,2,0,0
-0.7682938145609052,1.8847117960032913,0.9248435830519681,-0.770636592339212,1.0696594044596277,-0.8520384500391901,-0.8121854007097518,0,2,1,0,0,0
0.188299310207176,-0.06619530488643945,-1.0901071411802608,0.2660408152955077,-1.4375541896912691,-1.076470514364685,-1.0846554675333946,0,4,0,3,0,2
-0.6541265768182593,1.8159573607296442,-0.485621923910592,-0.6569429700279131,-0.6540499415191139,1.05557815374324,1.0873162169962343,1,3,1,4,0,2
0.3538528676508482,-0.28719170398030447,-0.485621923910592,0.5472928461925916,-0.967451640787976,1.155472743618812,1.1361781207053039,2,4,0,4,2,1
-0.5283434863983092,2.020992908777841,0.1188632933590766,-0.5628993221967008,1.2263602540940588,0.41360723481308337,0.4397828477910219,1,2,1,4,0,2
-0.42933217072033614,-0.7500563843046774,-0.8886120687570378,-0.39213916058061427,0.5995568555563345,-0.023078106160639638,-0.0013655507733970596,2,4,0,3,0,2
0.11462161608256148,-0.4087397234819302,-0.687116996333815,0.20878593757717276,-0.967451640787976,-0.5724242260221182,-0.577508577646903,2,0,0,2,0,3
-0.6753669931424724,-0.01708499397669166,1.5293288003216368,-0.6561896163737246,0.7562577051907656,-1.0704594407040406,-1.0350308823084549,1,3,1,0,0,0
0.09752971857167114,0.00992567702366962,-0.687116996333815,0.2688658914987149,0.28615515628747246,-0.9309823923027433,-0.9347620094655616,2,0,1,0,0,3
-0.6907994831280336,1.6195161170906531,0.5218534382055223,-0.7143861861597953,0.9129585548251966,-0.13783115266038332,-0.10277146162713025,1,3,1,1,0,0
1.3862256027422943,-0.9882413922169541,-0.28412685148736916,1.0261118729006402,0.9129585548251966,-1.054325484038336,-1.1230409767936924,2,4,2,4,3,1
-0.6932332808318497,1.431669177860868,-0.08263177906414627,-0.6599563846446677,1.0696594044596277,2.378210159530048,2.4102948639233728,1,3,1,1,0,0
-0.774433622404623,2.255494643371887,0.1188632933590766,-0.7683137519054638,0.1294543066530414,1.478812004147377,1.5161052638162895,1,1,1,2,0,0
1.6728052823666397,-1.26939792217526,-1.2916022136034835,2.2036664138686315,-1.9076567385945622,-0.2094549554311921,-0.29368489294597855,3,0,1,2,3,3
-0.6873147273248423,-0.16318816893319132,-0.08263177906414627,-0.6950501090356208,0.5995568555563345,1.215661800403248,1.2488789816274053,1,1,1,1,0,0
-0.536640524024955,0.8374344158529198,-0.8886120687570378,-0.5666660904676439,-0.6540499415191139,-1.0056858563580426,-0.9773436639157408,1,2,1,0,0,0
-0.7654728217678457,-0.7340955332590093,-0.08263177906414627,-0.7685648697901933,0.5995568555563345,-0.5113792415782327,-0.4720881124404007,0,3,1,0,0,0
-0.7840581860515322,-0.562209445074892,0.3203583657822995,-0.7906632436463927,1.3830611037284897,-1.2381233617336842,-1.1969987341916448,1,1,1,1,0,0
-0.5303900890128818,1.1726122878119483,0.5218534382055223,-0.5316351455478732,0.1294543066530414,-0.600230686357376,-0.5727034047263998,0,1,1,0,0,0
-0.516119184295051,-0.8605545838516098,-0.485621923910592,-0.4406676918045977,0.5995568555563345,-1.177394455150968,-1.149877308813665,0,4,2,1,0,0
-0.6875912952457306,1.80122426745672,-0.485621923910592,-0.6673643622441892,0.1294543066530414,-0.35272214101730737,-0.3175598974684316,1,2,0,1,0,0
2.347299127828764,-1.3418356307671382,-1.6945923584499292,1.904710572098115,-1.9076567385945622,-0.460448748691765,-0.5784360877687674,3,4,0,4,3,1
-0.38419628603138306,1.7324698321830732,-0.28412685148736916,-0.40965463304049954,-0.027246542981389666,-0.6578659459095325,-0.6376514628984089,1,3,1,0,0,0
-0.6511396432726667,0.7367582784879368,0.3203583657822995,-0.6151946216916273,0.9129585548251966,0.36084740634073326,0.3932900060799682,1,2,1,1,0,0
0.38377751669095067,-0.46889985434637127,-1.4930972860267064,0.21757506354270664,-0.18394739261582072,-1.1880515936558802,-1.2059721152501657,2,0,1,3,2,3
-0.6977689947344161,0.9614379509000329,0.9248435830519681,-0.669310525850843,0.4428560059219035,1.790400440828399,1.8234379776602567,1,3,1,2,0,0
1.152912904681015,-0.6984905578494421,-0.8886120687570378,0.9858702318727315,1.0696594044596277,-0.267778313689965,-0.32567840473993265,0,0,1,1,2,3
-0.7386457334416909,0.26529929375435807,1.1263386554751909,-0.7292021413588381,0.1294543066530414,-0.9100709047797187,-0.8716438281906047,0,3,1,3,0,2
-0.1499985706232614,-0.5278322274380686,0.1188632933590766,-0.11898568146605809,1.6964628029973519,-0.7821880398699861,-0.7736490313693916,0,1,1,3,0,2
-0.6810089787285916,1.1517404056753056,0.5218534382055223,-0.6991307746624759,0.1294543066530414,-1.2498490112383016,-1.2139146190949273,1,3,1,0,0,0
-0.7729401556318268,1.8859395537760348,2.1338140175913054,-0.7626635994990492,-0.4973490918846828,2.756698013959623,2.79234242927079,1,1,1,0,0,0
-0.6936204759210932,2.0148541199141228,1.9323189451680824,-0.671256689457497,-0.34064824225025175,1.059639614401805,1.0933673824298449,1,2,0,3,0,2
-0.6030168250381213,0.3070430580276437,0.5218534382055223,-0.5774013800398317,-0.34064824225025175,-0.2523212671340214,-0.2215542187398917,0,3,1,2,0,0
-0.37058914432368395,-0.7463731109864462,-0.8886120687570378,-0.47224576580933714,0.9129585548251966,-0.14308699603327835,-0.12419359299597753,2,1,1,2,0,3
-0.6219893844110512,1.5127011908619517,-0.08263177906414627,-0.6234815118877021,0.4428560059219035,-0.26864263279705636,-0.23689724762326553,0,3,1,3,0,2
-0.10469674518177544,-0.10793906915972507,-1.2916022136034835,0.017308550470899204,1.2263602540940588,-0.32891840120712273,-0.32322553158632705,2,1,1,4,0,2
3.435981091613047,-1.3148249597667767,-1.0901071411802608,2.6235355171364203,-1.124152490422407,-0.6028600066184304,-0.7756577053983693,2,0,0,0,1,3
0.3499256031742359,-0.17669350443337195,-0.687116996333815,0.5977047615520465,-0.6540499415191139,1.1093253758880923,1.090285925609313,2,0,0,3,2,3
0.3298467721177531,-0.3178856482988968,-0.687116996333815,0.29705387405960576,-1.5942550393257002,0.3879993337599413,0.3708621408440388,2,4,2,0,2,1
0.7149952587466504,-0.5671204761658668,-0.485621923910592,0.7760612391812014,-1.5942550393257002,-0.03712538951278384,-0.07319171111417287,0,4,1,2,2,1
-0.7711148073539648,0.1940893429352238,0.5218534382055223,-0.7923582893683172,-0.6540499415191139,-1.066613360534945,-1.0263536339996857,1,3,0,2,0,0
-0.6606535797512205,1.981704660050043,0.9248435830519681,-0.6539295554111587,-0.4973490918846828,-0.050051016030159,-0.016621974795994508,1,3,1,4,0,2
0.05781456513212662,-1.201871244674357,-0.485621923910592,0.16634701505788071,-1.4375541896912691,0.2738588629380389,0.2706016491167047,0,4,1,0,0,0
-0.3900595259542127,-0.5597539295294046,-0.8886120687570378,-0.3598705123928685,0.9129585548251966,-0.965865640149137,-0.9449757956268171,2,1,1,4,0,2
0.27713292639646353,-0.5830813272115348,-0.8886120687570378,0.3036457185337562,-1.280853340056838,-0.12705093959006006,-0.14089156889472587,2,0,0,4,0,3
1.065683382432879,-0.2957860083895103,-0.687116996333815,1.00847084149839,1.0696594044596277,2.478135518046973,2.4212601567797534,0,1,0,4,2,3
-0.758392682993108,1.4660463954976914,0.1188632933590766,-0.7605918769500305,0.7562577051907656,-1.1092782774943744,-1.0696085713997725,1,1,1,0,0,0
0.7602417706039587,-0.9477253857164122,-0.8886120687570378,0.7407791763767013,1.3830611037284897,1.1057869821325246,1.0660281834763314,2,4,1,3,2,1
-0.7512572306341925,0.8975945467173608,0.5218534382055223,-0.7686276492613757,-0.027246542981389666,0.23821758765468182,0.27586778339295354,1,3,1,1,0,0
-0.6774135957570451,-0.5143268919378879,0.3203583657822995,-0.6579474415668314,-0.027246542981389666,1.3970765069683637,1.429570245669439,1,3,1,1,0,0
-0.37683957933575707,-0.618686302621102,-0.687116996333815,-0.3732425397547164,-1.9076567385945622,-0.37504339174413137,-0.3555487005922694,0,4,0,3,0,2
-0.38928513577572577,-0.24544793970701884,-1.0901071411802608,-0.3458079108480143,0.4428560059219035,-0.9921840171026066,-0.9713008795976896,2,0,0,3,0,3
-0.7283574067846502,0.4838401773027357,1.3278337278984138,-0.7563228729096283,0.9129585548251966,-0.862631254112183,-0.8247822173949542,1,2,1,2,0,0
2.6574977078969613,-1.3602519973582936,-1.4930972860267064,2.9828224307132083,-1.750955888960131,-0.8538985542664255,-0.9870685516693868,3,4,1,0,1,1
-0.7498743910297515,0.11428508770688366,2.1338140175913054,-0.768690428732558,-0.6540499415191139,-1.1950332780937438,-1.1556882156012498,1,2,1,0,0,0
-0.09507218153486628,-1.136800082718941,-0.8886120687570378,-0.1873525255836751,-0.027246542981389666,2.0467731520272783,2.049054814803808,0,4,1,0,0,0
-0.729906187141624,1.6735374590913756,0.5218534382055223,-0.7317760996773158,0.7562577051907656,0.04278636637877456,0.07959881923189338,1,3,1,4,0,2
-0.4635712793262944,-0.024451540613153827,0.1188632933590766,-0.42616563396146684,-0.027246542981389666,-1.1971675029439404,-1.1722800307029173,1,2,1,1,0,0
1.0175052506141555,-0.055145484931746196,-0.687116996333815,0.8043747806844569,-1.5942550393257002,0.09108753900418777,0.039584579847959996,2,0,1,2,2,3
-0.6729885090228339,2.212523121325858,0.9248435830519681,-0.6785391081146536,0.9129585548251966,-0.641485840113006,-0.6067055905493318,1,1,1,2,0,0
0.35977142115785554,-0.9464976279436684,0.1188632933590766,0.3289458454202573,0.7562577051907656,2.8841417264427753,2.8624197301649175,0,0,2,1,2,3
2.45842411844164,-0.924397988034282,-0.485621923910592,2.461941158312962,1.6964628029973519,0.012543589078220568,-0.11163868188857018,0,1,0,3,3,3
-0.7049044470933314,1.0572030571740412,2.9397943072841968,-0.7125028020243237,-0.6540499415191139,-0.14738341722580978,-0.11159957001596134,1,3,0,0,0,0
0.07877841353545176,-0.7647894775776016,-1.2916022136034835,0.023209820762043358,1.0696594044596277,-0.47352542126669006,-0.47692122241276724,2,0,0,1,0,3
-0.23313488764225215,0.25670498934515223,0.9248435830519681,-0.1277120279604096,0.7562577051907656,-1.1850530496985925,-1.1718190693471713,1,3,1,3,0,2
0.29472264616495264,-0.5830813272115348,-0.8886120687570378,0.1333877926871287,-0.8107507911535449,-1.0144800934865057,-1.0281164619722658,2,1,1,1,2,3
-0.7406923360562635,-0.42961160561857303,0.9248435830519681,-0.7437669786731513,0.28615515628747246,-1.0477214147443472,-1.0090214870236387,1,3,1,1,0,0
1.647195092892393,-1.3393801152216507,-1.4930972860267064,1.8091602169585252,-1.280853340056838,-0.34917815296331156,-0.4319425689127093,2,4,0,2,3,1
0.6492827207436158,-0.6825297068037741,0.7233485106287452,0.3394300171077155,-0.027246542981389666,-1.2373681314459346,-1.2686377162849356,2,4,0,0,2,1
0.03060028171672852,-0.7979389374416814,-0.485621923910592,-0.08621479750885325,1.0696594044596277,0.15757297866908487,0.15583344635671206,2,4,1,1,0,0
-0.5707136918783803,1.0314201439464235,0.5218534382055223,-0.5419309788217843,0.4428560059219035,-0.8642536006562378,-0.834364626184097,1,2,1,2,0,0
-0.03649509589074702,-0.6211418181665894,-0.485621923910592,0.08027636006683114,-0.027246542981389666,-1.1591234764858533,-1.1558530442072439,0,1,1,0,0,0
-0.6661296245848068,-0.35717389702669505,1.3278337278984138,-0.6460193420421783,0.4428560059219035,-0.44519589402843535,-0.41100374854109856,1,3,1,4,0,2
-0.6553987892543449,-0.1386330134783174,0.7233485106287452,-0.6928528275442374,-0.4973490918846828,1.672030680395099,1.7030739834120272,1,1,1,1,0,0
-0.23059046277008075,-0.6690243713035935,0.3203583657822995,-0.1973972409728567,-1.5942550393257002,-1.2277850982391554,-1.2146270139174438,2,4,0,2,0,0
-0.7877088826072564,1.0351034172646545,-0.08263177906414627,-0.7931116430225058,-0.4973490918846828,-0.9646013287044597,-0.9236290942980008,1,1,1,3,0,2
-0.6124201343483198,0.2861711758910009,0.5218534382055223,-0.6440731784355244,1.2263602540940588,-0.33954756821989607,-0.30819819138900956,1,3,1,0,0,0
-0.7605499127760358,0.6950145142146512,0.9248435830519681,-0.7533094582928739,-0.18394739261582072,-0.20240613941219512,-0.16374407731897894,1,3,1,4,0,2
0.054882945170711774,-0.3940066302090059,-0.485621923910592,0.18612254848033194,1.0696594044596277,-0.5117316823791824,-0.5138735609124732,2,1,0,1,0,3
-0.6560072386802989,-0.8949318014884333,1.3278337278984138,-0.6301361358330348,-0.6540499415191139,0.3255278032169729,0.3582597367484634,1,1,1,0,0,0
1.4475683675952955,-1.2681701644025165,-1.6945923584499292,0.9883186312488443,-1.280853340056838,-0.33172953616707995,-0.4044329539428292,3,4,0,4,3,1
1.178135899066018,-0.08461167147759487,-0.28412685148736916,0.8452442164241897,-0.967451640787976,1.739786025803101,1.6781401646239515,2,4,2,2,2,1
-0.7748761310780442,0.15480109420742558,0.5218534382055223,-0.7663048088276274,-0.6540499415191139,0.3477315736768137,0.38643984096306483,1,2,1,4,0,2
-0.2959711192680496,0.5513668548036389,0.9248435830519681,-0.20957645838223934,0.7562577051907656,-0.33015474115966115,-0.31479971674432866,1,3,1,4,0,2
-0.6013021039286144,-0.07356185152290161,1.5293288003216368,-0.6403691896357636,-0.18394739261582072,1.325178583574594,1.353916709223379,0,3,1,3,0,2
0.23868998539300482,-0.8323161550785049,-0.8886120687570378,0.23301881345357336,-0.027246542981389666,-0.8240473778558158,-0.8350881958273588,2,4,1,1,0,0
-0.3812093524857906,-0.034273602795103386,0.3203583657822995,-0.29627490808511275,0.1294543066530414,-0.9930567276573395,-0.9725803965730329,1,3,1,2,0,0
3.1567028051001498,-1.3676185439947557,-0.8886120687570378,3.3159930842781247,-1.124152490422407,-0.723098262726608,-0.8816424990525119,2,4,1,4,1,1
2.016136699357242,-1.301319624266596,-1.6945923584499292,2.7016959587584894,-1.124152490422407,-0.618417750546074,-0.7194846752166509,3,4,0,0,3,1
-0.7796884129014988,0.7699077383520165,0.5218534382055223,-0.7980084417747318,-0.4973490918846828,0.020300083848331093,0.059654557906619415,0,1,1,2,0,0
-0.5232546366539663,-0.37927353693608157,-0.08263177906414627,-0.4807837738901416,1.2263602540940588,-0.18986372233712254,-0.16320209851282902,0,2,1,4,0,2
-0.13301730028072642,-0.6211418181665894,-1.2916022136034835,-0.2727326063917184,-1.4375541896912691,0.2231913020776769,0.22963475626422947,2,0,0,4,0,3
-0.3100760832333474,0.011153434796413314,-0.485621923910592,-0.2584188869621347,-1.5942550393257002,0.2648520424693205,0.2801868516110336,2,4,0,0,0,0
1.761362330635039,-0.42592833230034194,-1.0901071411802608,2.0000098093529752,0.5995568555563345,-0.6835801386328022,-0.7716990251493269,0,0,0,1,3,3
-0.718898783890274,1.037558932810142,1.1263386554751909,-0.7372379136701833,0.28615515628747246,1.4554026623763505,1.489919865104734,0,3,1,0,0,0
1.3040296166543235,-1.209237791310819,-1.6945923584499292,1.0777165982125603,-1.9076567385945622,2.4920876983258444,2.4231570826012776,2,4,1,4,2,1
1.6131219250389677,-1.2792199843572096,-1.4930972860267064,1.6498259190976328,-1.9076567385945622,-0.7147012207865171,-0.7952946591531461,2,4,0,0,3,1
-0.14120371073901686,0.036936348024030896,-1.2916022136034835,-0.02713931512622911,1.6964628029973519,0.1871164686661669,0.19401780884359363,2,1,0,3,0,3
0.14731194433154585,-0.1889710821608089,-0.485621923910592,0.2678614199597968,0.28615515628747246,1.3121606511331603,1.3031047992942455,2,4,1,1,0,0
-0.7374288345897828,-0.13126646684185525,1.3278337278984138,-0.7526816635810499,0.4428560059219035,-0.5847260882647964,-0.5467610583660559,1,2,1,0,0,0
-0.7115973907788257,1.4255303889971493,0.9248435830519681,-0.6885210440326527,0.5995568555563345,-0.967434840858128,-0.9303032559881648,1,1,1,1,0,0
-0.6401322400213166,-0.8973873170339206,2.1338140175913054,-0.6161990932305454,-0.027246542981389666,-1.0311427113536347,-0.9975421524129716,0,2,0,1,0,0
-0.11581477560148074,-0.44680021443698476,-1.2916022136034835,0.014044017969415132,-1.9076567385945622,-0.23083636402215,-0.2247027244848959,2,4,1,3,0,1
-0.6710525335766165,1.0461532372193478,0.1188632933590766,-0.6547456885365297,-0.6540499415191139,1.4923474091933795,1.5244025682197166,1,3,0,4,0,2
-0.07526991839927176,-0.4983660408922199,-0.8886120687570378,-0.121747978198083,-0.34064824225025175,-0.8485084477312639,-0.8436620770442332,0,0,1,4,0,3
0.6518824591999649,-0.164415926705935,-0.687116996333815,0.5712746041842625,-0.6540499415191139,-0.15053021009143347,-0.18326928286630206,0,0,0,0,2,3
-0.7242642015555049,0.3082708158003874,0.3203583657822995,-0.7258120499149894,0.5995568555563345,1.9699970004044882,2.0041515913437813,1,2,1,1,0,0
2.6508600777956444,-0.6407859425304885,-0.485621923910592,3.0226873949140227,-0.34064824225025175,-0.6390047687602877,-0.772104112401346,0,0,1,3,1,3
-0.6777454772621109,2.1535907482341603,1.7308238727448595,-0.6774090776333707,1.3830611037284897,-0.436807243535986,-0.40203874859813665,0,2,1,1,0,0
0.007534517114653154,-0.42838384784582934,-1.2916022136034835,0.08768433766635259,-1.4375541896912691,1.3296652109136695,1.3276474993562333,2,0,1,0,0,3
-0.7097720425009636,-0.1865155666153215,1.1263386554751909,-0.6934178427848787,0.7562577051907656,-0.9664949987222617,-0.9294567633167039,1,3,0,1,0,0
-0.47253207996307184,1.9362776224585263,0.3203583657822995,-0.5245410653042638,0.7562577051907656,-0.7854858787931597,-0.7606527148425425,0,3,1,3,0,2
-0.12516277132750164,-1.1920491824924073,-0.687116996333815,-0.16117348610062066,-0.34064824225025175,0.5383181325142672,0.5439768764207212,0,0,2,1,0,3
-0.6756435610633607,-0.7169069244405976,1.5293288003216368,-0.6907811049952186,-0.027246542981389666,0.12094990401165287,0.1549254921711519,1,2,1,0,0,0
-0.7294636784682029,-0.10302803806875029,-0.28412685148736916,-0.7085476953398335,-0.6540499415191139,-0.9366661995053631,-0.8986701321632481,1,2,0,4,0,2
-0.5057755440538326,-0.6616578246671313,1.5293288003216368,-0.5531057246922488,0.1294543066530414,-0.6433235671465303,-0.6169864256350595,0,1,1,3,0,2
-0.7165202997706355,2.2542668855991432,1.1263386554751909,-0.6994446720183877,1.2263602540940588,0.19556665644132173,0.23151491985463576,1,1,1,0,0,0
2.0392024639593176,-0.7991666952144251,-0.485621923910592,1.9140647133042905,-0.027246542981389666,-0.10534506169029126,-0.20820868906475043,2,4,0,1,3,1
1.7389050154589178,-1.241159493402155,-1.2916022136034835,2.366014126346278,-1.9076567385945622,0.7914517449234642,0.7026509498892173,3,4,1,1,3,1
-0.7868791788445917,2.2591779166901182,0.3203583657822995,-0.7987617954289203,-0.4973490918846828,-1.001090140199625,-0.9601148840315881,1,3,1,1,0,0
-0.7882620184490327,1.2352279342218768,0.5218534382055223,-0.8060442140860771,0.5995568555563345,-0.5880155357403284,-0.547479040598945,1,3,1,0,0,0
-0.17361747106711306,-0.5536151406656862,-0.08263177906414627,-0.11320997011727868,-1.750955888960131,1.1563650342180423,1.1637100853166744,0,0,1,3,0,3
1.0884172655298883,-0.4050564501636991,-1.2916022136034835,1.3990219317240056,-0.18394739261582072,-0.9830737021129744,-1.0368356158588299,0,0,1,4,2,3
-0.6516927791144431,1.0044094729460622,2.3353090900145284,-0.6914088997070424,0.28615515628747246,-0.2738956790207374,-0.24064360627814635,1,3,1,4,0,2
1.669541780900159,-1.3148249597667767,-1.0901071411802608,1.8665406536192253,-1.280853340056838,-0.25078283506638316,-0.3347970584681432,3,4,1,0,3,1
0.1627997479012847,-0.3903233568907748,-0.08263177906414627,0.1131100234952183,-0.34064824225025175,-0.5273341806942482,-0.5349073672604195,2,4,0,4,0,2
-0.13440013988516736,-0.0023519007037673266,-1.0901071411802608,-0.2703469864867878,-1.750955888960131,-0.4420938555502338,-0.4347614174457254,0,0,2,0,0,3
1.6513989252898937,-1.157671964855584,-1.0901071411802608,1.1445139555506176,-1.4375541896912691,-0.5002689649006706,-0.5830596698521585,3,4,0,1,3,1
-0.6921270091482968,-0.3301632260263338,0.1188632933590766,-0.6860726446565397,1.0696594044596277,-0.8717443662510291,-0.8357139857890987,0,2,0,0,0,0
-0.7097720425009636,-0.36331268589041354,-0.08263177906414627,-0.7117494483701351,1.0696594044596277,-0.8440581833319686,-0.8071706999002731,1,3,1,3,0,2
-0.5051670946278787,1.186117623312129,2.3353090900145284,-0.4568020158984705,1.3830611037284897,-0.9728752960791397,-0.9461631203310111,1,3,1,4,0,2
-0.6620917329398391,-0.36208492811766985,1.3278337278984138,-0.6218492456369602,0.4428560059219035,1.4880929452390566,1.519700762391108,1,3,1,3,0,2
1.582312258652023,-1.3135972019940332,-1.4930972860267064,1.3980174601850872,-1.750955888960131,0.7869063774508966,0.7060201583439423,3,4,1,0,3,1
-0.7413007854822177,1.8896228270942659,0.7233485106287452,-0.7591479491128356,0.7562577051907656,0.33762267641782334,0.3746476113715279,1,3,1,0,0,0
-0.3478552612266745,-0.5069603453014258,-0.485621923910592,-0.3540948010440891,0.9129585548251966,-0.539096193138646,-0.5208634112886934,0,0,2,4,0,2
-0.7033003531521799,0.1707619452530936,-0.28412685148736916,-0.6850681731176216,0.28615515628747246,0.1339118934688086,0.16926837459781638,1,3,1,0,0,0
-0.6821705639963219,-0.5413375629382492,0.1188632933590766,-0.720852471691581,0.7562577051907656,-0.020829198192673922,0.01365061460317507,1,3,1,0,0,0
-0.03776730832683281,-0.44557245666424106,-1.0901071411802608,0.001927580031215008,-1.5942550393257002,0.1887975553437135,0.1904725969621293,0,0,0,2,0,3
-0.7204475642472479,0.11919611879785844,1.1263386554751909,-0.7316505407349511,0.9129585548251966,-0.4217949437050507,-0.38488819245920153,1,3,1,0,0,0
0.08901142660831485,-1.060679100808832,-0.8886120687570378,0.31337653656702574,-1.750955888960131,-0.9891463130563245,-0.9924240845115987,0,0,0,2,0,3
-0.6102629045653919,-0.8421382172604543,0.5218534382055223,-0.6554990421907184,0.4428560059219035,-0.14778900386182345,-0.11678468684180664,1,1,1,4,0,2
-0.7217197766833336,0.8055127137615837,0.5218534382055223,-0.7046553681265256,0.1294543066530414,-0.4182397670541994,-0.3812731379480789,1,3,0,1,0,0
-0.8033073133453503,0.6446764455321597,0.9248435830519681,-0.8059814346148946,0.28615515628747246,-0.35089560258063873,-0.3098911767319311,0,2,1,3,0,2
0.0945980986102563,-1.1392555982644286,-0.28412685148736916,0.043675928367500914,-1.5942550393257002,0.6024931269284932,0.596973463805572,2,1,0,4,0,3
0.1787853737286222,-0.43206712116406043,-1.4930972860267064,0.1654053229901449,0.5995568555563345,-0.6562687737084025,-0.6644905886235678,2,0,1,0,0,3
-0.667789032110136,0.7355305207151931,-0.485621923910592,-0.6574452057973722,0.7562577051907656,0.9509451930993421,0.9835021322718773,1,1,1,3,0,2
0.3637539992186455,-0.04286790720430925,-0.28412685148736916,0.4833833445289238,0.1294543066530414,0.5129871492333001,0.4939835221111849,0,0,1,0,2,3
-0.2956945513471614,-1.2067822757653317,-0.8886120687570378,-0.2557193697012921,-1.4375541896912691,0.12689664324037822,0.14167494847234594,2,0,1,3,0,3
-0.2987367984769315,-0.3019247972532288,-0.8886120687570378,-0.281647291299617,-1.4375541896912691,-0.5192028679294766,-0.5034753902089195,0,0,1,3,0,3
-0.6549009669967462,-0.4995937986649636,1.1263386554751909,-0.6909694434087658,0.4428560059219035,-0.1255768419543411,-0.09234535387171293,1,2,1,2,0,0
-0.741853921323994,0.9823098330366757,1.1263386554751909,-0.7639191889226968,1.3830611037284897,-1.368372614878366,-1.329219213250697,1,3,1,1,0,0
-0.7349397233017891,0.7502636139881175,2.1338140175913054,-0.7224847379423229,1.0696594044596277,0.6753085152644183,0.7115963938958749,1,1,1,0,0,0
-0.6347668223560857,2.0971138906879503,0.5218534382055223,-0.590647848459315,0.28615515628747246,1.7287037206176779,1.7586351921579375,0,1,1,0,0,0
1.6203126909820607,-0.29333049284402296,-0.8886120687570378,1.1332136507377886,-0.6540499415191139,-0.6220372616288447,-0.7031079754143318,2,4,0,1,3,1
-0.2134985652591905,-0.014629478431204272,-0.28412685148736916,-0.06574868990339579,1.5397619533629208,-0.8062239430649232,-0.7944481664816854,0,0,0,1,0,0
1.267190769592016,-0.8421382172604543,-0.28412685148736916,1.4443487099176875,-1.9076567385945622,2.7774780354695947,2.7100566367123613,0,4,0,4,2,1
-0.0835116424417398,0.01606446588738809,-0.8886120687570378,0.01963139090464747,-0.967451640787976,0.3517035255605342,0.3554883812036151,2,1,0,0,0,3
2.193416736646574,-1.2251986423564871,-1.4930972860267064,1.5724188311297524,-1.124152490422407,-0.7552514929402473,-0.8651037643493851,3,4,1,4,3,1
-0.5150129126114983,1.0756194237651966,-0.08263177906414627,-0.5234738142941631,-0.18394739261582072,-0.7457355913146012,-0.7188058048563707,1,3,1,3,0,2
0.12778624911683945,-1.2153765801745375,-0.08263177906414627,0.2500320501439995,0.28615515628747246,-0.21812332084503036,-0.22430881205362213,0,4,0,2,0,0
-0.6657424294955633,1.9117224670036526,0.1188632933590766,-0.6705661152744907,-0.18394739261582072,2.191279474715145,2.2222058685479134,1,1,1,1,0,0
0.45015381770411694,-0.6948072845312111,-0.28412685148736916,0.6570941412905824,1.6964628029973519,0.6343778308175992,0.6108609722868632,2,1,1,0,2,3
0.3414073112108796,-1.2522093133568484,-0.8886120687570378,0.6132112909340955,-1.124152490422407,-0.9161463128722828,-0.9322616433237884,2,1,1,0,2,3
-0.7164649861864578,-0.6235973337120768,0.3203583657822995,-0.7007630409132177,0.28615515628747246,-0.6597624130765484,-0.6227638079604084,1,2,1,4,0,2
0.588493091732391,-1.2129210646290502,-1.2916022136034835,0.689174451064781,-1.5942550393257002,-0.082405640987198,-0.11202700690947139,2,4,0,3,2,1
-0.7460577537214945,2.05045909532369,0.7233485106287452,-0.7712016075798535,0.5995568555563345,-0.7174536156129826,-0.6788893451539589,1,3,1,3,0,2
-0.7216644630991559,1.1922564121758474,0.3203583657822995,-0.7037764555299723,0.9129585548251966,0.4970685730570652,0.5329054227672597,0,2,1,2,0,0
-0.6938417302578037,-0.7758392975322949,1.3278337278984138,-0.682054758500867,-0.18394739261582072,-1.2324423516802783,-1.1958812521171092,1,3,1,0,0,0
1.9912455864773047,-1.3725295750857305,-1.2916022136034835,1.7239056950928469,-1.4375541896912691,1.2442766368613196,1.142173412035187,3,4,1,0,3,1
-0.6751457388057619,1.5544449551352373,0.5218534382055223,-0.6634092555596988,-0.34064824225025175,-1.0920925927242482,-1.056648573040346,1,2,0,4,0,2
-0.6071653438514442,1.0351034172646545,0.1188632933590766,-0.6226025992911488,-0.027246542981389666,-0.7900172605196577,-0.7583786388208625,1,1,1,0,0,0
-0.059616174076999984,-0.7942556641234503,-0.8886120687570378,-0.16450079807328705,0.28615515628747246,-0.634856596476092,-0.6310639060690216,2,0,1,3,0,3
-0.6859872013045791,1.548306166271519,0.5218534382055223,-0.6691221874372959,-0.6540499415191139,-0.318499020385391,-0.2834599319639777,0,1,1,4,0,2
-0.13058350257691032,-1.1245225049915042,-0.485621923910592,-0.04609871542330938,-0.4973490918846828,0.03233341976647618,0.03888894725656165,2,4,1,1,0,0
-0.516893574473538,-1.1441666293554034,-0.485621923910592,-0.47193186845342533,-1.124152490422407,-0.6217855181995948,-0.5949133609577949,0,4,0,2,0,0
-0.7490446872670871,0.7220251852150125,0.7233485106287452,-0.7475965264152769,-0.4973490918846828,0.5658225007344254,0.6029575803147103,1,3,1,1,0,0
0.6730122483558229,-0.3915511146635185,-0.8886120687570378,0.619175340696422,0.1294543066530414,-0.806800155802984,-0.8397983827715263,2,4,1,0,2,1
-0.6750351116374066,0.35001458007367303,0.3203583657822995,-0.6844403784057977,1.2263602540940588,-0.32942468521483653,-0.2949252980487129,1,1,1,2,0,0
-0.6718822373392812,0.36843094666482845,1.1263386554751909,-0.6755884729690815,-0.027246542981389666,2.206040031116831,2.237258352091908,1,2,1,2,0,0
1.061534863619556,-0.8335439128512485,-0.485621923910592,0.6881699795258629,1.0696594044596277,-0.565579601895735,-0.6184978201408687,2,4,2,1,2,1
-0.6792942576190848,0.26038826266338333,0.1188632933590766,-0.6472749314658259,0.1294543066530414,-1.0129248785235838,-0.9773688072624177,1,3,1,4,0,2
-0.763592159905806,-0.15704938006947283,1.3278337278984138,-0.7674348393089104,0.28615515628747246,0.06336779029456037,0.10185626845145622,1,3,1,4,0,2
-0.72929773771567,1.141918343493356,-0.687116996333815,-0.7436414197307866,-0.6540499415191139,-1.270788470253465,-1.232389391492187,1,3,1,4,0,2
-0.7363225629062301,2.082380797415026,1.3278337278984138,-0.7365473394871771,-0.34064824225025175,-0.000944264431146085,0.03624610215028494,0,3,1,0,0,0
-0.7221622853567546,-0.1680992000241661,1.3278337278984138,-0.7349778527076175,0.5995568555563345,0.8267461737042995,0.8622022467862241,1,2,1,4,0,2
-0.659381367315135,0.3254594246187991,0.9248435830519681,-0.6478399467064674,0.1294543066530414,0.5257477439470559,0.5584035700029757,1,2,1,4,0,2
-0.6812302330653021,-0.009718447340229494,1.1263386554751909,-0.6708800126304026,0.1294543066530414,-0.8621277672536832,-0.8266595872801741,1,2,0,1,0,0
-0.2541540496297548,0.00992567702366962,-0.687116996333815,-0.27116311961215883,0.5995568555563345,-0.762233177378111,-0.7484581917041727,2,4,1,3,0,2
0.06096743943025214,0.039391863569518286,-1.0901071411802608,-0.03272668806146145,1.5397619533629208,-0.4144076726311732,-0.41697669022949124,2,0,1,1,0,3
-0.5958813726792058,-0.2773696417983549,-0.08263177906414627,-0.6246743218401674,0.28615515628747246,-0.1146036255882597,-0.08436653185952887,1,3,1,1,0,0
-0.10364578708240031,-0.8261773662147863,-0.08263177906414627,0.02810661951426938,-0.34064824225025175,-0.386836172829882,-0.38112507157320286,2,4,1,3,0,2
1.2528092377058302,-0.6297361225757953,-0.687116996333815,1.3523140051643114,-1.280853340056838,-0.49787180802436887,-0.5605340249347072,2,0,1,1,2,3
0.540149019161135,-0.076017367068389,-1.4930972860267064,0.8110921841009724,0.5995568555563345,0.5881213742675381,0.5601161112822015,0,4,1,4,2,1
-0.16277600856829594,0.08727441670652238,-1.0901071411802608,-0.24241012181062652,-0.027246542981389666,1.3384538537437047,1.3450271393204485,2,4,0,4,0,2
-0.19823201602616222,-0.21966502647940125,-0.687116996333815,-0.11226827804954297,-1.124152490422407,-1.206294600828856,-1.1947972945048098,0,4,0,4,0,2
0.4654756805213229,-0.03550136056784708,-0.485621923910592,0.20778146603825462,1.0696594044596277,1.3265799553307518,1.3014369572980007,2,1,1,1,2,3
-0.17577470085004096,-0.9428143546254374,-1.0901071411802608,-0.18182793211962528,0.9129585548251966,-0.3452341725717298,-0.33593130277379696,2,0,2,1,0,3
-0.47535307275613137,-0.4922272520285014,-0.28412685148736916,-0.389000187021495,0.7562577051907656,-1.1354204340473688,-1.1100139295097935,1,3,1,4,0,2
1.9752599606499675,-1.2485260400386173,-1.2916022136034835,2.273979421592902,-1.4375541896912691,-0.6653455229074682,-0.7642901189951559,3,0,0,2,3,3
-0.7325059255979731,1.4574520910884854,0.7233485106287452,-0.7305832897248505,0.1294543066530414,-0.11868746344053563,-0.08154488962132639,1,2,1,1,0,0
1.0780183117044921,-0.5609816873021484,-0.485621923910592,1.1700652003218481,0.5995568555563345,-1.0794187096361227,-1.1325367807220585,0,4,1,3,2,1
0.23459678016385951,-0.8286328817602737,-0.687116996333815,0.2387945248023527,-0.18394739261582072,0.35520555637632173,0.34291950157027595,2,0,1,2,0,3
-0.0053535479987365416,-0.6506080047124381,-1.0901071411802608,-0.1362500360412139,-0.4973490918846828,-0.03230030711882752,-0.031990147026045156,2,0,1,3,0,3
0.6003301987464055,-1.0815509829454748,-1.0901071411802608,0.7091383229007795,-0.8107507911535449,1.0197718466562633,0.9881955569849267,0,0,1,0,2,3
0.3718297825085808,-0.4173340278911361,-1.0901071411802608,0.1227780620573057,-1.4375541896912691,1.0452342959502834,1.025167451420937,0,4,1,0,2,1
0.4165784721082904,-0.4639888232553965,0.1188632933590766,0.5904851223660722,-0.967451640787976,-0.65713029566628,-0.6773611884170314,0,4,1,2,2,1
-0.7175712578700107,0.36720318889208475,1.7308238727448595,-0.725121475731983,-0.18394739261582072,-0.21389682838284585,-0.1773913271542448,1,3,1,4,0,2
-0.38060090305983657,-0.06128427379546467,-0.485621923910592,-0.473501355232985,0.9129585548251966,-1.1792489650797755,-1.158574113058738,2,4,0,0,0,0
0.15267736199677678,-0.6150030293028709,-0.28412685148736916,0.2595117502925397,1.0696594044596277,-0.8097399596267801,-0.8164541822344776,2,4,1,3,0,2
-0.6860978284729343,0.44086865525670643,0.9248435830519681,-0.7170857034206378,0.7562577051907656,-1.3440262281206872,-1.3077188581366321,1,2,1,2,0,0
-0.5238077724957427,1.8847117960032913,2.1338140175913054,-0.5933473657201574,1.2263602540940588,-0.5868715017118483,-0.5596931196736192,0,3,1,4,0,2
-0.72531515965488,0.3966693754379334,1.7308238727448595,-0.7218569432304991,-0.4973490918846828,0.4304460730806874,0.4665493371813357,1,2,1,1,0,0
1.2624891149369168,-1.338152357448907,-1.4930972860267064,1.4998457624429156,-1.750955888960131,0.6555830190080821,0.5910116969379245,3,0,0,2,2,3
-0.627078234155394,-0.5130991341651443,-0.687116996333815,-0.6560640574313598,-0.18394739261582072,-1.2773785538013847,-1.2441341280955562,1,3,0,1,0,0
-0.6497014900840482,-0.8740599193517905,0.5218534382055223,-0.628503869582293,-0.027246542981389666,-0.9319026543941122,-0.8979409751096137,1,1,0,3,0,2
-0.5136300730070573,-0.9943801810806725,-1.0901071411802608,-0.4996803947160393,1.5397619533629208,-0.46699687500147624,-0.4404801319621613,2,4,1,4,0,2
-0.5536217943674899,-0.5130991341651443,0.5218534382055223,-0.5837421066292525,0.4428560059219035,-0.5589839240493877,-0.5303340718703826,1,1,1,2,0,0
-0.8065155012276535,-0.20002090211550216,0.9248435830519681,-0.8031563584116873,-0.18394739261582072,-0.9246468493332877,-0.8827739496529793,1,2,1,0,0,0
-0.6789070625298413,-0.15459386452398546,0.9248435830519681,-0.65185783286214,-0.6540499415191139,-0.4083742217768174,-0.37358206757008755,1,1,1,0,0,0
-0.7688469504026816,-0.4750386432100897,-0.08263177906414627,-0.7712016075798535,1.2263602540940588,-0.9959741542874245,-0.9559159451365206,0,3,1,3,0,2
-0.6544031447391474,1.2634663629949818,1.1263386554751909,-0.6326473146803303,1.0696594044596277,-0.21790794035556088,-0.18458791171425415,1,2,1,4,0,2
-0.6728778818544787,1.4660463954976914,1.1263386554751909,-0.6382346876155625,0.5995568555563345,0.2292974788115938,0.2629999773046762,1,2,1,4,0,2
-0.21427295543767744,-0.944042112398181,0.3203583657822995,-0.13442943137692479,-1.9076567385945622,1.515776331008903,1.5247322254317046,0,1,0,3,0,2
-0.6782432995197096,1.4439467555883048,-0.28412685148736916,-0.6985029799506519,0.28615515628747246,-0.06215987497707892,-0.027827526298400147,1,1,1,0,0,0
-0.5005760671411346,-1.0336684298084708,-0.8886120687570378,-0.5411776251675957,1.3830611037284897,-1.0780481065213179,-1.0514383128678237,0,0,1,1,0,3
-0.0070682691082433495,-0.18037677775160305,0.1188632933590766,-0.039506870949158904,1.6964628029973519,-0.3202612243901403,-0.31950990368849613,2,4,1,1,0,0
-0.08008220022272619,-1.0275296409447523,-0.485621923910592,-0.22891253550641386,0.4428560059219035,-0.08507412133724689,-0.08092468706995931,0,4,2,1,0,0
0.07645524299999085,-0.14968283343301067,-0.08263177906414627,0.007766070851176656,-0.8107507911535449,-0.07392748171990447,-0.07769795757973771,0,4,1,3,0,2
-0.6136923467844054,0.27880462925453875,0.5218534382055223,-0.6264949265044566,1.2263602540940588,1.430499642925108,1.4597338805663416,1,3,1,4,0,2
-0.7519209936443242,1.170156772266461,2.1338140175913054,-0.7587084928145589,0.7562577051907656,-0.28290529663866976,-0.2445799368856978,1,2,1,2,0,0
-0.13251947802312763,-0.34244080375377073,-0.28412685148736916,-0.15903898408041964,-0.967451640787976,2.665622835555439,2.6690338697561593,2,4,0,0,0,0
-0.7835603637939335,0.8705838757169995,-0.08263177906414627,-0.7814974408537646,0.5995568555563345,1.587526005494337,1.6251463709442875,1,1,1,2,0,0
-0.758392682993108,-0.020768267294922746,-0.8886120687570378,-0.7712643870510358,1.3830611037284897,0.9086411083885043,0.9458262241289095,1,3,1,1,0,0
1.6907268836401947,-1.2129210646290502,-1.2916022136034835,1.333982399579055,-1.9076567385945622,-1.0030789132906992,-1.0872368511255717,2,4,1,2,3,1
-0.7164649861864578,1.2217225987216962,0.3203583657822995,-0.7114983304854056,0.1294543066530414,-0.7287317212433778,-0.6916481967399692,1,1,1,2,0,0
-0.6885316261767505,0.9233774599449783,0.9248435830519681,-0.6727006172946918,-0.4973490918846828,0.013114207517853653,0.04787350313582783,1,2,1,3,0,2
1.596417222617321,-0.8716044038063031,-1.0901071411802608,1.7146143333578538,0.9129585548251966,-1.2152538697609383,-1.2943872969874222,2,4,1,2,3,1
0.7194756590650391,-0.7500563843046774,-0.28412685148736916,0.4187204892110674,-0.34064824225025175,-0.7384238432694988,-0.7738529718479943,2,4,0,2,2,1
-0.5443291122256466,-0.07233409375015791,0.9248435830519681,-0.5014382199091462,-0.18394739261582072,-1.2322941027719423,-1.2032845708609077,1,2,0,4,0,2
-0.3969737239764175,-1.1036506228548613,-0.485621923910592,-0.4822904811985188,0.7562577051907656,0.7362835709779568,0.7554268345643476,2,4,0,0,0,0
-0.571543395641045,-0.9673695100803112,-0.485621923910592,-0.601759814858597,-0.6540499415191139,2.400676862015994,2.426587752570102,2,4,0,2,0,0
-0.5848739694278557,1.672309701318632,2.1338140175913054,-0.539608138388036,-0.4973490918846828,-0.6283168616140227,-0.5980031988938859,1,3,1,4,0,2
-0.6943948660995801,0.33528148680074865,-0.28412685148736916,-0.6834359068668796,0.28615515628747246,-1.3310474557682481,-1.2943370102940683,1,3,0,1,0,0
-0.6467698701226333,-0.8765154348972779,0.7233485106287452,-0.6541806732958882,-0.4973490918846828,-0.8117539070607792,-0.7780882289104842,0,2,1,1,0,0
1.3709590535092662,-1.2313374312202057,-1.6945923584499292,1.892970810987009,-1.4375541896912691,-0.821124356927303,-0.889355919071994,3,0,0,0,2,3
-0.6772476550045121,0.14252351647998862,0.1188632933590766,-0.6751490166708047,-0.027246542981389666,0.1158786724868744,0.14994152211872308,1,2,1,1,0,0
0.11810637188575268,-0.586764600529766,-0.687116996333815,0.18455306170077232,-1.750955888960131,-1.1782028312737816,-1.1827173132790796,2,4,0,0,0,1
-0.28142364662933056,-0.4836329476192956,-0.8886120687570378,-0.2296658891606025,-0.4973490918846828,2.0809627068686276,2.092614266069206,0,0,2,3,0,3
1.4130526910684489,-1.3209637486304953,-1.2916022136034835,1.8644689310702063,-1.750955888960131,0.10717114698404216,0.035670598881898996,2,0,1,2,3,3
0.6304761021232188,-0.8126720307146057,-0.485621923910592,0.6268972156518553,1.5397619533629208,1.4465440908159681,1.412919762758859,2,1,0,0,2,3
1.131174666099203,-1.1981879713561259,-1.0901071411802608,1.3817575771488497,-1.5942550393257002,-1.107737048277522,-1.1635050027126264,3,4,0,0,2,1
1.1555679567215418,-0.1852878088425778,-0.687116996333815,1.4275238116408084,-0.18394739261582072,-0.6485570333257141,-0.7061223833103916,2,4,2,4,2,1
-0.700977182616719,-0.4959105253467325,0.9248435830519681,-0.7307088486672153,0.1294543066530414,-0.8758198126556636,-0.8393374214157805,1,3,1,0,0,0
-0.6956117649514881,-0.6542912780306691,-0.08263177906414627,-0.6804224922501251,1.0696594044596277,-0.43408841450008717,-0.3984209003818277,0,2,1,2,0,0
-0.7784715140495907,-0.2098429642974517,1.3278337278984138,-0.7752194937355261,0.7562577051907656,-0.0715666877833831,-0.032160563042412,1,2,1,3,0,2
-0.718732843137741,1.7533417143197159,0.9248435830519681,-0.6970590521134571,1.0696594044596277,-0.15561822451149537,-0.11912581178795875,1,1,0,3,0,2
-0.7333909429448153,-0.015857236203947966,0.3203583657822995,-0.7558206371401692,0.7562577051907656,2.2831798121374267,2.3174097538879734,1,2,1,1,0,0
-0.7343865874600128,1.044925479446604,0.7233485106287452,-0.7224219584711405,1.3830611037284897,0.7046981620547367,0.7409219172368755,1,3,1,1,0,0
0.7393885493689891,0.024658770296593954,-0.8886120687570378,0.7027348168401761,-0.34064824225025175,1.3642631495402469,1.3252393254856092,2,4,0,2,2,1
0.3695619255572976,-0.08706718702308225,-0.8886120687570378,0.4452134260500338,-1.4375541896912691,-0.24349066706577796,-0.2618562097580182,2,1,2,0,2,3
-0.6842724801950723,2.207612090234883,3.3427844521306427,-0.7049064860112552,-0.34064824225025175,-0.4678667884069952,-0.43273039377525696,0,3,1,0,0,0
-0.5022907882506413,1.7300143166375856,0.5218534382055223,-0.4397259997368619,1.2263602540940588,1.3599667283477153,1.3836612883423303,1,3,0,3,0,2
-0.7589458188348843,1.1431461012660997,-0.28412685148736916,-0.758080698102735,0.7562577051907656,-1.2798652194525308,-1.2399575388419795,0,3,1,3,0,2
2.6190547668935023,-1.2448427667203863,-1.2916022136034835,2.8281338137198127,-1.280853340056838,1.6477206565772005,1.513412132016659,3,4,0,1,1,1
3.4938944142470345,-1.3528854507218313,-1.0901071411802608,2.8996396313965485,-1.4375541896912691,-0.640638303901198,-0.8163144969751607,3,0,0,0,1,3
0.5580153068505121,0.049213925751467845,-0.08263177906414627,0.5338580393595611,-0.8107507911535449,-0.884728732901896,-0.9118228961805321,2,4,0,0,2,1
2.09628608283064,-1.0680456474452942,-0.8886120687570378,2.7539912582534165,-1.124152490422407,-0.643155738193697,-0.7482402826996383,2,4,0,0,3,1
-0.7710041801856096,0.7367582784879368,1.3278337278984138,-0.773084991715325,0.5995568555563345,-1.19896606988847,-1.1585489697120612,1,2,0,2,0,0
-0.6072206574356217,1.1026300947655578,0.7233485106287452,-0.6052126857736282,-0.4973490918846828,-0.07195269437489964,-0.04119540561503237,1,3,1,3,0,2
-0.7611583622019898,-0.7414620798954714,0.5218534382055223,-0.7577668007468231,0.28615515628747246,-0.5315131216197965,-0.4924151113762033,1,1,1,2,0,0
-0.7482149835044225,0.892683515626386,-0.08263177906414627,-0.7288254645317438,-0.4973490918846828,0.4494554991382684,0.48669195157484,1,3,1,0,0,0
1.3247168971367602,-0.4836329476192956,0.1188632933590766,0.9552338499357277,1.3830611037284897,-1.2325850062901866,-1.2979744144466816,0,4,1,2,2,1
-0.39481649419348963,-0.4197895434366235,1.1263386554751909,-0.42108049679569365,-0.027246542981389666,-0.0805231595662517,-0.06048314622151682,1,1,1,2,0,0
-0.7351056640543221,-0.47381088543734606,-0.08263177906414627,-0.7418208150664974,0.9129585548251966,-0.23660688285040038,-0.19918781501806182,1,1,1,0,0,0
-0.6078291068615758,0.31932063575508063,2.536804162437751,-0.6462076804557254,0.5995568555563345,-0.9744668739818417,-0.9425676217561929,1,2,1,2,0,0
-0.06199465819663848,-0.3866400835725437,-0.687116996333815,-0.14190018844762856,0.1294543066530414,0.4121834858632145,0.4148071234251511,2,4,0,1,0,0
-0.518110473325446,1.1922564121758474,0.3203583657822995,-0.5031960451022529,-0.34064824225025175,-0.8138293917774839,-0.7866593164221722,1,3,1,4,0,2
-0.8004310069681132,1.785263416411052,-0.08263177906414627,-0.8098109823570201,0.9129585548251966,0.3841084992034235,0.4240626687074922,1,3,1,2,0,0
1.37250783386624,-0.25895327520719946,0.1188632933590766,1.3636143099771407,0.5995568555563345,0.8985182253834445,0.8280911064610249,2,1,1,3,2,3
-0.4224732862823089,0.15111782088919448,0.7233485106287452,-0.3474401770987563,-0.027246542981389666,1.9808695193988697,1.9997682679064155,1,3,1,0,0,0
1.9401911482813445,-1.3037751398120836,-1.2916022136034835,1.6753771638688633,-1.750955888960131,-1.043092132795363,-1.1398004142065399,2,0,1,1,3,3
-0.5916222266975277,1.2487332697220574,1.3278337278984138,-0.5905850689881325,-0.6540499415191139,0.4822129135821073,0.5115000536295303,1,2,1,1,0,0
-0.5273478418831117,-0.7967111796689377,0.1188632933590766,-0.5226576811687922,-0.34064824225025175,-0.12169439884546493,-0.09490997523277221,1,3,1,1,0,0
-0.019790393469100283,-1.125750262764248,-0.485621923910592,0.09396228478459107,-0.6540499415191139,1.6149492563872918,1.6139603753781857,0,0,2,0,0,3
-0.648650531984673,1.1910286544031037,0.7233485106287452,-0.6674899211865538,1.3830611037284897,-0.8506035124924658,-0.8167950142672111,1,1,1,4,0,2
-0.6877572359982634,0.34264803343721084,0.7233485106287452,-0.6926644891306902,0.5995568555563345,0.6681645961721491,0.7020782403260181,1,2,0,0,0,0
-0.20625248573191984,-0.8102165151691183,-0.485621923910592,-0.14748756138286082,1.6964628029973519,1.621654023052981,1.6300744668929892,2,0,0,3,0,3
-0.41229558679362344,-0.26631982184366165,-1.2916022136034835,-0.32854355627285853,-1.9076567385945622,-1.041799849858547,-1.0196934408354537,0,4,0,1,0,0
-0.557438431675747,0.14252351647998862,0.1188632933590766,-0.5083439617392084,0.9129585548251966,-0.7857795794606179,-0.7566577164260777,1,2,1,2,0,0
-0.7556270037842261,-0.7451453532137026,0.3203583657822995,-0.7527444430522323,-0.4973490918846828,-0.09630187828179228,-0.05801909824716565,1,3,1,3,0,2
-0.6472123787960544,2.0013487844139424,1.1263386554751909,-0.6285666490534753,-0.34064824225025175,0.025754524815412145,0.05841135909869836,1,1,1,1,0,0
2.0604428802835306,-0.26018103297994316,-1.2916022136034835,2.547258459649823,0.7562577051907656,-0.5600300578553817,-0.6634066310112682,2,1,0,1,3,3
-0.2263313167884026,-0.9194869569433072,-0.687116996333815,-0.16355910600555132,-0.18394739261582072,-0.18512255441958292,-0.1734633776622523,2,0,1,3,0,3
-0.6660743110006292,1.5605837439989558,2.3353090900145284,-0.6444498552626187,1.2263602540940588,-0.13289418429787134,-0.09908935819153536,1,3,0,2,0,0
0.5260993687800146,-0.9857858766714667,-0.08263177906414627,0.32869472753552764,-0.18394739261582072,1.3505207554524168,1.322286379103649,2,4,1,4,2,1
-0.7198391148212937,1.35923146926899,-0.28412685148736916,-0.7463409369916292,-0.34064824225025175,-0.14064508476955423,-0.10411523382175916,1,2,1,4,0,2
-0.6274654292446374,1.230316903130902,1.3278337278984138,-0.5826120761479696,1.3830611037284897,2.19584442223221,2.224831951423072,1,2,0,4,0,2
-0.7389223013625792,1.5409396196350567,1.3278337278984138,-0.7476593058864591,1.0696594044596277,-0.3850739688251327,-0.3472793332407058,1,3,1,2,0,0
-0.01082959283232281,-1.0373517031267019,-0.485621923910592,-0.15872508672450764,0.1294543066530414,-0.09826827417915528,-0.09760031332721669,2,0,2,2,0,3
0.2939482559864656,-0.9256257458070256,-0.687116996333815,0.5027822011242807,-0.967451640787976,0.36093411796636365,0.3456433641269565,2,4,2,2,2,1
2.3367342332508354,-1.2350207045384367,-1.4930972860267064,3.0185439498159856,-1.124152490422407,-0.35630808630951133,-0.47389005228558945,3,0,0,3,3,3
-0.7489893736829093,1.797540994138489,0.5218534382055223,-0.7298927155418443,-0.027246542981389666,-0.05453764336923489,-0.016641530732298796,1,3,1,2,0,0
-0.6256400809667754,-0.7242734710770597,-0.485621923910592,-0.6247371013113499,-1.4375541896912691,-0.12418945594425279,-0.09243754614286234,2,0,0,4,0,3
-0.2100138094559992,-1.088917529581937,-0.08263177906414627,-0.11019655550052428,1.2263602540940588,-0.7180046540081184,-0.706513502036479,0,4,1,1,0,0
-0.7663578391146879,1.9571495045951692,0.5218534382055223,-0.7526188841098677,-0.4973490918846828,0.012758969567689791,0.0514494457743418,1,2,1,0,0,0
-0.6155176950622675,-0.07847288261387639,1.1263386554751909,-0.5727556991723353,-0.4973490918846828,0.20677203619215603,0.23760519716085457,1,2,1,3,0,2
-0.4803312953321189,-0.34244080375377073,0.9248435830519681,-0.4156186828028261,1.3830611037284897,0.24552933569978413,0.26948696074735523,1,2,1,1,0,0
1.2507626350912575,-1.1846826358559452,-1.2916022136034835,1.4769312554613452,-1.750955888960131,-1.0310923626677848,-1.0929946775146162,2,4,0,4,2,1
-0.5930050663019687,-0.8875652548519711,0.5218534382055223,-0.5409265072828661,0.4428560059219035,-0.4785518984040464,-0.44801196114453123,1,2,1,1,0,0
-0.7727189012951162,0.8656728446260247,0.9248435830519681,-0.7791746004200164,-0.6540499415191139,-1.1195298293632727,-1.0791239312644432,0,2,1,3,0,2
-0.6416257067941129,2.1253523194610553,1.1263386554751909,-0.6420014558865056,-0.6540499415191139,-1.1182123720835317,-1.084429177413301,1,1,0,0,0,0
1.1067260618926866,-1.2816754999026971,-1.0901071411802608,1.533370000054309,-1.5942550393257002,2.4595764330128276,2.400650993620131,3,0,1,1,2,3
-0.09634439397095207,-0.1705547155696535,-0.8886120687570378,-0.060789111679987434,1.3830611037284897,-0.5512134435332077,-0.5456687196381973,0,0,2,1,0,3
-0.7341100195391246,0.6360821411229538,0.5218534382055223,-0.7392468567480196,0.7562577051907656,2.7455010256564307,2.779198046369065,0,3,1,2,0,0
0.11511943834016025,-0.8323161550785049,-1.0901071411802608,0.15856236063126494,-1.750955888960131,-1.076347439799274,-1.0808364725436692,2,1,1,2,0,3
-0.14247592317510258,-0.5364265318472745,-0.485621923910592,-0.12463583387247276,1.5397619533629208,0.08893932840792193,0.09602580572756676,2,0,1,4,0,3
-0.07770371610308785,-0.5167824074833753,-1.2916022136034835,-0.1556488926365708,-1.124152490422407,-0.07106879522331115,-0.06705673452497242,2,0,1,2,0,3
0.24499573398925553,-1.2350207045384367,-0.687116996333815,0.23841784797525836,-1.4375541896912691,-0.3031174968582225,-0.31511819913557143,2,1,1,3,0,3
-0.588358725231047,-0.33630201489005224,0.7233485106287452,-0.583490988744523,1.3830611037284897,-0.8396890362598759,-0.8089391152832257,1,3,1,0,0,0
-0.6589941722258914,-0.486088463164783,-0.485621923910592,-0.6838753631651563,0.9129585548251966,-0.888913268125872,-0.8545351776294646,0,0,2,0,0,0
-0.303549080300386,2.0958861329152065,1.3278337278984138,-0.18396243413982638,0.9129585548251966,-0.5776940551410827,-0.5616515070092427,1,2,0,4,0,2
-0.7121505266206021,0.25670498934515223,-0.28412685148736916,-0.7314622023214039,0.9129585548251966,0.021583975337505595,0.05752575455462913,1,1,0,1,0,0
-0.6993730886755676,0.5157618793940718,0.5218534382055223,-0.718090174959556,1.3830611037284897,0.08399676574698231,0.11921635247936686,1,2,0,3,0,2
-0.4462028138945159,-0.8384549439422233,-1.4930972860267064,-0.4229011014599827,-1.124152490422407,-0.5751346636103755,-0.5518903010881743,2,4,0,1,0,0
-0.7108230006003387,-0.4148785123456487,-0.485621923910592,-0.720224676979757,1.2263602540940588,-0.36223804264295323,-0.32589072633409444,1,3,1,4,0,2
2.0769816419526443,-1.233792946765693,-0.28412685148736916,2.3792605947657615,0.4428560059219035,-0.44622244778993214,-0.5505744659454086,2,0,2,3,3,3
-0.4951000223075484,2.1597295370978786,-0.08263177906414627,-0.48046987653422957,1.0696594044596277,-1.367746053454455,-1.3410561421252154,1,1,1,0,0,0
-0.6545137719075027,0.046758410205980455,1.7308238727448595,-0.6974357289405514,-0.34064824225025175,-0.6048515768587185,-0.5710495312560872,0,1,1,2,0,0
-0.7638687278266941,0.41017471093811403,-0.08263177906414627,-0.7789234825352869,-0.027246542981389666,-0.5688802379681225,-0.5295993274063754,1,2,1,4,0,2
-0.5795638653468025,-0.9268535035797694,1.1263386554751909,-0.5365319443000992,0.28615515628747246,-0.37796361552343005,-0.34822639929887483,1,1,1,3,0,2
-0.6692271852987546,-0.20615969097922063,0.3203583657822995,-0.7103683000041227,0.7562577051907656,0.06261535715602469,0.0963387007084367,1,3,1,1,0,0
-0.0782015383606866,-0.9624584789893365,-0.8886120687570378,-0.08414307495983456,0.28615515628747246,0.7869511318383188,0.7899318873208204,0,4,2,2,0,0
-0.712316467373135,-0.7918001485779629,0.7233485106287452,-0.7381796057379192,-0.34064824225025175,1.3375391859507635,1.3718690587507936,1,3,1,2,0,0
-0.6301757948693417,0.2849434181182572,0.5218534382055223,-0.6499116692554862,1.0696594044596277,-0.5738060177337787,-0.5412714276748998,1,3,1,4,0,2
2.914539933570448,-1.2534370711295921,-1.0901071411802608,3.4389152888532335,-1.9076567385945622,0.052436531166687186,-0.09483175148755478,3,0,0,3,1,3
1.8088766994436305,-0.7598784464866268,0.1188632933590766,2.165433715918559,-0.6540499415191139,1.0448846522985473,0.9522377775315577,2,0,0,3,3,3
-0.698543384912903,2.0173096354596103,0.5218534382055223,-0.7294532592435675,0.9129585548251966,-1.0120605594164926,-0.975533342954993,1,3,1,0,0,0
-0.7541888505956074,1.6023275082722415,1.9323189451680824,-0.7475337469440945,-0.6540499415191139,0.3558880607845102,0.3935414395467386,1,3,1,1,0,0
-0.3429323522348647,-0.0305903294768723,-0.687116996333815,-0.3127231295348975,-0.4973490918846828,2.846584403947905,2.8603998813151947,2,4,1,3,0,2
-0.7795777857331434,1.958377262367913,-0.485621923910592,-0.7736500069559665,-0.4973490918846828,-0.7720651568649264,-0.7317406598691202,1,2,1,0,0,0
2.325339634910242,-0.8937040437156896,-1.0901071411802608,2.3937626526088924,-0.4973490918846828,-0.7694694023944385,-0.8859671546809648,2,0,1,1,3,3
0.5591215785340649,-0.13126646684185525,-0.687116996333815,0.5230599703161909,1.6964628029973519,0.4170057711079569,0.38825295562899903,0,0,1,3,2,3
2.6744789782394967,-1.2608036177660542,-1.4930972860267064,3.003162979376301,-1.124152490422407,-0.27379498164903754,-0.4085369068615611,3,4,0,1,1,1
1.5311471932877074,-0.06865082043192683,-1.0901071411802608,1.81481036936494,-0.967451640787976,1.597685251439177,1.518384927248342,2,4,1,4,3,1
-0.6302311084535194,-0.6935795267584673,0.3203583657822995,-0.6261182496773623,1.2263602540940588,-1.3472121810753053,-1.3137225305820746,1,2,1,3,0,2
2.5950486713604075,-1.3025473820393398,-1.4930972860267064,3.3540374438146494,-1.9076567385945622,-0.03946660340480782,-0.17048528793361498,3,4,1,3,1,1
0.05836770097390313,-1.2448427667203863,0.3203583657822995,0.10168415974002432,1.0696594044596277,-0.49757810735691066,-0.49991341609633727,2,1,1,0,0,0
-0.453061698332543,1.5090179175437206,1.1263386554751909,-0.5102901253458624,-0.027246542981389666,2.0181415326739236,2.038539308482428,1,3,1,4,0,2
2.7191170406708505,-1.2006434869016132,-1.0901071411802608,2.234930590517459,-1.9076567385945622,-0.1248467860095165,-0.26202662577438507,3,0,1,4,1,3
-0.6890294484343492,1.1566514367662803,2.3353090900145284,-0.713695611976789,0.28615515628747246,2.1920067335107563,2.22410838177981,1,3,1,4,0,2
-0.011327415089921576,-0.8102165151691183,1.7308238727448595,-0.09594561554212287,1.0696594044596277,0.07104037058825446,0.07152501124337378,1,3,1,4,0,2
-0.7382585383524475,0.8374344158529198,0.9248435830519681,-0.7514260741574023,1.0696594044596277,0.42656362997181124,0.4633254013963005,1,2,1,2,0,0
0.5348942286642592,-1.2571203444478232,-0.8886120687570378,0.4612849706727243,0.7562577051907656,-1.2417428728164548,-1.2672296888710208,2,1,1,1,2,3
-0.7129802303832666,-0.8372271861694797,-0.28412685148736916,-0.7364845600159947,0.28615515628747246,-1.0868647208434918,-1.0495162436996224,1,3,1,3,0,2
0.5371067720313648,-0.908437136988614,-0.485621923910592,0.6666994003814872,0.7562577051907656,-0.729626808991822,-0.7558559230375984,0,4,0,2,2,1
-0.47590620859790783,1.0031817151733184,0.7233485106287452,-0.4181926411213039,-0.6540499415191139,-0.052389432772969036,-0.02828848765414598,0,1,1,3,0,2
-0.26488488496021667,0.45560174852963076,0.1188632933590766,-0.1743571750489215,0.7562577051907656,-0.9290299821514496,-0.914507646864604,1,3,0,1,0,0
-0.7241535743871497,0.6974700297601386,0.7233485106287452,-0.7507982794455784,1.2263602540940588,0.16265539879071886,0.19902971594788568,0,1,1,3,0,2
-0.6303970492060522,0.041847379115005676,1.5293288003216368,-0.6079749825056531,0.7562577051907656,-0.8320164559661819,-0.7991527660154802,0,3,1,4,0,2
-0.7510912898816595,1.1505126479025618,0.5218534382055223,-0.7694437823867467,-0.18394739261582072,0.03342710510910624,0.0713210707647709,1,1,1,2,0,0
0.36806845878450134,-0.3215689216171279,-0.485621923910592,0.2104809832990972,-0.18394739261582072,0.04029410642920064,0.021654579962036208,2,0,0,0,2,3
-0.7350503504701443,1.2278613875854145,0.1188632933590766,-0.739309636219202,0.1294543066530414,0.8781018332712781,0.9141456073158253,1,2,1,1,0,0
0.22165340146629206,-0.6420137003032322,-0.08263177906414627,0.260390662889093,0.9129585548251966,0.6054553079460003,0.5935148567848844,2,4,0,1,0,0
0.7672112822103412,-0.013401720658460578,-0.8886120687570378,0.8837908117301738,-0.18394739261582072,0.6969696387767649,0.6573621951134758,2,4,0,2,2,1
-0.14302905901687893,-1.237476220083924,-1.0901071411802608,-0.0038481313175644906,-0.18394739261582072,-0.8239970291699658,-0.8157585496430794,2,0,0,3,0,3
1.335613673219755,-1.2190598534927686,-1.0901071411802608,1.0728825789315168,-1.280853340056838,-0.41086648172639134,-0.47781800177758205,3,4,0,4,2,1
-0.6181174335186165,0.5722387369402817,-0.08263177906414627,-0.6187730515490233,-0.34064824225025175,2.911604137424725,2.9392382416736815,1,1,1,1,0,0
-0.6407960030314482,1.407114022405994,0.3203583657822995,-0.6414992201170465,0.7562577051907656,-0.2173429162143557,-0.1847108347424532,1,3,1,0,0,0
-0.7202263099105374,-0.2307148464340945,2.3353090900145284,-0.7160184524105373,1.3830611037284897,-0.6095703675825471,-0.5724435901440703,1,3,1,4,0,2
-0.7630943376482072,-0.5351987740745308,0.7233485106287452,-0.7740894632542432,1.3830611037284897,-0.9530630881971729,-0.9133482592122733,1,2,1,2,0,0
0.6362840284618706,-1.1674940270375334,-1.4930972860267064,0.8244642114628203,-1.5942550393257002,-0.8619767211961332,-0.8930519910335205,3,0,1,3,2,3
-0.7629283968956743,-0.42347281675485454,0.1188632933590766,-0.7610313332483071,-0.4973490918846828,-0.5218349853397449,-0.4826594928655075,1,2,1,3,0,2
-0.6810642923127692,-0.08338391370485117,0.3203583657822995,-0.657068528970278,-0.6540499415191139,0.793896453336402,0.8273172501244088,1,3,1,3,0,2
-0.766191898362155,1.346953891541553,0.7233485106287452,-0.780430189843664,-0.4973490918846828,-0.0631081085605867,-0.024332601110289995,1,1,1,4,0,2
1.2514817116855668,-0.05637324270448989,-0.687116996333815,1.4653170532926039,-1.4375541896912691,0.5710140096754008,0.5071027616662328,2,0,1,4,2,3
-0.09468498644562284,0.7171141541240377,0.9248435830519681,-0.0525022214839126,0.9129585548251966,-0.5542791190716286,-0.5488144316780151,1,2,1,4,0,2
-0.7629283968956743,-0.45539451884619064,1.5293288003216368,-0.7737755658983312,1.3830611037284897,-1.283842765634679,-1.243729040843537,0,3,0,0,0,0
-0.727914898111229,-0.37927353693608157,0.1188632933590766,-0.7386818415073783,1.3830611037284897,-0.9161463128722828,-0.8782537346614827,1,3,1,1,0,0
3.020244192933915,-1.1674940270375334,-1.4930972860267064,2.464891793458534,-1.124152490422407,-0.7080915571941003,-0.8597622000331049,2,4,1,4,1,1
-0.6513055840251997,-0.6739354023945683,0.7233485106287452,-0.682368655856779,-0.18394739261582072,-0.22263791967624497,-0.18946851467478845,1,2,0,4,0,2
-0.27130126072482275,-0.1865155666153215,-1.0901071411802608,-0.3505791506578755,-1.4375541896912691,1.7153221587784389,1.7269126697670578,0,1,1,4,0,2
-0.7004240467749426,-0.06865082043192683,1.1263386554751909,-0.7101799615905755,0.5995568555563345,0.8829213213668066,0.917210301905239,0,3,1,4,0,2
-0.38817886409217306,-0.7905723908052192,-0.8886120687570378,-0.29746771803757804,1.5397619533629208,-0.6307447871316771,-0.6103625506382496,2,0,1,1,0,3
-0.5087624775994251,0.5464558237126641,0.3203583657822995,-0.48473888057463177,0.1294543066530414,-0.4036106766655666,-0.377417824790931,1,3,0,2,0,0
-0.7675747379665959,-0.8752876771245341,0.5218534382055223,-0.7565739907943578,1.2263602540940588,-0.5043416141560911,-0.46495298939449087,1,2,1,2,0,0
-0.6306736171269405,-0.05760100047723358,0.1188632933590766,-0.5922801147100569,-0.34064824225025175,-0.08447273425626113,-0.05251549903007787,1,1,1,2,0,0
-0.6680102864468466,-0.8421382172604543,1.7308238727448595,-0.6624675634919631,-0.18394739261582072,-1.092375104794851,-1.057291125233204,1,1,1,1,0,0
-0.7716679431957411,2.175690388143547,0.7233485106287452,-0.7868964753754497,0.7562577051907656,-0.13706193662656418,-0.09791879571845943,1,1,1,2,0,0
-0.706951049707904,1.9829324178227867,1.1263386554751909,-0.7180273954883736,-0.4973490918846828,-0.294756817857912,-0.25868814807670976,1,3,1,3,0,2
-0.6834427764324077,2.255494643371887,0.1188632933590766,-0.7172112623630026,0.7562577051907656,-0.33755879512882203,-0.3026247495422633,0,2,1,2,0,0
-0.5938347700646331,-0.8765154348972779,0.5218534382055223,-0.6052126857736282,-0.027246542981389666,1.9805562386869144,2.008110271592824,1,2,1,4,0,2
-0.6272994884921045,0.6569540232595966,2.1338140175913054,-0.6160107548169983,1.2263602540940588,-0.28667865092820427,-0.254642862966891,1,3,1,3,0,2
-0.7775311831185708,0.2395163805267405,0.5218534382055223,-0.7663675882988099,-0.34064824225025175,1.3525850515722657,1.3901901773628047,1,3,1,4,0,2
2.087657163698929,-1.1859103936286888,-1.2916022136034835,2.5013666662155,-1.4375541896912691,-0.5284278660368783,-0.6332178527676889,2,4,1,0,3,1
0.5476163530251161,-0.25158672857073733,-1.4930972860267064,0.6690222408152355,-1.280853340056838,1.583036581006047,1.5534291651057786,2,4,1,1,2,1
0.7083023150611563,-1.004202243262622,-1.0901071411802608,0.7429136783969025,-0.6540499415191139,-1.012899704180659,-1.047426552220241,2,4,1,0,2,1
-0.40643234687079377,-0.6506080047124381,-0.485621923910592,-0.48185102490024206,1.2263602540940588,0.4891190749911963,0.5090443867707384,1,3,1,2,0,0
2.181137120959138,-1.241159493402155,-1.0901071411802608,2.8683126752765387,-1.750955888960131,-0.5319578683448045,-0.6414648704777617,3,4,1,1,3,1
-0.538023363629396,-0.8409104594877107,-0.8886120687570378,-0.5463255418045513,1.6964628029973519,2.1690785014045186,2.1935815652086834,2,1,0,0,0,0
1.3650405000022585,-0.4652165810281402,-0.28412685148736916,1.1025772688007847,1.6964628029973519,2.57496163523491,2.5028475230415976,0,4,2,3,2,1
0.17933850957039854,-0.3436685615265144,-0.08263177906414627,0.18662478424979093,0.7562577051907656,1.4939222042007985,1.4830250007048493,2,4,0,0,0,0
-0.15265362266378807,-0.17546574666062825,-0.8886120687570378,-0.27122589908334116,-1.5942550393257002,-1.071888783952337,-1.0628589796695775,2,0,0,4,0,3
-0.02106260590518591,-0.4983660408922199,-0.28412685148736916,0.0018020210888501742,1.0696594044596277,0.0961280018876133,0.09707344517244389,2,1,0,0,0,0
0.5196829930154085,-0.7156791666678539,-0.485621923910592,0.6724751117302668,0.28615515628747246,-0.7075517073958201,-0.7329279845733142,2,4,1,1,2,1
-0.5236418317432099,-0.9035261058976392,-0.687116996333815,-0.49396746283844234,-1.9076567385945622,-0.08237766949505929,-0.05582883338107583,0,4,1,1,0,0
0.08027188030824789,-0.8863374970792274,-0.8886120687570378,0.0002953137804728827,-1.5942550393257002,-0.031089141509213904,-0.035105128308813294,2,0,1,1,0,3
-0.636094348376349,0.776046527215735,1.5293288003216368,-0.6620281071936863,0.5995568555563345,-0.8787903851208124,-0.8455813525072482,1,3,1,0,0,0
-0.6591601129784244,0.22601104502655986,1.5293288003216368,-0.6261810291485447,0.9129585548251966,-0.8144167931124003,-0.780122046286139,1,3,1,2,0,0
-0.7020834543002719,2.2653167055538366,0.7233485106287452,-0.7173368213053674,1.2263602540940588,0.7027569405002985,0.7373515620087341,0,3,1,0,0,0
0.033089393004722197,-0.015857236203947966,-0.8886120687570378,-0.04704040749104518,0.7562577051907656,-0.26347350104979195,-0.26482033096072405,2,4,0,0,0,0
0.6844621602805939,-1.1380278404916848,-0.687116996333815,0.6840893138990078,1.2263602540940588,-0.73829517440566,-0.7719560460264702,2,0,0,2,2,3
-0.6773029685886898,-0.0539177271590025,1.3278337278984138,-0.7006374819708531,-0.34064824225025175,1.044792346374489,1.0777142522707874,1,3,1,3,0,2
-0.6499227444207587,0.7441248251243989,1.5293288003216368,-0.6920366944188663,-0.027246542981389666,-0.23825440373738008,-0.20513561335977754,0,3,1,1,0,0
0.6418153868796345,-0.6260528492575642,0.1188632933590766,0.6710311838930718,-1.124152490422407,-1.3119541152342507,-1.3427547148785095,2,0,1,1,2,3
-0.6244231821148674,-0.6739354023945683,-0.687116996333815,-0.6406203075204931,-0.027246542981389666,1.959412587779137,1.988537573057333,1,2,1,0,0,0
-0.13224291010223937,-0.20615969097922063,-0.8886120687570378,-0.08238524976672779,-0.34064824225025175,0.2747903136262637,0.28113112396401624,2,1,2,3,0,3
-0.06680694002009306,-0.47381088543734606,-1.0901071411802608,-0.1166000615611275,-1.9076567385945622,0.09844124428749858,0.10169423355064858,2,0,2,0,0,3
-0.14684569632513597,-0.9980634543989036,-0.08263177906414627,-0.2287241970928667,-1.280853340056838,0.6749169143744741,0.6815026016286311,2,4,0,3,0,2
-0.6167345939141755,1.720192254455636,0.1188632933590766,-0.601759814858597,1.2263602540940588,-0.4871671179828205,-0.455418073593516,0,2,1,1,0,0
2.2337956530962497,-1.177316089219483,-1.2916022136034835,2.115210138972651,-1.280853340056838,-1.149993581451724,-1.2613992261471314,2,0,1,2,3,3
0.1250205699079575,-0.5229211963470938,-0.08263177906414627,0.10840156315653945,-1.4375541896912691,1.5631852130350858,1.5549461470219608,2,0,0,0,0,3
-0.6877019224140858,0.4678793262570677,1.5293288003216368,-0.7078571211568272,-0.6540499415191139,-0.5494959939158807,-0.514085882506635,1,2,1,1,0,0
-0.603957155969141,-0.29333049284402296,-0.687116996333815,-0.5718767865757818,-1.124152490422407,0.7463644967448082,0.7759493928631939,2,0,1,0,0,3
0.18758023361286671,0.006242403705438535,-1.0901071411802608,-0.02048469118089649,-0.4973490918846828,0.24402167227349883,0.23424716352687522,0,4,1,2,0,0
1.5089111324482967,-1.2006434869016132,-1.4930972860267064,1.9917229191569004,-1.9076567385945622,0.48432755838780656,0.40752114029917896,2,4,0,1,3,1
2.533595279339051,-1.2546648289023359,-1.2916022136034835,2.325584146904822,-1.750955888960131,-1.0061361973814786,-1.132860850523674,3,4,1,3,1,1
1.4782120932297074,-0.6321916381212827,-0.485621923910592,2.0241171262870106,0.28615515628747246,1.5147385886505504,1.438213969515972,2,0,1,4,3,3
-0.08306913376831879,0.038164105796774594,-0.08263177906414627,0.048886624475638754,0.28615515628747246,-0.6819913578793141,-0.6769561011650124,2,4,0,0,0,0
0.2594325794596193,-0.1447718023420359,0.1188632933590766,0.2611440165432817,-1.5942550393257002,1.652296792691121,1.6371593032455451,0,0,1,1,0,3
-0.6094885143869049,-0.22457605757037605,0.7233485106287452,-0.6382346876155625,1.0696594044596277,-1.0677657860110668,-1.0356678470909402,0,2,1,3,0,2
3.2707041020902623,-1.249753797811361,-1.2916022136034835,2.837990190695447,-1.750955888960131,-0.4021897248649116,-0.5668869105284421,3,0,1,2,1,3
-0.7408029632246189,-0.20370417543373323,0.1188632933590766,-0.7273187572233666,1.3830611037284897,1.127277479542824,1.163304998064655,0,3,1,2,0,0
-0.7769227336926169,1.1959396854940785,0.3203583657822995,-0.7713899459934006,1.0696594044596277,0.1835333205231769,0.22254712620648745,1,2,1,4,0,2
3.1947032374301867,-1.2362484623111805,-1.0901071411802608,2.7266194088178963,-1.280853340056838,0.3469427775984974,0.18516176340289903,2,4,0,2,1,1
0.1661738765361206,-0.42224505898211084,-0.8886120687570378,0.21211324954983915,-1.280853340056838,1.1617411550071342,1.1519178557251377,2,4,1,4,0,2
-0.7609371078652792,2.296010649872429,1.5293288003216368,-0.759210728584018,1.2263602540940588,-0.8393449869065678,-0.7998791293639284,1,3,1,4,0,2
-0.7250939053181695,-0.44434469889149736,1.3278337278984138,-0.7000724667302115,0.5995568555563345,0.10103699875798632,0.13753467738619163,1,2,1,4,0,2
1.0083785092248454,-1.1674940270375334,-1.0901071411802608,1.0626495251287882,-1.750955888960131,-1.1463852589658088,-1.1959036017586,3,4,1,3,2,1
-0.6545690854916804,-0.45171124552795955,0.1188632933590766,-0.6285666490534753,0.7562577051907656,0.32885641078149946,0.36151160958536205,1,3,1,3,0,2
-0.20094238165086648,-1.262031375538798,-0.8886120687570378,-0.05143497047381214,-0.18394739261582072,-0.016334179405956183,-0.006165136283527544,0,0,0,0,0,3
-0.3037703346370966,-0.9575474478983617,-0.8886120687570378,-0.30267841414571595,1.2263602540940588,-0.8087078115668556,-0.7923696498230491,0,0,0,0,0,3
-0.7127036624623784,2.1020249217789253,1.3278337278984138,-0.7449597886256166,-0.34064824225025175,-0.10535904743636075,-0.0692330308651305,1,2,0,0,0,0
-0.7837263045464663,1.9559217468224255,0.7233485106287452,-0.7945555708597006,1.3830611037284897,-0.7396517917743954,-0.6991576762808485,0,3,1,0,0,0
2.7289628586544703,-0.6665688557581061,-1.4930972860267064,3.2543436435770228,1.5397619533629208,-0.5835568798933913,-0.7206692062156588,2,0,1,1,1,3
-0.6702781433981297,1.22295035649444,0.5218534382055223,-0.6539295554111587,0.5995568555563345,-1.160323453498611,-1.125041269707111,1,3,1,4,0,2
-0.7440664646910996,-0.025679298385897522,1.9323189451680824,-0.7340989401110641,0.9129585548251966,0.08873513651530798,0.12620620285558692,1,3,1,4,0,2
2.67884875138953,-1.2951808354028778,-1.4930972860267064,2.2303476891211447,-1.9076567385945622,-1.037464268577021,-1.1714866184299968,3,4,1,1,1,1
-0.15934656634928232,-0.7156791666678539,-0.08263177906414627,-0.24121731185816123,-0.18394739261582072,-1.2116567358718788,-1.2021168020930177,2,0,0,2,0,3
-0.6884763125925728,0.8890002423081549,0.5218534382055223,-0.6801713743653955,1.0696594044596277,-1.2376506435165373,-1.2013541205771472,1,3,1,1,0,0
-0.07632087649864688,-0.924397988034282,-0.687116996333815,-0.018789645458972038,-1.280853340056838,0.9949667274275068,0.9975963749369573,2,4,0,0,0,0
0.7286577140385272,-1.0545403119451136,0.3203583657822995,0.6518206657112621,0.9129585548251966,-1.3017025633653523,-1.3369019025131292,2,0,1,0,2,3
-0.2667655468222564,0.052897199069698926,-1.0901071411802608,-0.33526095968937364,1.2263602540940588,0.2587206913924786,0.2718755786816751,2,4,0,1,0,0
-0.6990965207546793,1.2524165430402885,0.3203583657822995,-0.6674899211865538,1.3830611037284897,-0.019780267237466027,0.015553127835071788,0,3,1,2,0,0
-0.6608748340879311,-0.8163553040328368,-0.485621923910592,-0.6936689606696083,1.3830611037284897,1.5530930986713791,1.5845594219971542,1,3,1,3,0,2
-0.07161922184354748,-0.8740599193517905,-1.2916022136034835,-0.23531604156701708,0.1294543066530414,-1.1292555171799603,-1.1242478574341908,2,0,0,4,0,3
-0.4898452318106727,1.3825588669511202,1.7308238727448595,-0.4893845614421282,1.0696594044596277,0.07836890152864025,0.10301286239860066,1,2,1,0,0,0
1.0938379967792968,-0.3105191016624347,-1.0901071411802608,0.8134150245347207,-1.124152490422407,-0.6973169384222049,-0.7517044771306987,0,0,2,2,2,3
1.6145047646434085,0.0823633856155476,-1.0901071411802608,1.9959919231973022,-0.8107507911535449,-0.5322991205488989,-0.6131869865816384,2,1,0,0,3,3
-0.696552095882508,1.8883950693215223,1.3278337278984138,-0.6936061811984259,-0.4973490918846828,-0.15202948207007744,-0.11666176381360757,1,3,1,4,0,2
0.5807491899475217,-0.43083936339131673,-1.0901071411802608,0.8683470618193073,-0.027246542981389666,2.646921095911386,2.6143303285024557,0,4,1,1,2,1
0.2329373726385303,-1.2288819156747182,-1.0901071411802608,0.03626795076797947,-0.8107507911535449,-0.5029150680570084,-0.5140607391599579,0,4,0,1,0,0
-0.4661157041984657,-0.21966502647940125,2.536804162437751,-0.5178236618877485,0.1294543066530414,-1.1917494249166398,-1.166740113318407,1,3,1,1,0,0
-0.7261448634175446,0.7711354961247603,0.9248435830519681,-0.7093638284652045,-0.34064824225025175,-0.7968003473633355,-0.7591441140419194,1,3,1,3,0,2
-0.7645878044210034,-0.09688924920503181,0.7233485106287452,-0.7717038433493125,0.1294543066530414,-0.7929654557910953,-0.7533723191269431,1,1,1,1,0,0
-0.7028025308945811,1.5851388994538298,0.1188632933590766,-0.7017047329809536,0.5995568555563345,-0.17535770651390092,-0.13964557638161865,0,2,1,1,0,0
-0.3336396700930214,-1.1625829959465588,-0.485621923910592,-0.4009910660173305,0.4428560059219035,1.7088271783037918,1.723574192069383,2,1,1,1,0,3
-0.667623091357603,1.905583678139934,0.9248435830519681,-0.6328984325650598,0.1294543066530414,0.23191840762500654,0.2653522770715737,1,2,1,2,0,0
-0.6779667315988215,2.013626362141379,0.1188632933590766,-0.7010769382691296,-0.18394739261582072,-0.7682554396356114,-0.7330676698326312,0,3,1,1,0,0
-0.6450551490131265,-0.3436685615265144,0.3203583657822995,-0.6450776499744424,-0.6540499415191139,-0.8104951899145297,-0.7769176664374081,1,3,0,1,0,0
3.1503970565038983,-1.3037751398120836,-1.0901071411802608,2.5549803346052564,-1.5942550393257002,-0.9634125402885575,-1.1213424040403983,3,4,0,0,1,1
-0.7233791842086627,0.3291426979370302,-0.687116996333815,-0.7320899970332279,0.1294543066530414,0.05428264964785293,0.0907512903357587,1,1,1,2,0,0
0.04807937431686229,-0.3890955991180311,-0.687116996333815,0.14952211678100155,0.9129585548251966,-0.988312762590586,-0.9895242185281787,2,4,0,1,0,0
-0.4935512419505745,-0.3903233568907748,-1.6945923584499292,-0.4702368227315009,1.2263602540940588,-0.321763293517998,-0.2964394862597087,2,0,1,3,0,3
-0.7255364139915906,-0.20493193320647693,0.5218534382055223,-0.718906308084927,0.5995568555563345,-0.92403707080466,-0.8862549063151576,0,1,1,4,0,2
1.0176158777825108,-0.8470492483514291,-0.687116996333815,1.31226070254995,-1.4375541896912691,-0.38165025818733417,-0.43257673999000823,2,1,0,3,2,3
-0.7363778764904078,-0.24176466638878777,1.9323189451680824,-0.7425113892495037,1.2263602540940588,0.5925716386668334,0.6290340245239985,1,2,0,3,0,2
-0.7292424241314924,0.45682950630237446,0.1188632933590766,-0.7050320449536199,0.7562577051907656,-1.106965035094489,-1.0687704598438708,1,1,1,0,0,0
-0.7466662031474486,2.2616334322356053,1.5293288003216368,-0.7608429948347599,0.28615515628747246,-1.0953484744092135,-1.0562881850713082,1,3,1,4,0,2
-0.6103182181495694,0.8828614534444365,1.1263386554751909,-0.6330239915074246,-0.4973490918846828,-0.2504891343989252,-0.21935557275824294,1,2,1,0,0,0
-0.6532968730555946,2.1597295370978786,-0.28412685148736916,-0.6335262272768836,1.3830611037284897,-1.084045194435893,-1.0497145967678525,1,3,1,2,0,0
-0.13113663841868667,-0.10916682693246875,-0.687116996333815,-0.15050097599961523,-1.5942550393257002,0.589519948874482,0.5954173700167813,2,1,0,0,0,3
-0.11255127413500005,-0.6211418181665894,-1.0901071411802608,-0.26061616845351815,-0.8107507911535449,-0.03864983583435259,-0.032917657147909875,2,4,0,0,0,0
-0.7523635023177454,2.094658375142463,1.1263386554751909,-0.770636592339212,0.4428560059219035,-0.12186502494751224,-0.08371559855111191,1,3,1,2,0,0
-0.6617045378505957,1.7386086210467915,0.3203583657822995,-0.6661087728205414,-0.18394739261582072,-0.9236874271529241,-0.8891296289519005,0,1,1,3,0,2
-0.04849814365729468,-0.9231702302615382,-0.687116996333815,-0.046852069077498025,1.6964628029973519,0.8677635697767488,0.8691446041742766,2,4,1,1,0,0
-0.6912419918014546,-0.4197895434366235,1.5293288003216368,-0.7018302919233184,1.2263602540940588,0.34835813510072444,0.3828415486830602,0,2,0,2,0,0
-0.6550669077492791,1.7336975899558167,-0.08263177906414627,-0.6438848400219771,0.9129585548251966,0.7133861075130719,0.7455929923084341,0,2,1,2,0,0
-0.7239323200504391,0.22478328725381616,0.3203583657822995,-0.7244309015489768,1.3830611037284897,-1.118500478452562,-1.0805598957302216,1,2,1,4,0,2
2.819345255200732,-0.7095403778041354,-0.687116996333815,2.678718672305737,1.3830611037284897,0.8093311226986345,0.6659388700355365,0,4,0,0,1,1
-0.20708218949458437,-0.6211418181665894,-0.8886120687570378,-0.16079680927352633,-1.124152490422407,-0.29386732440789587,-0.2830464635963996,2,0,2,0,0,3
-0.7143077564035298,1.2487332697220574,1.5293288003216368,-0.7133817146208772,1.2263602540940588,-1.0650497541243817,-1.0276610880268926,0,3,1,4,0,2
0.2243637670909964,-0.9919246655351851,0.1188632933590766,0.16226634943102566,0.7562577051907656,-0.4543901234944842,-0.4651625172834663,0,0,2,0,0,3
2.136001236270185,-1.221515369038256,-1.2916022136034835,2.739049744112009,-1.5942550393257002,-0.8729863005019953,-0.97979374336416,2,4,0,0,3,1
-0.7178478257908988,2.0590533997328957,2.9397943072841968,-0.7383051646802838,-0.18394739261582072,-0.711392193266488,-0.6742601756601951,1,2,1,1,0,0
-0.6661849381689844,1.0154592929007555,0.9248435830519681,-0.6746467809013457,-0.34064824225025175,-1.0353664066666053,-1.0004448121015779,1,1,1,2,0,0
2.0754328615956705,-1.18959366694692,-0.687116996333815,2.6357775140169855,-1.5942550393257002,-0.7610751576035616,-0.8649612853848818,3,4,0,2,3,1
-0.5916222266975277,0.9823098330366757,0.9248435830519681,-0.5502806484890415,-0.027246542981389666,0.8438367554011535,0.8726786412349954,1,3,1,3,0,2
0.34389642249887326,-0.22703157311586342,-0.485621923910592,0.4978854023720547,1.2263602540940588,-0.1265698299252713,-0.14378305376258682,0,4,1,1,2,0
1.1162953119554182,-0.10916682693246875,-0.28412685148736916,1.3413903771785765,-0.18394739261582072,2.2072204280850913,2.1481223944165757,2,1,0,1,2,3
-0.5681139534220313,-0.26754757961640535,2.1338140175913054,-0.5222182248705155,1.0696594044596277,-0.21724501599186952,-0.18828398367578075,1,1,1,3,0,2
-0.6045102918109174,0.7146586385785503,0.9248435830519681,-0.6383602465579273,1.3830611037284897,-0.8951509108728416,-0.8635169398035445,0,2,1,2,0,0
0.21280322799786994,-1.217832095720025,-1.4930972860267064,0.13357613110067587,1.0696594044596277,-0.18682042399241267,-0.19733838218470542,2,4,1,2,0,1
0.06522658541193022,-0.7451453532137026,0.5218534382055223,0.14845486577090108,1.6964628029973519,-0.5372752490004051,-0.5399080995439663,2,4,0,3,0,2
0.8676607510769329,-1.217832095720025,-1.4930972860267064,0.8012358071253377,-1.9076567385945622,0.2740490690845833,0.22988898343618627,3,0,0,1,2,3
-0.7666897206197537,-0.36085717034492615,0.1188632933590766,-0.765425896231074,0.28615515628747246,-0.46533816551764073,-0.42604226355916136,1,1,1,1,0,0
1.6102456186617307,-0.397689903527237,-0.08263177906414627,1.7482641299116122,-1.124152490422407,1.7801516861087148,1.6966316992523296,0,1,1,2,3,3
-0.7577289199829763,-0.9207147147160508,0.3203583657822995,-0.7454620243950757,-0.34064824225025175,1.241770391165676,1.278511812538903,0,3,0,3,0,2
-0.7759270891774194,0.9282884910359531,-0.28412685148736916,-0.7650492194039799,-0.027246542981389666,1.8300863938750382,1.8670225722723315,1,3,1,2,0,0
-0.6295673454433877,0.4187690153473199,2.1338140175913054,-0.6671132443594595,-0.6540499415191139,1.7006147482118172,1.7303181963892051,1,3,1,0,0,0
2.5509637447708293,-1.3246470219487263,-1.4930972860267064,2.124062044409367,-1.5942550393257002,0.3412897390372303,0.21202882617992122,3,4,0,2,1,1
-0.5394062032338369,0.7244807007604999,-0.28412685148736916,-0.5205859586197735,-0.34064824225025175,0.8053451850688446,0.8315972064698806,1,1,1,4,0,2
2.147783029700022,-1.3307858108124448,-1.0901071411802608,2.6584409031138265,-1.280853340056838,1.1253138807946745,1.01545094478285,3,0,0,3,3,3
-0.6624789280290827,1.5912776883175481,1.1263386554751909,-0.652360068631599,0.7562577051907656,-0.4919614317354241,-0.45789609009379867,1,3,1,0,0,0
-0.26665491965390115,-0.11898888911441831,-0.8886120687570378,-0.268589161293681,0.5995568555563345,-0.6332790043194594,-0.6190314178314594,0,4,1,3,0,2
0.31419302779548147,-1.0913730451274244,-0.687116996333815,0.5025310832395511,-0.18394739261582072,0.17998933246918114,0.16389887322967273,2,1,0,4,2,3
-0.34536614993868076,-0.5658927183931232,-1.0901071411802608,-0.3588032613827679,-1.750955888960131,-0.007889585929229271,0.009563423915561082,2,0,1,4,0,3
-0.28579341977936407,2.2211174257350637,-0.08263177906414627,-0.35177196061034083,-0.027246542981389666,0.26721563355505557,0.2813210959166874,1,3,1,1,0,0
0.055491394596665876,-0.13740525570557371,-0.28412685148736916,0.09578288944888017,-0.967451640787976,-0.06489268975904709,-0.06761547556224022,2,0,1,0,0,3
-0.12460963548572529,-0.2540422441162247,-0.28412685148736916,0.0007975495499320393,-0.6540499415191139,-0.5524805521270987,-0.5455066847373897,2,4,1,3,0,2
-0.7248173373972813,0.378253008846778,1.3278337278984138,-0.7160184524105373,-0.4973490918846828,-0.22599729588212417,-0.18911092041093713,1,3,1,0,0,0
-0.6420682154675341,1.6133773282269348,1.1263386554751909,-0.6138134733256149,-0.4973490918846828,2.4849661564272867,2.5143352387678237,1,3,0,1,0,0
-0.21886398292442144,-1.032440672035727,-1.0901071411802608,-0.2130293292972705,-1.124152490422407,-1.0660287563492423,-1.0536621021961496,2,4,0,3,0,1
-0.6325542789889802,-0.23808139307055667,1.5293288003216368,-0.60420821423471,-0.18394739261582072,-0.2118577066059217,-0.1796486409448067,0,3,1,1,0,0
-0.7278595845270515,1.4107972957242252,-0.485621923910592,-0.747973203242371,-0.18394739261582072,-0.545249921409199,-0.5078168080684903,0,2,1,4,0,2
-0.5681692670062088,1.6207438748633969,0.3203583657822995,-0.527680038863383,1.2263602540940588,-0.8479014663518502,-0.8181611361033309,1,2,1,0,0,0
-0.7799649808223869,1.3408151026778345,0.3203583657822995,-0.7909143615311223,-0.027246542981389666,-0.7387762840704487,-0.6984732185101953,0,2,1,4,0,2
-0.6225425202528276,1.3101211583592423,0.3203583657822995,-0.5974908108181949,0.5995568555563345,1.0739414383324128,1.1040616858831505,1,1,1,1,0,0
-0.3517825257032869,-0.45171124552795955,-1.4930972860267064,-0.4049461727018207,-1.4375541896912691,-0.9729703991524118,-0.9540050507890647,0,4,2,4,0,2
-0.735880054232809,1.9166334980946274,0.5218534382055223,-0.7555695192554397,-0.027246542981389666,-0.41434613534846765,-0.3766691118009922,1,2,1,3,0,2
0.8806041297745002,0.0050146459326948405,-1.0901071411802608,1.0302553179986775,-1.280853340056838,0.03704102189344919,-0.007480971426293224,2,0,0,0,2,3
0.21661986530612698,-0.8789709504427652,-1.2916022136034835,0.14023075504600865,0.7562577051907656,0.44212417104866863,0.4306390507161342,2,0,1,0,0,3
2.285513854302342,-1.201871244674357,-1.4930972860267064,2.4504525150865857,-1.9076567385945622,-0.7087516844085779,-0.8233127284669399,2,4,0,3,3,1
-0.510311257956399,1.7754413542291023,1.7308238727448595,-0.5563702571937328,0.7562577051907656,0.00368781466705209,0.02945739854748112,1,3,1,4,0,2
0.04077798120541404,-1.1797716047649704,-0.687116996333815,-0.1311021194042584,1.6964628029973519,-1.120321422590803,-1.1210015720076647,0,0,1,2,0,3
-0.7388669877784015,2.2825053143722482,0.9248435830519681,-0.7528072225234148,1.0696594044596277,0.26339472772888495,0.3003881338134511,1,3,1,3,0,2
-0.698543384912903,0.3954416176651897,2.1338140175913054,-0.6915344586494072,1.0696594044596277,-0.9761507578086023,-0.939667755772773,1,3,1,4,0,2
1.2288584557569127,0.06271926125164848,-0.28412685148736916,1.5351278252474159,1.2263602540940588,0.03158937807558209,-0.030515070687658234,0,0,1,2,2,3
-0.7007559282800085,-0.8482770061241729,0.7233485106287452,-0.6723239404675975,1.0696594044596277,2.00562708709099,2.0385504833031733,1,3,1,0,0,0
2.583211564346393,-1.2129210646290502,-1.0901071411802608,2.925441994052509,-1.4375541896912691,-0.23655653416455033,-0.36673469615837073,3,4,0,0,1,1
0.11550663342940368,-0.8126720307146057,-0.28412685148736916,-0.035865661620580684,-1.9076567385945622,-0.203455070367403,-0.2090384195050932,2,0,1,0,0,3
-0.5622507134992016,-0.8323161550785049,0.5218534382055223,-0.567168326237103,-0.6540499415191139,-0.2806116342832819,-0.25186871371685626,1,3,1,0,0,0
-0.5698839881157157,0.00992567702366962,0.1188632933590766,-0.5195814870808553,0.1294543066530414,0.1009335042370725,0.12959217354142977,1,2,1,3,0,2
0.3279661102557134,-0.06496754711369575,-0.8886120687570378,0.08517315881905715,0.4428560059219035,0.01326525357540358,-0.0033155569934618144,2,4,0,4,2,1
0.04625402603900015,-0.04900669606802772,-0.28412685148736916,-0.05884294807333349,-1.124152490422407,-0.006706391811754888,-0.009034271509897567,2,0,0,3,0,3
2.984013795297562,-1.3234192641759828,-1.4930972860267064,3.0228129538563877,-1.4375541896912691,-0.3851690718984049,-0.5354074404887742,3,4,0,2,1,1
-0.6842724801950723,1.30275461172278,0.3203583657822995,-0.6686199516678367,1.3830611037284897,1.0297296978577035,1.0630221566958304,0,3,0,1,0,0
2.764695434033225,-1.3467466618581128,-1.4930972860267064,2.7959279450032493,-1.124152490422407,-0.9919826223592066,-1.130396802549323,3,0,0,3,1,3
-0.6779667315988215,0.057808230160673706,1.9323189451680824,-0.6760907087385405,0.9129585548251966,0.9214800232802489,0.9545872835932687,0,3,0,4,0,2
2.217367518595491,-1.2251986423564871,-1.2916022136034835,1.5836563564713995,-1.280853340056838,-0.8865272998464258,-0.9974276105003318,3,4,1,3,3,1
-0.5465416555927523,-0.5683482339386106,2.3353090900145284,-0.5502806484890415,-0.4973490918846828,1.0164348476440952,1.042787350031177,0,3,1,2,0,0
-0.6694484396354651,0.703608818623857,0.7233485106287452,-0.6933550633136963,0.9129585548251966,2.492101684071914,2.522844864765412,1,3,1,2,0,0
1.3430810070837362,-1.3553409662673188,-1.6945923584499292,1.341641495063306,-1.9076567385945622,1.8102881717391408,1.7402246749799635,3,4,0,2,2,1
-0.6867062778988884,1.22295035649444,0.7233485106287452,-0.6970590521134571,0.4428560059219035,-0.9859295914603536,-0.9500324020140908,1,3,1,0,0,0
-0.682613072669743,-0.36085717034492615,0.9248435830519681,-0.7095521668787517,1.0696594044596277,0.043555582412593684,0.07797847022381671,1,3,1,2,0,0
-0.7461683808898498,0.08481890116103499,0.3203583657822995,-0.7519283099268614,0.1294543066530414,1.685224833237007,1.7208363609867705,1,1,1,1,0,0
-0.6406300622789154,0.45560174852963076,-0.28412685148736916,-0.5947285140861699,0.9129585548251966,-0.5340445416583648,-0.5010308981708729,1,3,1,2,0,0
1.8415117141084374,-0.7893446330324755,-0.28412685148736916,1.765214587130856,0.1294543066530414,1.9801842178414668,1.884737456858907,2,0,0,0,3,3
-0.10718585646976911,-0.9735082989440297,-0.8886120687570378,-0.026260402529675812,1.5397619533629208,2.0173807080877464,2.020310382141566,0,1,1,3,0,2
-0.7350503504701443,1.0743916659924528,0.3203583657822995,-0.7457131422798052,1.2263602540940588,-0.48732935263722604,-0.4496043731007444,1,3,1,2,0,0
0.043820228335184064,-0.44802797220972845,-0.8886120687570378,0.22755699946070584,-1.4375541896912691,0.3447190439734567,0.34208139001437426,2,1,1,3,0,3
-0.649093040658094,0.0823633856155476,0.9248435830519681,-0.6905299871104891,1.3830611037284897,-0.6355894495701307,-0.6020233406570277,0,3,1,2,0,0
-0.2942010845743651,0.25793274711789593,1.3278337278984138,-0.34135056839406497,-0.4973490918846828,-0.7259066005373512,-0.7101536998942787,1,2,1,3,0,2
-0.7874876282705457,1.6784484901823504,1.5293288003216368,-0.7984478980730085,0.1294543066530414,-0.6198303108990872,-0.5792937552609736,1,2,1,0,0,0
-0.6662955653373397,1.705459161182712,0.5218534382055223,-0.659516928346391,0.5995568555563345,-0.9558938032016274,-0.9210644729369415,1,3,0,2,0,0
-0.7482149835044225,-0.007262931794742105,0.9248435830519681,-0.7552556218995278,1.0696594044596277,1.2536079266388487,1.2898542555954395,1,3,1,2,0,0
-0.2361218211878446,-1.161355238173815,-0.485621923910592,-0.14403469046782966,-0.4973490918846828,0.45933223301250603,0.4706924019726764,2,0,0,2,0,3
1.1327787600403545,-0.024451540613153827,-1.0901071411802608,1.1660473141661756,-0.4973490918846828,-1.0118731504191623,-1.06784015601682,2,4,0,3,2,1
0.11672353228131171,-0.6530635202579255,-0.08263177906414627,0.013604561671138483,-1.5942550393257002,-1.0577324117808515,-1.0623253819789868,0,4,1,3,0,2
1.281461674309847,0.00992567702366962,-0.485621923910592,1.7370266045699652,-0.18394739261582072,-0.8181425958652988,-0.88185761435186,2,4,1,3,2,1
-0.6693378124671099,1.0117760195825243,1.5293288003216368,-0.66818049536956,1.2263602540940588,0.24875165159418292,0.28225139974373825,1,2,1,1,0,0
-0.3414941990462461,-0.7561951731683958,-1.0901071411802608,-0.2659524235040208,1.3830611037284897,0.09416160599025032,0.1112934045709093,0,4,2,2,0,0
0.13541952373335353,-0.17669350443337195,-0.687116996333815,0.156930094380523,-0.18394739261582072,-0.48287908823793063,-0.4891241266666959,2,4,1,2,0,0
-0.3482977699000956,-0.6862129801220052,0.3203583657822995,-0.23657163099066478,-0.027246542981389666,-0.5220168000386476,-0.5037826977794168,0,0,1,3,0,2
1.0891363421241975,-0.0305903294768723,-0.28412685148736916,0.7365729518074815,0.28615515628747246,0.5517947974267783,0.49610673805280237,2,1,2,2,2,3
-0.4630734570686956,-0.3031525550259725,1.3278337278984138,-0.40632732106783315,-0.18394739261582072,-0.07023524475757274,-0.04676046634621968,1,3,1,3,0,2
-0.5732581167505516,1.0768471815379401,-0.08263177906414627,-0.5412404046387781,1.2263602540940588,-0.1573049054874696,-0.12815786065539272,1,3,1,2,0,0
-0.6476548874694755,0.0025591303872074516,-0.687116996333815,-0.6619025482513216,-1.9076567385945622,0.28522927449249263,0.3175889766457402,2,0,1,2,0,3
-0.535423625173047,0.45437399075688706,1.1263386554751909,-0.48335773220861933,0.28615515628747246,-0.6672112214331313,-0.6393472419465167,0,3,1,3,0,2
2.7395277532323994,-1.3307858108124448,-1.6945923584499292,2.711866233090036,-1.124152490422407,-0.45774390540193566,-0.5955447383299076,3,4,0,0,1,1
-0.7029131580629364,1.8724342182758542,0.7233485106287452,-0.6813641843178608,0.7562577051907656,0.44743316025662766,0.48238405817750524,1,2,1,1,0,0
2.041580948078956,-1.2006434869016132,-0.8886120687570378,2.522774465888693,-1.280853340056838,0.5757719604882239,0.471949569306529,3,4,0,3,3,1
-0.11636791144325709,-0.2994692817077414,0.9248435830519681,-0.1882314381802285,0.1294543066530414,-0.2946449318893566,-0.28840479014379766,2,1,1,0,0,0
-0.7455046178797181,0.35738112671013517,-0.28412685148736916,-0.7417580355953151,-0.18394739261582072,-0.6746012896562227,-0.6361177187511089,0,1,1,4,0,2
0.6062487522534131,-0.09320597588680073,-0.08263177906414627,0.7316761530552555,-1.280853340056838,2.8520752078547664,2.817943943598401,0,4,0,2,2,1
-0.7446196005328759,0.6336266255774664,1.1263386554751909,-0.7529327814657795,1.0696594044596277,1.5570958191964523,1.5927868837709227,1,3,1,2,0,0
-0.5738112525923281,2.1081637106426436,0.3203583657822995,-0.6132484580849734,0.7562577051907656,-0.061007449500956955,-0.03195103515343657,1,1,1,3,0,2
0.03751447973893334,-0.6763909179400557,-1.0901071411802608,0.1460692458659703,0.7562577051907656,2.3084380695388327,2.303701042538608,0,0,1,3,0,3
1.4144908442570674,-0.4873162209375267,-1.0901071411802608,1.1312674871311348,0.5995568555563345,-0.7510277976272769,-0.8215443130839873,2,1,1,1,3,3
-0.4517894858964574,-0.7807503286232697,-0.485621923910592,-0.4234033372294419,1.3830611037284897,-1.190697696812218,-1.1664132498116053,2,4,0,0,0,0
-0.7500403317822845,0.0025591303872074516,0.1188632933590766,-0.7410046819411263,-0.18394739261582072,-0.3252317585432189,-0.2869492697417153,0,3,1,0,0,0
-0.559429720706142,0.0050146459326948405,-0.28412685148736916,-0.6132484580849734,-1.280853340056838,0.16209596894794132,0.19015132086570039,2,0,1,1,0,3
-0.7347737825492563,0.5931106190769245,0.7233485106287452,-0.7384307236226486,-0.4973490918846828,0.08126395096501388,0.11827487383157065,0,2,1,0,0,0
2.9905407982305237,-0.9612307212165928,-1.0901071411802608,2.207558741081939,0.9129585548251966,1.0996528339064686,0.9472566011843152,0,1,1,0,1,3
-0.7425176843341257,1.2008507165850533,0.5218534382055223,-0.7644842041633383,-0.027246542981389666,-1.0286784228961998,-0.9899097498438936,1,3,1,1,0,0
1.3114416369341269,-0.25158672857073733,-1.0901071411802608,0.9503370511835015,-0.18394739261582072,-1.2772275077438346,-1.3418914599759306,2,0,0,4,2,3
-0.6563944337695424,-0.8912485281702022,-0.28412685148736916,-0.6845659373481625,0.5995568555563345,2.8320727938262555,2.8617380660994507,1,3,1,1,0,0
-0.698543384912903,0.033253074705799815,0.3203583657822995,-0.7265654035691779,0.28615515628747246,0.024971323035523532,0.06022168005944616,1,3,1,0,0,0
0.5622744528321904,-0.09320597588680073,-1.2916022136034835,0.715416270019018,-0.18394739261582072,-0.7247373921659462,-0.7522436622316622,2,4,0,3,2,1
-0.6362049755447043,1.9068114359126778,0.9248435830519681,-0.6101094845258541,0.28615515628747246,0.8784738541167252,0.9095248189376204,1,3,1,1,0,0
-0.7440664646910996,1.6182883593179094,1.3278337278984138,-0.7477220853576416,1.2263602540940588,-0.931362804595832,-0.8926357289607559,1,3,1,0,0,0
-0.6648020985645434,-0.8482770061241729,1.5293288003216368,-0.6389252617985688,0.1294543066530414,0.04509121733101798,0.07861264130111578,1,1,0,3,0,2
-0.7071723040446145,1.9006726470489592,0.7233485106287452,-0.6868259983107283,-0.34064824225025175,0.8629748503225734,0.8976292222541888,1,3,1,3,0,2
-0.5758578552069007,0.051669441296955235,2.3353090900145284,-0.6069705109667349,-0.18394739261582072,0.46887890327950454,0.4973862550281456,0,3,0,3,0,2
-0.37202729751230257,1.8761174915940853,0.3203583657822995,-0.27185369379516505,1.0696594044596277,-1.012426985963512,-0.9923905600493627,1,2,1,0,0,0
2.1179136942440975,-0.7807503286232697,0.1188632933590766,1.6825340235836554,0.5995568555563345,1.417274721441847,1.3085609055231653,2,1,1,1,3,3
-0.7895895444692961,1.1235019769022005,0.3203583657822995,-0.7848875322976134,0.9129585548251966,-0.21034724603042243,-0.17020871112016722,0,3,1,3,0,2
-0.7983844043535406,0.539089277076202,-0.485621923910592,-0.8125732790890451,0.7562577051907656,-0.4898803527202916,-0.44895343979232744,1,2,1,1,0,0
0.2832727342401815,-1.0348961875812144,-0.485621923910592,0.10162138026884199,-1.750955888960131,-0.5677725668794229,-0.5813806530351687,2,4,0,0,2,1
-0.6635298861284578,-0.46767209657362757,1.1263386554751909,-0.7049064860112552,0.9129585548251966,-1.165137347295712,-1.130190068365534,0,3,1,4,0,2
-0.7002027924382321,0.9798543174911883,1.1263386554751909,-0.717274041834185,0.7562577051907656,-0.3003259419427627,-0.2645912471354441,1,2,1,0,0,0
-0.4408927098134626,-0.3448963192992581,0.1188632933590766,-0.34825631022412723,-0.8107507911535449,-0.7994408562212455,-0.7761885093837736,2,4,0,0,0,0
-0.6661849381689844,-0.5511596251201988,0.9248435830519681,-0.661463091953045,-0.18394739261582072,-0.2798619982939599,-0.24587062868178636,1,1,1,1,0,0
-0.28905692124584476,-0.8126720307146057,-1.2916022136034835,-0.39370864736017386,1.3830611037284897,0.431402698111837,0.445470831550408,2,1,0,1,0,3
2.4008426773127187,-1.3356968419034196,-1.2916022136034835,2.3457991366255504,-1.280853340056838,-1.0050816721278428,-1.1251027312212105,3,4,0,3,3,1
-0.6169005346667085,0.007470161478182229,1.5293288003216368,-0.6529250838722406,1.2263602540940588,-1.1535095980135808,-1.1209317293780063,0,3,1,4,0,2
0.871919897058611,-0.3154301327534094,-0.485621923910592,0.8414146686820642,-0.4973490918846828,-0.2602036336187571,-0.30392102874872473,2,4,1,2,2,1
0.12900314796874748,-0.325252194935359,-0.28412685148736916,0.09622234574715682,-1.750955888960131,-1.1488998961090937,-1.154000817668701,0,4,0,1,0,0
-0.20818846117813714,-0.8544157949878913,-0.485621923910592,-0.09607117448448771,-1.9076567385945622,2.7664796447605884,2.7735882863548964,2,0,0,3,0,3
-0.457044276393333,0.049213925751467845,-1.2916022136034835,-0.49371634495371286,0.4428560059219035,-0.9487107240203636,-0.9244588247383435,2,4,0,1,0,0
-0.12754125544714015,-0.09320597588680073,-0.485621923910592,-0.0428341829218253,1.3830611037284897,-0.04675877140541303,-0.040259514377608704,2,0,1,2,0,3
-0.41611222410188053,-0.9857858766714667,-0.8886120687570378,-0.45799482585093587,0.1294543066530414,-1.055346443501405,-1.033030589395036,2,4,1,0,0,0
-0.6136923467844054,0.02343101252385026,1.9323189451680824,-0.5803520151854037,0.5995568555563345,-1.266458483270367,-1.233903579703183,1,2,1,3,0,2
-0.7369310123321843,-0.6113197559846398,0.9248435830519681,-0.7519283099268614,-0.027246542981389666,-0.6097326022369526,-0.5717619260786037,0,2,1,3,0,2
-0.6502546259258245,2.2100676057803703,-0.28412685148736916,-0.6772835186910059,0.7562577051907656,0.2782503872038428,0.31074998634958245,1,3,1,3,0,2
-0.7848325762300192,1.2315446609036458,0.3203583657822995,-0.7805557487860288,0.28615515628747246,-1.1647373549581261,-1.123663973050246,1,3,1,0,0,0
3.3004628103778324,-1.241159493402155,-1.6945923584499292,3.3713017983898053,-1.750955888960131,-0.8665388715639841,-1.0321673344924573,3,4,0,3,1,1
-0.7513678578025478,1.8908505848670096,0.9248435830519681,-0.7728966533017779,1.0696594044596277,0.8116219879048087,0.848571759182076,1,2,1,1,0,0
0.8693201586022621,-1.2030990024471007,-0.485621923910592,0.9080864670777568,-0.8107507911535449,-0.6867241343492121,-0.7297850662386829,2,4,0,2,2,1
1.81473993936646,-1.2522093133568484,-1.0901071411802608,1.6883097349324345,-1.124152490422407,0.9750006763387765,0.8821437144063117,3,0,1,2,3,3
0.1180510583015751,-1.0434904919904202,-0.687116996333815,0.11248222878339449,0.7562577051907656,-0.09939832246156591,-0.10523830330666756,2,1,1,0,0,3
1.8156249567133025,-0.9305367768980004,-1.0901071411802608,1.5266525966377937,-1.750955888960131,1.6220372324952834,1.5283388988272681,0,4,1,2,3,1
-0.7634815327374507,1.8552456094574425,0.5218534382055223,-0.7579551391603703,0.4428560059219035,-0.9826429411340355,-0.9428721356215038,1,1,1,0,0,0
-0.3735760778692765,-0.2540422441162247,-1.2916022136034835,-0.4621382709489733,-0.967451640787976,-0.9784779859545567,-0.9584051364575487,0,4,0,0,0,0
-0.09905475959565625,-0.4345226367095478,-1.0901071411802608,-0.1860969361600274,-1.4375541896912691,-0.08385736142920588,-0.07875118443498738,0,1,1,4,0,2
0.37409763945986396,-1.140483356037172,-1.2916022136034835,0.37998555549153606,1.0696594044596277,1.182082024090526,1.1617321420447464,0,0,1,3,2,3
0.15229016690753336,-0.42592833230034194,-0.28412685148736916,0.05485067423796523,0.28615515628747246,0.1115374969069208,0.10370849498999901,2,0,0,3,0,3
0.36159676943571767,0.07131356566085435,-0.687116996333815,0.32517907714931404,1.6964628029973519,-0.6522045159006238,-0.6696645306286676,2,0,1,1,2,3
0.317456529261962,-0.9022983481248954,-1.6945923584499292,0.47026243505180537,-0.34064824225025175,1.7280156219110616,1.7098543058992721,2,0,1,3,2,3
-0.7759824027615969,1.7545694720924596,-0.28412685148736916,-0.7902865668192984,1.3830611037284897,-0.08486433514620531,-0.045567554231652804,0,3,1,2,0,0
-0.07300206144798844,-1.2608036177660542,-0.8886120687570378,-0.22068842478152143,-0.6540499415191139,0.7974907900762478,0.80019596017543,2,4,0,1,0,0
-0.6682868543677346,-0.27245861070738014,0.9248435830519681,-0.7095521668787517,0.9129585548251966,-0.48177701144765883,-0.44743087046577273,0,3,1,1,0,0
-0.6458848527757911,2.298466165417916,0.5218534382055223,-0.6122439865460553,0.5995568555563345,-0.9315306335486653,-0.897762177977688,1,3,0,2,0,0
3.228555150946902,-1.354113208494575,-1.2916022136034835,3.557254592032029,-1.124152490422407,0.7642522659676201,0.6002476862839614,3,0,1,3,1,3
-0.712316467373135,-0.6334193958940263,1.3278337278984138,-0.7405024461716673,-0.18394739261582072,-0.37350775682570686,-0.3370711344898231,1,3,1,4,0,2
-0.6970499181401068,-0.34980735039023286,0.7233485106287452,-0.6829336710974204,1.3830611037284897,-0.3235870348054529,-0.28798294066066066,1,1,1,2,0,0
-0.6291801503541442,2.0725587352330765,0.7233485106287452,-0.6522972891604167,1.0696594044596277,0.28036782915875574,0.31180041949964576,1,3,1,2,0,0
-0.6819493096596114,-0.3277077104808464,1.5293288003216368,-0.6980635236523752,-0.4973490918846828,-1.0091319441895523,-0.9734464451807978,0,2,1,4,0,2
0.9174429768368076,-1.2104655490835627,-1.2916022136034835,0.9669108315756514,-1.5942550393257002,-0.35819895917809946,-0.4040949156152822,3,4,0,0,2,1
-0.6293460911066772,0.4899789661664542,1.3278337278984138,-0.6764046060944525,1.2263602540940588,0.3438267533742264,0.37518959017767783,0,2,1,3,0,2
-0.3867960244877321,-0.457850034391678,-0.8886120687570378,-0.4019327580850663,-0.027246542981389666,0.19141009270948467,0.21071019733196913,2,0,1,1,0,3
0.1932775327831635,-0.7660172353503454,-0.485621923910592,0.01385567955586815,0.28615515628747246,1.9681396933264665,1.9559545894690609,2,4,0,2,0,0
-0.6585516635524703,0.993359652991369,0.5218534382055223,-0.6733284120065156,-0.4973490918846828,-1.0471983478413502,-1.0126477163555068,1,3,0,4,0,2
1.996445063390003,-1.249753797811361,-1.4930972860267064,1.5933871745046688,-1.280853340056838,0.04975965936899673,-0.051135408668026516,2,0,0,4,3,3
-0.764809058757714,1.4623631221794602,2.3353090900145284,-0.7719549612340421,-0.34064824225025175,-1.1465950451568503,-1.1065553224891058,1,1,1,3,0,2
2.6028478867294544,-1.161355238173815,-1.2916022136034835,2.1970117899232986,-1.9076567385945622,-0.2624637301835783,-0.3936017589353929,3,0,0,1,1,3
-0.7052363285983972,1.6735374590913756,0.1188632933590766,-0.6858215267718102,0.1294543066530414,-0.4010372993887899,-0.36492437519762305,1,2,1,2,0,0
0.5155344742020858,-0.8666933727153283,-0.485621923910592,0.3958059822294969,-0.4973490918846828,-0.788613091614286,-0.8136800329844431,2,4,2,3,2,1
-0.32689141282334955,0.08727441670652238,-0.687116996333815,-0.25038311465078944,-0.6540499415191139,-0.7105614399499632,-0.6931763534768965,2,0,1,3,0,3
-0.30139185051745815,-0.15091059120575437,-0.28412685148736916,-0.28993418149569183,0.4428560059219035,0.15365137547121416,0.16868449021387147,2,1,1,2,0,3
-0.3265595313182837,-0.26386430629817426,-0.8886120687570378,-0.23242818589262743,1.5397619533629208,-0.9128848368888898,-0.8952673992462873,2,4,0,1,0,0
-0.6381409509909217,-0.309291343889691,0.5218534382055223,-0.6277505159281043,-0.34064824225025175,0.2634506707131629,0.2953566707728545,1,3,1,1,0,0
-0.1752768785924422,-1.1220669894460167,-0.485621923910592,-0.03580288214939836,-0.8107507911535449,-1.1432944090844628,-1.133034060245227,2,4,2,4,0,2
-0.6899144657811914,0.2198722561628414,1.1263386554751909,-0.7102427410617579,0.1294543066530414,0.729374612419654,0.7633218454209414,1,3,0,0,0,0
-0.7561801396260024,0.6986977875328823,1.3278337278984138,-0.7533094582928739,-0.18394739261582072,0.7080435525145464,0.7453639084831544,1,3,1,2,0,0
-0.5110856481348859,2.2886441032359666,0.9248435830519681,-0.4460667263262828,1.0696594044596277,-0.8706003322225491,-0.8437151574427736,1,3,1,2,0,0
-0.7411901583138623,-0.08461167147759487,0.9248435830519681,-0.7444575528561576,1.3830611037284897,-0.8278934580249114,-0.7894390530825796,1,3,1,1,0,0
-0.3011705961807476,-1.0312129142629833,-0.485621923910592,-0.17963065062824177,-1.280853340056838,0.17199787716510376,0.18699722771032368,2,0,2,3,0,3
-0.7576736063987987,-0.5045048297559384,0.5218534382055223,-0.7690671055596524,-0.18394739261582072,-0.5861358514685958,-0.5471465896817707,0,3,1,3,0,2
-0.7307358909042887,-0.4087397234819302,2.738299234860974,-0.7120005662548646,1.2263602540940588,-1.1654953823950895,-1.1271533108279834,1,2,1,2,0,0
-0.6907441695438559,1.6317936948180902,0.7233485106287452,-0.7002608051437587,0.7562577051907656,0.6541788501027104,0.6882605744743853,0,3,1,2,0,0
-0.6427319784776657,2.2383060345534753,0.7233485106287452,-0.6514811560350457,0.4428560059219035,-0.34323980518222785,-0.3103549317928634,0,3,1,2,0,0
-0.46622633136682107,-0.7426898376682152,-0.687116996333815,-0.40067716866141856,-1.9076567385945622,-0.10549051344941354,-0.08181308531921494,2,1,0,3,0,3
0.5590662649498873,-1.1994157291288696,-0.687116996333815,0.7351290239702867,-1.280853340056838,0.910585127092156,0.8812273791051929,2,4,1,1,2,1
0.012512739690640656,-0.6481524891669507,-1.0901071411802608,-0.027892668780417757,0.5995568555563345,-0.5130323567636402,-0.5130326556513852,2,0,2,4,0,3
-0.7017515727952061,0.5648721903038195,1.3278337278984138,-0.7080454595703743,-0.18394739261582072,-0.43825896397799374,-0.4022762135389754,1,2,1,4,0,2
0.7808184239180405,-1.2251986423564871,-1.2916022136034835,1.1658589757526288,-1.5942550393257002,-0.13278509547852987,-0.17205814395352387,3,4,0,3,2,1
-0.7400285730461319,-0.5929033893934844,-1.6945923584499292,-0.7474081880017297,-0.4973490918846828,0.3389009736085702,0.3758600794223991,1,2,1,1,0,0
1.5774999768285685,-0.039184633886078166,-0.08263177906414627,1.7713669753067296,-1.4375541896912691,-0.8686311391759721,-0.9472359031225653,2,1,1,4,3,3
1.3278697714348857,-1.157671964855584,-1.4930972860267064,1.0751426398940827,-1.5942550393257002,2.8689000603763013,2.798301402433251,3,4,0,1,2,1
-0.5790107295050261,1.6146050859996783,1.1263386554751909,-0.5722534634028762,0.5995568555563345,-1.1265171080995644,-1.0958861623824774,1,3,1,3,0,2
-0.5435547220471598,-0.5450208362564803,1.3278337278984138,-0.49698087745519676,0.4428560059219035,0.41560160220258535,0.44254302851512484,0,3,1,0,0,0
-0.07045763657581719,-1.0312129142629833,-1.2916022136034835,-0.18653639245830414,1.5397619533629208,-0.08334548312306445,-0.07968428196722466,2,1,0,1,0,3
0.016163436246364783,-0.2294870886613508,-0.687116996333815,0.15523504865859852,-0.967451640787976,2.7747955693734765,2.7705627036380913,2,4,1,4,0,2
-0.21543454070540782,-0.4173340278911361,-1.2916022136034835,-0.216042743914025,-0.967451640787976,-0.6318132981313823,-0.6201544873163677,0,0,1,2,0,3
1.646420702713906,-1.0140243054445717,-0.28412685148736916,2.0865827001134836,-0.6540499415191139,0.8539148840187907,0.7697082554769126,0,4,2,1,3,1
2.378219421384064,-0.5278322274380686,-1.0901071411802608,2.0291394839816017,-1.9076567385945622,-0.6724922391489514,-0.7917801780287317,2,4,1,0,3,1
-0.6797367662925059,0.9823098330366757,0.5218534382055223,-0.7123144636107765,1.0696594044596277,2.348096051093333,2.3795361698217805,1,3,1,3,0,2
1.22376960601257,-1.2030990024471007,-1.4930972860267064,0.9974844340414728,-1.5942550393257002,-1.2544810903364998,-1.3147450266802745,2,0,1,4,2,3
2.650362255538046,-1.2080100335380755,-1.0901071411802608,2.04621550014321,-1.124152490422407,-0.39762477734784685,-0.5309961799995448,2,4,1,1,1,1
-0.564795138371373,1.0928080325836083,0.3203583657822995,-0.5355274727611811,-0.4973490918846828,-1.335640374777452,-1.305469925461629,1,2,1,2,0,0
2.672321748456568,-0.35717389702669505,-1.0901071411802608,3.4692377734343256,0.1294543066530414,0.09377839654794773,-0.04130715382248583,2,0,1,1,1,3
-0.6665168196740503,1.9313665913675515,1.5293288003216368,-0.6827453326838733,0.1294543066530414,-0.5274796324533704,-0.49316661807132856,1,3,1,2,0,0
-0.5940007108171661,0.9233774599449783,1.1263386554751909,-0.6455171062727192,1.3830611037284897,1.0614605585400456,1.090154621465555,0,3,1,1,0,0
-0.5373596006192642,0.3315982134825176,0.5218534382055223,-0.6018853738009617,0.7562577051907656,1.6295056208963639,1.6546395165964682,1,3,1,2,0,0
-0.6675124641892478,1.1726122878119483,1.1263386554751909,-0.6825569942703261,-0.34064824225025175,-0.007607073858626551,0.026116127144619663,1,1,1,0,0,0
3.3082620257468784,-1.2006434869016132,-0.687116996333815,2.864294789120866,-1.124152490422407,-0.8406792270815922,-1.006733442476027,2,0,0,2,1,3
-0.23164142086945588,-0.8065332418508873,-0.485621923910592,-0.09908458910124211,0.9129585548251966,0.8467905449710189,0.8574473605590751,0,4,0,3,0,2
-0.7942911991243953,0.21127795175363553,-0.08263177906414627,-0.7874614906160912,0.1294543066530414,1.6302860255270382,1.6683957209340012,1,2,1,2,0,0
3.1557624741691295,-1.3393801152216507,-1.2916022136034835,3.31982263202025,-1.4375541896912691,1.74778587255482,1.5862468199297033,3,4,0,3,1,1
0.09697658272989479,-0.6739354023945683,-0.687116996333815,0.27583441279995974,-0.34064824225025175,-0.33214351425073546,-0.3366325227755679,2,4,2,0,0,0
-0.7255364139915906,1.3727368047691706,0.5218534382055223,-0.7006374819708531,1.3830611037284897,-1.0607952901700584,-1.0228447402856442,1,3,1,1,0,0
-0.4758508950137301,-1.217832095720025,-0.28412685148736916,-0.5074022696714727,-1.280853340056838,0.18800875926539726,0.2118109171753866,2,4,1,3,0,2
-0.603957155969141,0.7993739248978652,0.9248435830519681,-0.5632132195526127,1.0696594044596277,-0.577414340219694,-0.5461995236236018,0,2,1,0,0,0
-0.7735486050577808,0.5538223703491263,1.9323189451680824,-0.7674348393089104,-0.027246542981389666,-0.266133589952199,-0.22673654186055062,0,2,1,3,0,2
-0.716907494859879,-0.6788464334855431,-0.485621923910592,-0.6988168773065638,0.9129585548251966,0.1524541956076703,0.188475097753897,1,3,1,2,0,0
-0.7330590614397494,-0.4369781522550352,1.3278337278984138,-0.7146373040445249,1.3830611037284897,-0.8029848442752412,-0.7649717830606226,1,3,1,4,0,2
-0.5786788479999603,-0.26509206407091795,0.5218534382055223,-0.6309522689584058,-0.027246542981389666,-0.2669139945828737,-0.2373582089790116,1,1,1,3,0,2
-0.6880891175033294,-0.2319426042068382,1.9323189451680824,-0.6563779547872718,1.0696594044596277,0.11913175702262585,0.15373816746695781,1,2,1,4,0,2
-0.681562114570368,-0.12389992020539309,-0.485621923910592,-0.7008885998555825,-0.027246542981389666,0.20123088359944435,0.2354065511792058,1,3,1,4,0,2
-0.06708350794098115,-0.43083936339131673,-0.28412685148736916,-0.11138936545298957,0.7562577051907656,-0.41651672313844446,-0.41261571643361616,0,1,1,4,0,2
1.0086550771457337,-0.27123085293463645,-0.8886120687570378,0.7762495775947488,-1.9076567385945622,-1.1930808679424505,-1.2425556846652748,2,1,0,2,2,3
-0.40128818354227336,-0.3056080705714599,-0.485621923910592,-0.37248918610052784,-1.4375541896912691,-0.6906457375470827,-0.6695276390745369,0,1,1,1,0,0
-0.5425037639477847,-0.26754757961640535,-0.08263177906414627,-0.5877599927849252,0.9129585548251966,2.5366910396904983,2.5609677657381944,1,3,1,1,0,0
-0.5660120372232811,0.11919611879785844,1.3278337278984138,-0.526863905738012,0.7562577051907656,-0.01330206965810211,0.015301694368301378,0,2,1,4,0,2
-0.6926801449900734,1.4500855444520233,1.1263386554751909,-0.7241797836642473,0.1294543066530414,-0.961082514993389,-0.9249141986837167,0,1,1,2,0,0
-0.713090857551622,0.40649143761988293,-0.28412685148736916,-0.7037136760587899,0.9129585548251966,0.7453519287293808,0.7804500519183859,1,3,1,1,0,0
3.18292144400035,-1.3025473820393398,-1.4930972860267064,2.9155228376056916,-1.750955888960131,-0.8217677012464973,-0.9815146657589449,2,0,0,3,1,3
-0.06293498912765827,-1.0336684298084708,-1.0901071411802608,-0.15546055422302366,0.9129585548251966,0.46557267290868937,0.4681780673049713,2,0,0,2,0,3
-0.4085895766537217,-0.5511596251201988,-0.28412685148736916,-0.3880584949537592,-0.6540499415191139,-0.8136056198403729,-0.7919673562762163,2,1,0,3,0,3
-0.6697250075563533,-0.10671131138698137,-0.28412685148736916,-0.6737678683047923,0.28615515628747246,1.1209559223194374,1.1534013131790837,1,2,0,1,0,0
0.7521106737298457,-0.9685972678530549,-0.8886120687570378,0.8887503899535824,0.28615515628747246,0.013072250279645184,-0.024930454020166633,2,1,1,3,2,3
-0.7982184636010077,-0.5941311471662281,0.9248435830519681,-0.80033128220848,-0.027246542981389666,-0.5182770115396798,-0.47732351595960004,1,3,0,2,0,0
2.8636514361270207,-1.2890420465391592,-1.2916022136034835,2.353709349994531,-1.280853340056838,0.15933238552462023,0.014502694685008517,3,4,1,4,1,1
1.48822385196586,-0.8986150748066644,0.1188632933590766,1.6787672553127122,-0.6540499415191139,-0.3455250760899741,-0.4202648812338122,2,4,1,2,3,1
-0.7042406840831997,-0.5192379230288627,-0.28412685148736916,-0.6959290216321742,-0.34064824225025175,0.10593480703150376,0.14137322831222135,1,3,0,1,0,0
-0.0639306336428558,-1.1625829959465588,-0.28412685148736916,0.03281507985294824,0.9129585548251966,1.3553402435479451,1.3569003863623892,2,1,0,3,0,3
0.23078014285560244,-0.11776113134167461,-0.28412685148736916,0.15272386981130312,1.2263602540940588,-0.5551378438802921,-0.5661102604866398,0,4,0,4,0,2
-0.6421788426358892,0.7122031230330629,0.1188632933590766,-0.6489699771877503,1.2263602540940588,-0.40511834009185205,-0.37218521497691803,1,2,1,2,0,0
-0.5582128218542339,-0.164415926705935,1.9323189451680824,-0.5880738901408372,-0.027246542981389666,-0.35288996997014044,-0.3242619962104588,1,2,1,0,0,0
-0.7476618476626461,0.07868011229731652,0.5218534382055223,-0.7739639043118783,0.5995568555563345,-0.36833582792922853,-0.3301203959862118,1,2,1,2,0,0
1.6744093763077912,-0.2356258775250693,0.5218534382055223,2.2324194116701634,-0.18394739261582072,-1.0427788520834076,-1.126063765805311,0,1,2,3,3,3
2.0970051594249495,-1.2632591333115417,-1.2916022136034835,1.924486105520566,-1.750955888960131,-1.2904971836145178,-1.3948209984363094,3,4,0,3,3,1
1.4056406707886455,-1.209237791310819,-1.6945923584499292,0.9600678692167712,-1.280853340056838,-0.7627282727889692,-0.8327833890486293,3,4,0,2,3,1
-0.7714466888590306,-0.8900207703974585,0.3203583657822995,-0.788089285327915,-0.18394739261582072,-0.7115684136669628,-0.6717290787613721,0,1,0,3,0,2
-0.3851919305465805,-0.562209445074892,0.7233485106287452,-0.27788052302867394,1.0696594044596277,2.7381193488809807,2.7542027660668897,0,2,1,0,0,0
-0.3511740762773329,-0.19142659770629628,-0.687116996333815,-0.42114327626687603,-1.750955888960131,-0.3587276203795243,-0.3405492974468153,2,0,0,1,0,3
-0.6984880713287254,0.8214735648072518,0.5218534382055223,-0.6674899211865538,1.2263602540940588,1.3497515394185977,1.3833679492977649,1,3,1,0,0,0
-0.6325542789889802,0.5857440724404623,1.1263386554751909,-0.6204680972709476,-0.6540499415191139,1.4812147553221064,1.5113392027683954,1,3,0,4,0,2
-0.6828343270064536,1.0252813550827051,0.5218534382055223,-0.6915344586494072,-0.18394739261582072,1.709537654204119,1.7419204540280713,1,3,1,1,0,0
-0.5822742309715068,-0.20370417543373323,0.7233485106287452,-0.5635271169085246,1.2263602540940588,-1.2362492717603795,-1.2053183882365623,1,1,1,4,0,2
2.423742501162261,-1.2080100335380755,-1.4930972860267064,2.794672355579601,-1.5942550393257002,0.5528716998741252,0.4297757958135554,3,4,0,4,3,1
-0.3653343538268083,1.3801033514056327,1.1263386554751909,-0.40356502433580826,1.0696594044596277,-0.7257080029431652,-0.7063626419564167,1,3,1,2,0,0
-0.7207241321681361,2.0971138906879503,0.1188632933590766,-0.7428252866054156,0.28615515628747246,1.4605382283330486,1.4951413000980018,1,3,1,2,0,0
-0.6544031447391474,-0.7181346822133412,-0.28412685148736916,-0.6816153022025905,0.1294543066530414,0.8429332762050674,0.8749471298463024,1,2,1,2,0,0
-0.697326486060995,-0.7697005086685764,0.9248435830519681,-0.7228614147694171,-0.027246542981389666,-1.2912775882451926,-1.254468043579824,1,3,0,3,0,2
2.549802159503099,-1.362707512903781,-1.0901071411802608,2.3518259658590592,-1.124152490422407,-0.2450374905810578,-0.3735178123508017,3,4,0,0,1,1
0.9525671027896079,-0.2294870886613508,-0.485621923910592,0.9854307755744548,-1.5942550393257002,1.2705838252179333,1.2209084053017791,2,1,1,1,2,3
-0.7307912044884662,1.677220732409607,0.3203583657822995,-0.7187179696713798,0.1294543066530414,-1.1278765226175136,-1.089577976071724,1,1,1,2,0,0
-0.36771283794644677,-0.9870136344442103,-0.28412685148736916,-0.35679431830493163,1.2263602540940588,-0.6531555466333455,-0.6337793875101431,0,4,2,2,0,0
-0.6591601129784244,-0.6714798868490809,2.1338140175913054,-0.6496605513707565,0.1294543066530414,0.7284319731345739,0.7608270666895408,1,3,1,4,0,2
0.662557980946249,-0.309291343889691,-0.28412685148736916,0.9158083420331898,-1.5942550393257002,-1.0110647742963488,-1.0432834874289003,2,0,0,0,2,3
1.8893579644220946,-0.1656436844786787,-0.687116996333815,2.141263619513341,0.7562577051907656,-0.6876080335008006,-0.7821865944188435,2,1,2,2,3,3
0.12424617972947063,-0.9857858766714667,-0.28412685148736916,0.23816673009052886,0.7562577051907656,0.25300052125007827,0.24641374961338164,2,1,1,0,0,3
-0.1279837641205613,0.036936348024030896,-1.0901071411802608,0.030868916246294294,0.9129585548251966,0.6013966444366492,0.6071202010423552,2,4,1,3,0,2
-0.5177785918203801,2.1928789969619586,0.9248435830519681,-0.5264244494397353,-0.18394739261582072,0.37692542002215973,0.4026126002867814,1,3,0,0,0,0
-0.4015647514631616,-1.230109673447462,-1.0901071411802608,-0.3637628396061764,1.3830611037284897,-0.6487612252183279,-0.627680729088365,0,4,0,3,0,2
-0.7345525282125457,1.7619360187289217,2.1338140175913054,-0.7378029289108248,1.3830611037284897,-0.6615777629163615,-0.6236633810304096,0,1,1,2,0,0
0.7169312341928679,-0.4934550098012451,-1.0901071411802608,0.4957509003518536,0.9129585548251966,0.3216313743620275,0.28502554899377297,0,4,2,2,2,1
-0.7284680339530054,-0.9133481680795887,1.7308238727448595,-0.7389957388632901,-0.18394739261582072,-0.8345087159157559,-0.7966887180411293,1,2,1,4,0,2
0.10372483999956669,-1.0557680697178573,-0.687116996333815,0.006071025129252381,0.5995568555563345,2.2305514496781296,2.222566256516951,2,4,1,1,0,0
-0.6353752717820398,2.0320427287325344,0.9248435830519681,-0.6519206123333224,-0.18394739261582072,-0.4144803985107343,-0.38187937197351446,1,3,1,4,0,2
0.44589467172243874,-0.07724512484113269,-0.485621923910592,0.23289325451120851,0.5995568555563345,-0.01725164434811154,-0.039751060033695086,0,4,1,2,2,1
-0.6098757094761484,-0.43083936339131673,0.1188632933590766,-0.6346562577581666,-0.34064824225025175,0.0859687559427732,0.11666569964423933,0,3,1,3,0,2
-0.6405194351105602,-0.2785973995710986,0.5218534382055223,-0.6813641843178608,0.7562577051907656,-0.9661117892799591,-0.932571744599472,1,3,1,2,0,0
-0.423081735708263,0.31932063575508063,1.1263386554751909,-0.41969934842968115,0.4428560059219035,0.7325857397171972,0.7530521851559594,1,2,1,1,0,0
-0.6551222213334567,1.205761747676028,0.3203583657822995,-0.6192125078472999,-0.4973490918846828,0.11187315481258728,0.1448234542173501,1,3,1,2,0,0
-0.6964967822983303,1.2327724186763893,1.9323189451680824,-0.7140722888038834,0.5995568555563345,-0.5640719384694495,-0.5281996811080196,1,3,1,4,0,2
1.482526552795563,-1.1859103936286888,0.3203583657822995,1.3071755653841768,1.0696594044596277,-0.6620896412225029,-0.7361519203583494,2,4,2,4,3,1
-0.12427775398065945,-0.10425579584149397,-0.687116996333815,0.018878037250458824,0.9129585548251966,-0.5661921775735764,-0.5592181897919415,2,0,1,4,0,3
-0.7067297953711935,0.35001458007367303,-0.08263177906414627,-0.7100544026482107,0.9129585548251966,-1.0762187709354354,-1.0391990904464727,1,3,1,3,0,2
-0.6477655146378307,1.5262065263621325,0.7233485106287452,-0.692978386486602,-0.4973490918846828,0.881237437540046,0.9128688840456685,0,3,1,3,0,2
-0.03760136757429989,-0.05637324270448989,0.1188632933590766,0.0068871582546233545,1.0696594044596277,-1.0084913970195721,-1.0053505584087892,2,0,1,0,0,3
-0.6864297099780001,2.1069359528699,2.536804162437751,-0.6911577818223129,-0.4973490918846828,-0.8320024702201125,-0.7963087741357873,0,3,1,1,0,0
1.9351022985370017,-1.2472982822658736,-1.4930972860267064,1.402725920523766,-1.9076567385945622,-0.9480813654472389,-1.04464960926502,3,4,1,2,3,1
-0.7635368463216282,-0.004807416249254716,0.1188632933590766,-0.7749055963796142,0.7562577051907656,0.6586319116512197,0.6963846691562591,1,3,1,2,0,0
-0.7839475588831768,0.36720318889208475,1.1263386554751909,-0.7878381674431855,1.2263602540940588,-0.8049456458741766,-0.7643599616248143,1,3,1,1,0,0
-0.6671252691000042,-0.5843090849842786,0.3203583657822995,-0.639804174395122,-0.027246542981389666,0.6388169066200391,0.6717246334764446,0,1,1,3,0,2
0.6808667773090473,-1.041034976444933,-1.4930972860267064,0.6098211994902466,-0.34064824225025175,0.14289353959460224,0.10832928336820372,2,1,0,2,2,3
-0.7020281407160942,2.2370782767807316,2.738299234860974,-0.7241797836642473,-0.34064824225025175,0.6168089366051707,0.6515065890429093,1,1,1,0,0,0
-0.768017246640017,1.5041068864527458,1.3278337278984138,-0.7540628119470625,-0.4973490918846828,-0.16473972809798312,-0.12574689307958212,1,3,1,0,0,0
-0.7305699501517557,-0.25035897079799363,0.3203583657822995,-0.7139467298615185,0.9129585548251966,1.162854420394262,1.198321298870228,1,3,1,4,0,2
-0.634103059345954,1.3530926804052714,0.9248435830519681,-0.594414616730258,-0.18394739261582072,-0.5733332995166317,-0.5406009384301784,0,1,1,3,0,2
0.5455144368263659,-0.05637324270448989,-0.687116996333815,0.6626815142258147,0.5995568555563345,1.284944389282033,1.2558101641947124,2,4,1,1,2,1
-0.6555647300068779,1.7349253477285604,1.5293288003216368,-0.6195264052032119,1.2263602540940588,-1.0253470181824593,-0.9909741515198888,0,2,0,0,0,0
-0.7541888505956074,0.5464558237126641,1.5293288003216368,-0.7484126595406478,0.1294543066530414,-0.6248008450521657,-0.585939979899274,1,3,1,0,0,0
-0.5210420932868608,-0.12021664688716201,1.9323189451680824,-0.4659050392199164,-0.18394739261582072,-1.1846782317039317,-1.1569034773573073,1,1,1,1,0,0
0.141338077240361,-0.325252194935359,-0.8886120687570378,0.23144932667401374,1.3830611037284897,0.03218237370892626,0.025004232480456606,2,4,1,2,0,0
-0.7042406840831997,0.6017049234861304,1.1263386554751909,-0.7034625581740603,0.5995568555563345,0.5434956557091735,0.5783953243164177,1,3,1,2,0,0
-0.6056718770786478,2.158501779325135,-0.08263177906414627,-0.5794731025888504,1.0696594044596277,0.16830004590434436,0.1986832965047797,1,3,1,3,0,2
-0.6472123787960544,-0.14722731788752327,1.1263386554751909,-0.6784763286434712,0.4428560059219035,-0.6671105240614315,-0.6336005903782174,1,2,1,4,0,2
-0.3110717277485449,-1.080323225172731,-0.28412685148736916,-0.36012163027759797,0.1294543066530414,-0.08019029880979917,-0.06438036495645967,2,0,0,3,0,3
2.4046040010367977,0.09341320557024085,0.1188632933590766,2.3786955795251195,1.0696594044596277,1.8419630894372054,1.7182465962790345,2,0,0,0,3,3
0.9173323496684521,-1.2804477421299534,-1.2916022136034835,1.262853258729413,-1.280853340056838,-0.6179534237765686,-0.6635239666290944,3,0,1,2,2,3
-0.728080838863762,-0.7119958933496228,0.5218534382055223,-0.7158928934681724,0.4428560059219035,-0.976978713975913,-0.9390028539384242,0,3,1,4,0,2
-0.48774331561192247,2.1400854127339795,0.9248435830519681,-0.5323884992020619,0.9129585548251966,-0.3575248462175526,-0.33245034611161856,1,3,1,1,0,0
-0.7864366701711707,0.6360821411229538,1.7308238727448595,-0.8008335179779391,1.2263602540940588,-0.42701722128737896,-0.386771149754794,1,3,1,4,0,2
-0.6266357254819728,0.06885805011536696,0.3203583657822995,-0.616450211115275,-0.6540499415191139,0.4164267612206822,0.44756331673497585,1,1,0,2,0,0
-0.6961095872090869,-0.5879923583025096,0.5218534382055223,-0.6863237625412693,0.7562577051907656,0.2928487089511227,0.32764631531656063,1,2,1,1,0,0
-0.6622576736923721,0.6851924520327016,-0.485621923910592,-0.693292283842514,-0.027246542981389666,0.16331552600519628,0.19656287426834834,1,1,1,1,0,0
-0.18606302750708173,0.07868011229731652,-0.28412685148736916,-0.24523519801383387,0.5995568555563345,-1.0366279209620686,-1.0259541341580394,2,4,0,0,0,0
-0.761600870875411,-0.6984905578494421,0.7233485106287452,-0.7498565873778426,0.28615515628747246,2.9788476045265857,3.013645785606634,1,3,1,2,0,0
-0.6738182127854986,0.3721142199830595,0.5218534382055223,-0.6926644891306902,0.28615515628747246,-0.14617784591462432,-0.11196554539537186,1,3,1,2,0,0
2.1279254529802496,-1.2571203444478232,-1.0901071411802608,2.0148885440232003,-1.750955888960131,-1.1912655181026373,-1.2972731944449105,3,0,1,2,3,3
-0.1604528380328351,-1.0115687898990842,-0.28412685148736916,-0.08734482799013622,0.7562577051907656,-0.48768738773660364,-0.4789829768402854,2,4,2,4,0,2
-0.7078913806389239,-0.3068358283442036,-0.8886120687570378,-0.6950501090356208,-0.34064824225025175,-0.016216699138973133,0.019556507367095556,1,2,1,1,0,0
1.2975579273055395,-0.6763909179400557,-0.28412685148736916,0.9201401255447748,1.5397619533629208,1.3217408871907257,1.2545781402075369,2,1,1,3,2,3
-0.48497763640304054,-1.2387039778566677,0.1188632933590766,-0.5399848152151304,-1.4375541896912691,-0.451704860249152,-0.4266540849949696,0,4,2,1,0,0
-0.6033487065431871,1.1959396854940785,1.3278337278984138,-0.5650966036880842,0.4428560059219035,2.2535076532765057,2.2812061283782064,1,3,1,4,0,2
-0.6615385970980627,1.5716335639536492,0.9248435830519681,-0.6584496773362905,1.0696594044596277,-0.882085426894772,-0.8475872328310395,0,2,0,0,0,0
-0.7525847566544559,0.6102992278953363,-0.08263177906414627,-0.7418835945376797,-0.027246542981389666,2.5272758354365523,2.5621746463786925,1,2,1,1,0,0
0.43638073524388493,0.043075136887749374,-0.485621923910592,0.3462101999954131,-1.9076567385945622,-0.4911390698665411,-0.5125744880008255,2,4,1,2,2,1
-0.6024083756121671,1.3616869848144773,-0.08263177906414627,-0.5962352213945471,0.7562577051907656,1.4313667591814132,1.4600300133160933,1,2,1,2,0,0
0.11899138923259488,-0.5204656808016064,-0.8886120687570378,0.07054554203356142,-1.9076567385945622,-0.505790537448885,-0.511177635407656,0,4,2,4,0,2
0.13010941965230033,-0.74760086875919,-1.0901071411802608,0.21820285825453048,-0.4973490918846828,-1.144181105385265,-1.1493437111230742,2,4,1,4,0,2
-0.4304937559880665,-0.1852878088425778,-0.485621923910592,-0.3991704613530414,-0.18394739261582072,0.19167582188480395,0.21318262642187902,2,0,0,0,0,3
-0.05607610468963119,-0.047778938295284026,-1.0901071411802608,0.08033913953801346,-0.027246542981389666,-0.9878232614781556,-0.9837747732546931,2,4,1,2,0,0
-0.7356034863119209,-0.5388820473927618,0.3203583657822995,-0.7462781575204467,0.1294543066530414,0.44094377408040797,0.4775537419103251,0,2,1,4,0,2
-0.7223835396934651,1.9964377533229674,-0.28412685148736916,-0.7198480001526628,-0.027246542981389666,1.2904547732333915,1.3253510736930627,1,3,1,2,0,0
0.8774512554763748,-0.3277077104808464,-0.687116996333815,0.7243309549269165,-0.8107507911535449,-0.2902338275790555,-0.33419361814789406,2,1,1,1,2,3
-0.7746548767413337,1.274516182949675,0.3203583657822995,-0.7871475932601792,-0.6540499415191139,0.4613377889988633,0.4998950022854782,1,3,1,2,0,0
-0.6571688239480293,-0.5118713763924005,-0.08263177906414627,-0.6915344586494072,0.4428560059219035,-0.7141417909437395,-0.6800710824477804,1,2,1,1,0,0
-0.5578256267649905,-0.7242734710770597,1.1263386554751909,-0.4976714516382031,-0.6540499415191139,-0.7178927680395629,-0.6888349356173258,1,3,1,1,0,0
-0.5467075963452851,2.296010649872429,1.1263386554751909,-0.49064015086577595,-0.34064824225025175,-0.6141660837409646,-0.5857975009347707,1,3,1,2,0,0
-0.6932885944160273,-0.8040777263053999,1.5293288003216368,-0.6750234577284401,0.7562577051907656,0.3947600434099079,0.42928969111113247,1,2,1,2,0,0
-0.5418953145218306,0.3880750710287275,0.3203583657822995,-0.5536079604617079,1.0696594044596277,-0.9260342353433758,-0.8975247130368491,1,1,1,2,0,0
-0.8098896298624895,-0.6813019490310304,1.5293288003216368,-0.8062325524996242,0.7562577051907656,1.1876875111151568,1.2271299867517562,0,3,1,4,0,2
0.2909060088566956,-0.7660172353503454,-1.0901071411802608,0.3351610130673133,-1.280853340056838,0.17902991028881757,0.16411678223420736,2,4,1,3,2,1
1.4328549542040439,-0.972280541171286,-0.8886120687570378,1.2283245495791015,1.5397619533629208,1.7230954364438331,1.6486051133939759,2,4,0,2,3,1
-0.7851644577350849,1.5286620419076198,1.1263386554751909,-0.77584728844735,0.4428560059219035,-0.8741247402320476,-0.833392416779251,1,3,0,1,0,0
-0.6428426056460209,1.101402336992814,-0.28412685148736916,-0.6467099162251845,0.9129585548251966,-0.13662278419998392,-0.10398672338318755,1,3,1,2,0,0
-0.6795155119557953,0.044302894660493065,1.1263386554751909,-0.6758395908538111,0.5995568555563345,0.969358826374365,1.0024853590130507,1,3,1,0,0,0
-0.6597685624043783,0.19531710070796748,0.5218534382055223,-0.6661087728205414,-0.6540499415191139,-0.9373123409737711,-0.9028355465960797,1,3,1,3,0,2
0.39041514679226724,-0.5671204761658668,-1.0901071411802608,0.5985836741485998,-1.750955888960131,-0.49394740767728434,-0.5130577989980621,0,0,2,1,2,3
-0.6646361578120105,0.1314736965252954,-0.687116996333815,-0.6516067149774105,0.9129585548251966,0.39802711369172883,0.4311055994822528,1,2,1,3,0,2
-0.0756571134885152,-1.0545403119451136,-0.485621923910592,0.05441121793968858,-0.6540499415191139,0.2271912254535364,0.23073268240246078,0,4,1,1,0,0
-0.7099379832534964,1.177523318902923,2.1338140175913054,-0.7398746514598435,1.3830611037284897,-0.49116704135867995,-0.4547056787709995,0,3,1,4,0,2
-0.663032063870859,-0.8851097393064837,-0.8886120687570378,-0.6810502869619489,0.5995568555563345,0.8053004306814223,0.8377964382783665,1,1,1,2,0,3
0.46652663862069804,-0.8249496084420427,-0.8886120687570378,0.3124976239704725,0.7562577051907656,-0.3371755856865194,-0.36032314275572264,2,4,1,3,2,1
-0.562637908588445,-0.8409104594877107,0.1188632933590766,-0.548899500123029,1.0696594044596277,0.30324011828071573,0.3312837194691741,1,3,1,0,0,0
-0.7021940814686272,1.5863666572265733,0.9248435830519681,-0.7133189351496947,0.9129585548251966,1.9399947779363287,1.9730716211457602,1,3,0,4,0,2
-0.3434854880766411,-0.47381088543734606,1.1263386554751909,-0.2897458430821447,0.28615515628747246,-0.34922850164916164,-0.33145019965490924,1,1,0,1,0,0
-0.6229297153420711,1.5188399797256702,0.5218534382055223,-0.6695616437355726,-0.18394739261582072,-0.262575616152134,-0.23079020808592857,0,2,1,1,0,0
0.17153929420135153,-0.4124229968001613,-0.28412685148736916,0.1424908160085744,-1.280853340056838,-0.7480740080574114,-0.7558168111649898,2,4,0,0,0,0
-0.7580054879038644,0.4150857420290888,0.5218534382055223,-0.7697576797426586,-0.027246542981389666,-0.8449057195437765,-0.8055810816492462,1,3,1,1,0,0
-0.3844175403680936,-0.6923517689857237,-1.2916022136034835,-0.31981720977850703,-1.5942550393257002,-0.9655719394816787,-0.9449674145112581,0,0,1,2,0,3
-0.39968408960112184,-0.5572984139839172,-0.687116996333815,-0.3436734088278132,0.9129585548251966,-0.5391661218689932,-0.5183155521587522,2,4,1,1,0,0
0.6001642579938727,0.06885805011536696,-0.8886120687570378,0.5283334458955112,-0.6540499415191139,-0.9550406726913916,-0.984177066801526,2,1,0,0,2,3
-0.3393922828474958,-1.1245225049915042,-0.28412685148736916,-0.22194401420516915,1.0696594044596277,2.911148202102861,2.924705387294346,2,4,1,3,0,2
-0.4313234597507311,-0.35349062370846396,1.1263386554751909,-0.3530275500339885,-0.34064824225025175,2.0597407357828614,2.0789893658754304,1,2,1,1,0,0
-0.6786858081931307,0.44455192857493747,0.7233485106287452,-0.6710683510439498,1.3830611037284897,-0.6063648345834318,-0.5713400765954664,1,3,1,4,0,2
1.7897381993181676,-1.161355238173815,-1.0901071411802608,2.126447664314298,-1.5942550393257002,-1.2081938651450856,-1.2970999847233575,3,4,0,0,3,1
-0.683829971521651,-0.6039532093481776,-0.8886120687570378,-0.6838125836939739,0.7562577051907656,-0.5080198653723534,-0.47285638136664393,2,4,0,4,0,2
-0.7788033955546566,1.4046585068605066,2.3353090900145284,-0.774215022196608,-0.34064824225025175,-0.40919098934727255,-0.3693523979179703,1,2,1,2,0,0
0.37946305712509487,-0.6690243713035935,-1.2916022136034835,0.2920315163650149,-0.967451640787976,-1.0831724838811603,-1.1010042302838503,2,4,1,0,2,1
-0.7427389386708362,-0.44557245666424106,1.9323189451680824,-0.7331572480433283,0.9129585548251966,0.30622187934272,0.3433581132845311,1,1,0,1,0,0
-0.760992421449457,1.9510107157314507,0.7233485106287452,-0.7732105506576898,-0.18394739261582072,-0.003542816050847766,0.03489674254528322,1,2,1,3,0,2
0.899300121226542,-0.3878678413452874,-0.8886120687570378,0.934077168147264,-0.027246542981389666,-0.3073999323046847,-0.3524421004250603,2,1,2,2,2,3
-0.34453644617601625,-0.15827713784221653,-0.687116996333815,-0.4535374833969866,-1.5942550393257002,-0.668539867309728,-0.6503153285080836,2,1,1,1,0,3
-0.7008665554483638,1.0117760195825243,0.9248435830519681,-0.6696872026779372,-0.6540499415191139,1.512811352842182,1.546347122458409,1,3,1,0,0,0
-0.3985225043333914,-0.8851097393064837,-0.28412685148736916,-0.4624521683048851,0.28615515628747246,-1.1402483135905392,-1.1187163211652396,0,4,1,2,0,0
2.254925442252108,-0.18283229329709041,-0.28412685148736916,2.6025671737615044,1.0696594044596277,0.19818199095630684,0.08404919159373149,2,4,1,1,3,1
-0.6474889467169426,1.8196406340478755,0.1188632933590766,-0.6573824263261899,0.7562577051907656,-1.0205666901759254,-0.986607590313641,1,1,1,0,0,0
2.286896693906783,-1.3000918664938526,-1.0901071411802608,2.5638322400419726,-1.750955888960131,-0.4182621442479105,-0.5332507000849205,3,4,1,3,3,1
-0.6855446926311579,0.4703348418025551,0.5218534382055223,-0.7054715012518966,0.7562577051907656,1.7444936279300742,1.7769702792958801,1,3,0,3,0,2
0.04487118643455918,-1.1503054182191217,-0.687116996333815,0.024088733358596837,1.6964628029973519,-0.48930134283301685,-0.4909651783844934,2,1,2,4,0,2
-0.5910137772715736,-0.21966502647940125,1.3278337278984138,-0.5414915225235075,0.4428560059219035,2.6261578572966973,2.6527745055716663,1,2,1,1,0,0
1.047595840406791,-0.7279567443952908,-1.0901071411802608,0.9503998306546841,-0.8107507911535449,0.22559125610319256,0.1724029118168888,2,4,0,2,2,1
0.45430233651743984,-0.12881095129636785,-0.28412685148736916,0.2182656377257128,0.1294543066530414,-0.8162517229967107,-0.8381920022893814,0,4,1,1,2,0
-0.7512572306341925,0.5010287861211474,0.5218534382055223,-0.747470967472912,-0.34064824225025175,-0.009276971939317591,0.028677954800492546,1,2,1,0,0,0
1.148266563610093,-1.273081195493491,-1.0901071411802608,1.1384871263171088,-1.9076567385945622,0.12442116618608749,0.0662728454930564,3,0,0,1,2,3
0.020422582228043006,0.050441683524211536,0.3203583657822995,0.039720821683010527,-1.5942550393257002,-0.4279990206614536,-0.428503517828326,2,0,1,4,0,3
-0.6890294484343492,-0.006035174021998411,0.9248435830519681,-0.6913461202358601,0.4428560059219035,1.2382431860069634,1.2715191684574965,0,2,1,2,0,0
-0.6302311084535194,1.141918343493356,0.1188632933590766,-0.6452032089168073,-0.34064824225025175,-0.6404229234117287,-0.6078035166875632,1,2,0,2,0,0
1.1410757976670003,-1.3000918664938526,-0.8886120687570378,0.9782111363884807,-1.280853340056838,-0.01744185049465573,-0.0750523187682746,3,4,0,0,2,1
1.1325575057036439,-1.3479744196308565,-1.2916022136034835,0.7535861884979078,-1.124152490422407,-0.5570231224504525,-0.6135389934351171,2,0,0,2,2,3
0.040003591026927014,-0.164415926705935,-0.687116996333815,0.10036579084519419,1.2263602540940588,-0.9646684602855932,-0.9655011476308497,0,1,0,1,0,0
2.5467045987891512,-1.3479744196308565,-1.0901071411802608,3.373310741467642,-1.124152490422407,-0.1720123160540912,-0.30042610356061455,2,4,0,4,1,1
-0.694118298178692,-0.542565320710993,-0.485621923910592,-0.6855076294158983,-0.18394739261582072,-0.6694321579089582,-0.6335503036848633,1,3,0,4,0,2
-0.7393648100360003,0.8141070181707896,0.5218534382055223,-0.7413813587682208,0.9129585548251966,-0.8991816028900538,-0.8607316157327646,1,3,0,1,0,0
-0.7070063632920817,0.4703348418025551,0.9248435830519681,-0.6936689606696083,0.1294543066530414,-0.7400741613056926,-0.7034543948574378,1,2,1,1,0,0
-0.7580054879038644,-0.7586506887138832,-0.28412685148736916,-0.780744087199576,-0.34064824225025175,-0.001005801713851686,0.03727977306923032,0,2,1,3,0,2
1.0203815569913928,-1.1097894117185798,-0.28412685148736916,1.116702649816821,0.4428560059219035,0.1732230285207866,0.12147366626992875,0,1,0,4,2,3
0.04907501883205982,0.007470161478182229,-0.485621923910592,-0.0894165505391549,-0.967451640787976,-0.7154396681789834,-0.7170373894734181,2,0,0,3,0,3
-0.7281361524479395,-0.7770670553050386,0.5218534382055223,-0.7329061301585988,0.28615515628747246,2.6501657889994954,2.6836784723429483,0,2,1,4,0,2
0.485665138746161,-0.9943801810806725,-0.08263177906414627,0.43541982854558176,1.5397619533629208,1.1893154519576394,1.1633217602957735,0,0,2,1,2,3
-0.23772591512899616,-0.4639888232553965,-0.28412685148736916,-0.3239606548765444,-1.4375541896912691,1.280161264126285,1.290591793764633,0,1,1,1,0,0
-0.7035216074888905,1.1885731388576164,-0.485621923910592,-0.6907811049952186,1.3830611037284897,0.15207098616536768,0.18741628348827452,1,2,1,3,0,2
-0.6240359870256238,1.772985838683615,0.7233485106287452,-0.6545573501229826,-0.18394739261582072,-0.39742897690287476,-0.3654216547207913,1,2,1,0,0,0
-0.676805146331091,0.9331995221269279,-0.28412685148736916,-0.6613375330106801,-0.18394739261582072,0.43497745480718547,0.46862506013478566,0,3,1,2,0,0
-0.02930432994765411,-0.397689903527237,-0.8886120687570378,-0.1492453865759676,-0.34064824225025175,-1.04600396512702,-1.0432359944407326,0,0,1,4,0,3
-0.4147846980816172,-0.8544157949878913,-1.0901071411802608,-0.34436398301081944,-0.4973490918846828,-0.05250411589073839,-0.031490073797690483,2,0,2,1,0,3
-0.6711078471607943,0.6630928121233152,1.3278337278984138,-0.6728261762370565,0.1294543066530414,1.5700158514153997,1.601978173833978,1,3,1,3,0,2
0.04420742342442765,-0.6984905578494421,-0.687116996333815,0.06759490688798934,-1.9076567385945622,-0.5341340504332093,-0.5357091606488987,2,4,0,0,0,1
-0.2878400223939367,-0.09320597588680073,-0.687116996333815,-0.33488428286227934,1.5397619533629208,-0.9271111377907227,-0.9114317774544447,2,4,0,3,0,2
-0.6355965261187503,0.4801569039845046,1.3278337278984138,-0.6134367964985206,1.2263602540940588,-0.7904648043938799,-0.7573896671848985,1,2,1,3,0,2
0.8646738175313403,-0.0035796584765110215,-1.0901071411802608,0.8507688098882396,0.5995568555563345,-0.8251746289890125,-0.8678304206112519,2,4,0,2,2,1
0.5540880423738997,-0.46767209657362757,-0.485621923910592,0.7259632211776584,-0.027246542981389666,-0.4518587034559159,-0.4792874907055963,2,1,1,4,2,3
0.28399181083449077,-0.2552700018889684,-1.0901071411802608,0.2273686610471587,-1.124152490422407,-0.30281540474312263,-0.31678604113181563,2,1,0,2,2,3
0.26822743934386384,-0.13249422461459895,-0.485621923910592,0.4508635784564484,-1.4375541896912691,0.07914091471167331,0.06549619545125424,0,1,0,1,0,3
0.7190331503916181,-0.06865082043192683,-0.28412685148736916,0.5958213774165749,1.6964628029973519,-0.44274559131706964,-0.4785164280741668,0,4,1,2,2,0
-0.691961068395764,1.0240535973099614,0.7233485106287452,-0.6775974160469178,-0.4973490918846828,-0.4991333223198322,-0.4635701053272531,1,2,1,0,0,0
3.4567236856796613,-1.3320135685851886,-1.4930972860267064,3.555810664194834,-1.9076567385945622,0.12559876600513423,-0.049143496870166774,3,4,1,1,1,1
0.060801498677719217,-0.4062842079364428,-0.8886120687570378,-0.10699480247022262,-0.18394739261582072,-0.8327968605968565,-0.8348423497709611,2,4,0,4,0,2
-0.6049528004843385,-0.26754757961640535,1.7308238727448595,-0.6593913694040262,0.9129585548251966,0.019737856856339598,0.05026770848052027,1,3,1,1,0,0
-0.7394754372043555,0.80428495598884,0.7233485106287452,-0.723803106837153,0.7562577051907656,-0.9403108849310589,-0.9018046693823205,0,2,1,4,0,2
0.7551529208596159,-0.956319690125618,-0.485621923910592,0.9087770412607631,-0.6540499415191139,0.5301448625112875,0.49135185182565355,2,0,1,1,2,3
-0.6598791895727337,0.11919611879785844,2.1338140175913054,-0.6617142098377744,1.3830611037284897,-1.2996074986041504,-1.2646790360358933,1,3,0,1,0,0
-0.7686810096501486,0.08481890116103499,-0.08263177906414627,-0.7844480759993366,-0.027246542981389666,0.11910937982891477,0.15778624628196297,1,2,1,1,0,0
-0.6596579352360231,0.35738112671013517,1.7308238727448595,-0.661651430366592,0.28615515628747246,-0.9971433626588295,-0.9625984879422435,1,3,1,2,0,0
-0.6009702224235486,0.44946295966591227,0.1188632933590766,-0.639804174395122,0.9129585548251966,-0.5383801229398908,-0.5073642278283033,1,3,0,0,0,0
-0.6550669077492791,1.4697296688159225,0.3203583657822995,-0.6187102720778409,0.7562577051907656,-0.2551547792876897,-0.22175536551330818,0,1,0,3,0,2
-0.7427942522550138,0.42736331975652575,1.3278337278984138,-0.7506727205032137,-0.027246542981389666,-0.1935112049120321,-0.15575687419123568,0,3,1,2,0,0
-0.30454472481558353,-0.9354478079889752,-1.0901071411802608,-0.3752514828325528,-1.5942550393257002,-0.35963669387403785,-0.3438123451044592,2,0,2,3,0,3
-0.6688953037936888,0.049213925751467845,0.7233485106287452,-0.6411853227611346,-0.4973490918846828,1.5421394623497948,1.57402435973947,1,1,1,4,0,2
-0.17931477023740983,-0.6014976938026902,-0.8886120687570378,-0.1565278052331242,-1.4375541896912691,-0.6112822229014464,-0.6014729807353189,2,0,0,2,0,3
0.6187496222775594,-0.4124229968001613,-1.0901071411802608,0.41765323820096695,-1.124152490422407,-0.5343046765352565,-0.5648977924357687,0,4,1,1,2,1
-0.2315861072852783,-0.7009460733949295,-1.2916022136034835,-0.1123310575207253,-1.5942550393257002,-0.7867306101933397,-0.774065293442156,2,4,0,1,0,1
0.7260579755821781,0.02343101252385026,0.3203583657822995,1.0859407089374526,-0.6540499415191139,-1.2137713806775776,-1.2489476821316186,2,4,2,3,2,1
-0.5935028885595675,0.1756729763440684,0.3203583657822995,-0.5729440375858824,1.2263602540940588,-0.1089813556683453,-0.07887131375800004,1,3,1,0,0,0
-0.7363225629062301,2.126580077233799,0.1188632933590766,-0.7367356779007243,-0.4973490918846828,-0.7364826217150607,-0.6983866136494188,0,3,1,1,0,0
-0.43585917365329746,-0.21966502647940125,-1.0901071411802608,-0.37248918610052784,0.4428560059219035,-0.46940522047463346,-0.4468134616195918,2,4,1,0,0,0
0.5305244555142258,-0.3461240770720018,-0.687116996333815,0.3679946764957006,-0.8107507911535449,-1.0434138049549602,-1.0689241136291194,2,0,0,3,2,3
-0.7280255252795843,0.20759467843540444,0.7233485106287452,-0.7246820194337064,-0.027246542981389666,-0.8315129691076821,-0.7937190094280508,1,2,0,1,0,0
-0.7108230006003387,0.16339539861663144,2.3353090900145284,-0.7421974918935916,-0.6540499415191139,-0.420091479833793,-0.383672930703144,1,2,0,0,0,0
-0.6311161258003616,-0.7684727508958328,-0.28412685148736916,-0.6167013290000045,-0.18394739261582072,-1.0103515012468072,-0.9772319157082872,1,3,0,2,0,0
-0.7657493896887339,1.5041068864527458,1.3278337278984138,-0.7739011248406961,0.1294543066530414,1.6937085868027288,1.7302986404529008,0,1,1,1,0,0
-0.7294636784682029,0.12287939211608952,0.7233485106287452,-0.7487265568965598,1.3830611037284897,0.5936625268602498,0.6297743563983782,0,3,1,2,0,0
0.6128310687705522,-1.3590242395855499,-1.4930972860267064,0.7169229773273951,-1.750955888960131,-0.10872681508988155,-0.13954500299491054,3,0,0,3,2,3
0.2574412904292242,-0.5843090849842786,-0.687116996333815,0.4561998335069511,-1.4375541896912691,-0.7397496919968816,-0.7518413686848293,0,0,1,4,0,3
-0.11697636086921119,-0.5106436186196569,-0.687116996333815,-0.20229403972508264,-0.967451640787976,2.5824272264867765,2.5851556652415173,0,4,0,2,0,0
2.5288383110997743,-1.1711773003557646,-1.6945923584499292,2.533886432287975,-1.9076567385945622,2.098777750211879,1.96847038870386,3,0,0,2,1,3
-0.7610477350336345,2.113074741733618,0.3203583657822995,-0.7751567142643436,0.4428560059219035,-1.1672603835490527,-1.1273851883584496,1,3,1,1,0,0
-0.3495699823361813,-0.8949318014884333,-0.08263177906414627,-0.3019878399627097,-1.5942550393257002,0.6379917476019422,0.6548618289717025,0,4,0,2,0,0
2.695774708147887,-1.3725295750857305,-1.2916022136034835,2.1428958857640827,-1.280853340056838,1.2264000562353627,1.0887354192308945,2,0,0,2,1,3
-0.771391375274853,-0.2110707220701954,1.5293288003216368,-0.7743405811389727,0.4428560059219035,-0.3184207002074022,-0.27906822741105297,1,3,1,0,0,0
2.409803477949496,-1.2472982822658736,-1.4930972860267064,2.889908813363279,-1.9076567385945622,0.7552062854099072,0.6325652678795308,3,4,1,2,3,1
0.8441524778014365,-0.8580990683061225,-0.687116996333815,0.9791528284562163,1.5397619533629208,-0.8240585664526714,-0.8656792676177709,2,4,0,1,2,1
-0.00330694538416389,-0.12758319352362418,-0.8886120687570378,0.0717383519860269,1.3830611037284897,-0.2666286853630572,-0.2661333723983033,2,4,0,1,0,0
-0.7142524428193523,-0.17301023111514088,-0.28412685148736916,-0.6928528275442374,1.0696594044596277,-0.6750292534859476,-0.6381235990749002,1,2,1,2,0,0
-0.5727049809087752,2.054142368641921,1.1263386554751909,-0.5589442155122105,-0.027246542981389666,-1.0595058043824563,-1.0292758496245964,1,3,1,0,0,0
1.7368584128443452,-1.3148249597667767,-1.6945923584499292,1.320924269573119,-1.750955888960131,0.2759315505055299,0.18786886372846143,3,0,1,3,3,3
-0.6776348500937557,1.6060107815904725,0.1188632933590766,-0.6996957899031172,1.0696594044596277,1.998348904836454,2.03011349364043,0,2,1,4,0,2
-0.6780773587671767,0.7416693095789115,0.7233485106287452,-0.6745840014301633,-0.34064824225025175,-0.01820547223004721,0.016064375884171804,1,2,1,3,0,2
-0.6440041909137514,0.7011533030783696,-0.08263177906414627,-0.6643509476274346,-0.34064824225025175,0.016826024524682525,0.049331817243096605,1,3,1,3,0,2
-0.7328378071030389,2.2027010591439082,0.3203583657822995,-0.7374262520837305,1.2263602540940588,-1.1733246030447615,-1.1348667308474654,1,3,1,3,0,2
0.17408371907352294,-1.117155958355042,-0.687116996333815,0.11411449503413662,-1.750955888960131,0.5221953644454186,0.5127600146685694,2,4,1,2,0,1
-0.6869275322355989,1.3776478358601454,0.5218534382055223,-0.7238658863083354,-0.34064824225025175,0.12438480324630717,0.15892607799798927,0,3,1,3,0,2
-0.6122541935957868,-0.36208492811766985,0.3203583657822995,-0.6465843572828197,-0.18394739261582072,-0.3597206083504543,-0.3283547743084454,1,3,0,4,0,2
-0.6680656000310241,-0.2159817531611702,-0.08263177906414627,-0.6350957140564433,-1.124152490422407,1.2126380821030354,1.2448867769161267,2,0,1,0,0,3
-0.1607294059537233,-0.8409104594877107,-0.687116996333815,-0.2924453603429873,-0.34064824225025175,-0.5674564890182536,-0.5586398928183693,2,1,1,2,0,3
0.1311050641674977,-0.1656436844786787,-0.8886120687570378,0.19108212670374028,0.4428560059219035,0.6770483420754565,0.6695930364192679,2,4,1,2,0,0
-0.03466974761288504,-1.0263018831720085,-0.08263177906414627,-0.061291347449446504,0.4428560059219035,0.6663576377799776,0.6672882296405382,2,0,0,4,0,3
-0.18672679051721341,-0.8482770061241729,-0.08263177906414627,-0.04452922864374976,-0.4973490918846828,1.0245549718120113,1.0327244239499838,2,4,0,2,0,0
-0.7513125442183702,1.2769716984951625,0.1188632933590766,-0.7637308505091497,0.7562577051907656,0.034045275085375436,0.07194965443169717,1,1,1,4,0,2
0.14908197902523024,-0.9575474478983617,-1.2916022136034835,-0.04760542273168667,0.5995568555563345,-0.9145827064617197,-0.9209862491917241,2,0,1,0,0,3
-0.05165101795542004,-0.036729118340590776,-1.0901071411802608,0.14029353451719098,-0.6540499415191139,0.28726839626941675,0.2895234143437786,2,0,1,0,0,3
-0.5566087279130824,1.9215445291856021,0.7233485106287452,-0.5395453589168536,0.28615515628747246,0.367401126948872,0.39506121516810716,1,2,1,2,0,0
-0.6337158642567106,-0.6383304269850011,1.1263386554751909,-0.6119300891901432,-0.027246542981389666,0.07980663622457837,0.11171525405404654,1,1,1,0,0,0
-0.276777305558409,-1.2067822757653317,-0.485621923910592,-0.26168341946361867,-1.9076567385945622,-0.22728398452051263,-0.21302503680599882,2,1,1,2,0,3
-0.5953282368374294,0.876722664580718,1.1263386554751909,-0.6247371013113499,1.2263602540940588,-0.612440242675996,-0.5816181179760077,1,3,1,1,0,0
1.7365265313392793,-1.0201630943082902,-1.2916022136034835,1.3155880145226162,1.3830611037284897,0.7997033351044329,0.7110125095119301,2,0,1,3,3,3
-0.6392472226744744,1.262238605222238,0.9248435830519681,-0.6390508207409336,0.7562577051907656,2.2200453572307666,2.249598147899967,1,3,1,4,0,2
-0.6110926083280565,1.4095695379514814,0.9248435830519681,-0.6120556481325081,-0.6540499415191139,1.8417253317540248,1.8703219380973977,1,3,1,1,0,0
0.37631018282696954,-0.20002090211550216,-0.8886120687570378,0.3969360127107799,-1.5942550393257002,-0.7943752189948949,-0.8124033097142861,2,0,1,2,2,3
-0.6230403425104264,0.43841313971121904,0.5218534382055223,-0.5787825284058441,0.9129585548251966,-0.4182341727557716,-0.3862515205901349,1,2,1,2,0,0
0.18824399662299843,-0.3006970394804851,-1.2916022136034835,0.19874122218799123,1.6964628029973519,1.0358414688900484,1.02505849691867,2,4,2,4,0,2
-0.444654033537542,1.3138044316774733,1.1263386554751909,-0.5318862634326027,0.4428560059219035,-1.2029520075182603,-1.1790128602019943,1,3,1,4,0,2
0.5578493660979792,-0.24299242416153147,-1.0901071411802608,0.8554772702269184,-0.6540499415191139,-1.2431834046616073,-1.2698278346943161,2,0,1,1,2,3
1.3747203772333454,-0.9207147147160508,-0.28412685148736916,1.3442154533817836,-0.027246542981389666,0.08599672743491192,0.016458288315445817,2,4,2,1,2,1
-0.6426213513093104,0.2849434181182572,0.9248435830519681,-0.6217864661657777,0.7562577051907656,0.7163259113368678,0.7479005927923502,0,2,1,4,0,2
-0.2445294859828457,-1.0766399518545,-1.0901071411802608,-0.15087765282670954,-1.9076567385945622,-0.6423669421153807,-0.6292256480564106,2,0,1,4,0,3
3.006968932731281,-1.3062306553575709,-1.2916022136034835,3.518645217254863,-1.124152490422407,0.8142485110166491,0.6613739557610586,3,4,1,3,1,1
0.5645423097834735,-0.5597539295294046,-0.8886120687570378,0.8698537691276843,-0.4973490918846828,-1.0532457844417755,-1.0804621160486996,2,0,0,3,2,3
0.017988784524226923,-0.3854123257998,-0.485621923910592,0.10519981012623789,-1.124152490422407,-0.8595795643198314,-0.8594297491159305,2,4,0,0,0,0
-0.6535734409764828,0.20759467843540444,0.1188632933590766,-0.6581985594515609,-0.34064824225025175,0.22963313671726024,0.2623602188170046,0,2,1,1,0,0
-0.5714880820568672,-0.4345226367095478,1.5293288003216368,-0.5872577570154661,-0.34064824225025175,0.5572911956320679,0.5854689858482279,1,1,1,1,0,0
0.5726734066575863,-0.8863374970792274,-0.8886120687570378,0.7866081903398421,-0.967451640787976,0.38468191479227054,0.3552844407250124,0,4,0,1,2,1
-0.7271405079327421,-0.2122984798429391,-0.485621923910592,-0.7343500579957936,0.1294543066530414,-1.00878509768703,-0.9708175686004528,1,3,1,1,0,0
0.30744477052580943,-1.1220669894460167,-1.4930972860267064,0.4346664748913931,0.4428560059219035,2.179685291223581,2.1614735115020896,2,0,1,3,2,3
-0.5693308522739393,1.3113489161319858,0.3203583657822995,-0.5988719591842073,-0.6540499415191139,-0.05998928718710199,-0.031160416585702656,1,3,1,1,0,0
0.28869346548959,-1.0717289207635252,-0.8886120687570378,0.42342894954974625,-0.8107507911535449,-0.016418093882372867,-0.03097882574859047,2,0,0,0,2,3
-0.7613796165387005,0.4912067239391979,0.3203583657822995,-0.7637936299803321,1.2263602540940588,-0.28723248647255417,-0.2484240752221003,1,2,1,0,0,0
0.24565949699938722,-0.15704938006947283,-0.485621923910592,0.47170636288900014,1.3830611037284897,-0.9879015816561445,-0.9990926587913899,2,0,1,4,0,3
-0.07294674786381085,1.6342492103635775,1.1263386554751909,-0.026637079356770135,0.1294543066530414,0.16968463476521872,0.17316000592238667,0,2,1,4,0,2
-0.5072690108266289,-1.1859103936286888,-0.8886120687570378,-0.5294378640564897,1.3830611037284897,-1.1362455930654658,-1.109226104647246,2,1,0,1,0,3
-0.7236004385453731,2.235850519007988,0.3203583657822995,-0.7191574259696566,1.0696594044596277,2.8371999683353115,2.8702532795074123,1,3,0,4,0,2
0.8913902786891397,-0.19265435547903997,-0.485621923910592,0.9340143886760817,-0.8107507911535449,1.78604807665159,1.7388278223867941,2,4,0,3,2,1
-0.6832768356798747,-0.7034015889404169,-0.08263177906414627,-0.6597680462311205,-0.4973490918846828,-0.4237221795134193,-0.38869042521780883,1,3,1,3,0,2
1.6867443055794047,-0.7119958933496228,-0.8886120687570378,1.257265885794181,0.5995568555563345,1.6525065788821625,1.5652800625062286,0,1,0,1,3,3
-0.5285647407350197,-0.7156791666678539,0.3203583657822995,-0.5971769134622829,0.28615515628747246,0.693179501591947,0.7190220622811639,1,1,1,4,0,2
0.30324093812830893,-1.1981879713561259,-1.0901071411802608,0.0925811364185786,-0.4973490918846828,-0.6289378287395057,-0.6434791319171121,0,1,0,3,2,3
2.305924566863891,-1.297636350948365,-1.4930972860267064,2.633894129881514,-1.5942550393257002,1.840156131045034,1.721425832781088,3,4,1,3,3,1
2.417768634071076,-1.3283302952669573,-1.0901071411802608,1.7972948969050546,-1.4375541896912691,-1.2029967619056823,-1.3236290091728327,2,4,0,1,3,1
-0.49648286191198937,-1.1318890516279663,-0.687116996333815,-0.5595092307528521,0.28615515628747246,-1.1350623989479913,-1.1085891398647607,2,4,1,2,0,0
-0.6868169050672436,2.275138767735786,1.5293288003216368,-0.6880188082631936,-0.4973490918846828,0.5858724662995723,0.6198399407557569,1,1,1,0,0,0
-0.10790493306407839,-0.7205901977588286,-0.08263177906414627,-0.17498496976074532,-1.280853340056838,-1.2443414244361568,-1.2373593930186841,2,0,1,2,0,3
-0.015420620319066722,-0.8937040437156896,-0.687116996333815,-0.007928796944419536,1.0696594044596277,0.011805141685754118,0.012569450696061907,2,4,1,4,0,2
-0.6862084556412896,0.852167509125844,0.1188632933590766,-0.718906308084927,-0.18394739261582072,-0.5440359586503718,-0.5087080000229324,1,3,0,0,0,0
-0.08140972624298956,-0.6383304269850011,-0.485621923910592,-0.23274208324853932,-0.34064824225025175,0.4848478281415896,0.4883625872762706,0,1,1,4,0,2
1.628554415024529,-0.13617749793283004,-0.28412685148736916,1.4506894365071084,-1.280853340056838,0.81417019083866,0.730914865259409,2,0,1,3,3,3
-0.663032063870859,2.2886441032359666,1.5293288003216368,-0.6426920300695118,1.3830611037284897,2.0599365362278337,2.090887756264048,1,3,1,3,0,2
0.6064700065901235,-0.08829494479582595,-0.485621923910592,0.4029628419442889,0.7562577051907656,0.10647745397899787,0.07571556902288228,2,1,0,0,2,3
-0.7019728271319166,0.6913312408964201,1.3278337278984138,-0.6788530054705655,-0.027246542981389666,0.17400063600224733,0.20924070840395478,1,3,1,3,0,2
0.1723689979640161,0.09464096334298454,-0.8886120687570378,0.15887625798717694,-0.6540499415191139,-0.08752722119782654,-0.09612523698882977,0,4,0,1,0,0
-0.32650421773410604,0.09709647888847193,-0.8886120687570378,-0.27392541634418377,-0.967451640787976,0.07233824782349821,0.08873982260159466,0,0,0,3,0,3
0.13956804254667643,-0.07356185152290161,-0.8886120687570378,0.30126009862882547,-1.124152490422407,2.1206262827215556,2.110966115438267,0,0,1,4,0,3
1.5654416154778432,-1.3307858108124448,-1.6945923584499292,1.0766493472024596,-1.124152490422407,-1.3944644227455107,-1.471812719666626,2,0,0,2,3,3
0.24189817327530774,-0.5032770719831947,-0.485621923910592,0.21387107474294592,0.4428560059219035,-1.0424655713714523,-1.0533994939086337,0,4,1,4,0,2
-0.30825073495548533,0.027114285842081344,-1.0901071411802608,-0.42453336771072475,-0.6540499415191139,0.4525071889306198,0.4675187528809954,2,4,2,1,0,0
0.28930191491554413,-1.0213908520810338,0.3203583657822995,0.16986266544409426,-0.34064824225025175,0.024431473237243376,0.009789714035654398,0,0,1,4,2,3
-0.7930743002724873,1.3739645625419143,2.536804162437751,-0.788905418453286,0.9129585548251966,-0.39573110733004485,-0.35518831262323164,1,3,1,3,0,2
-0.6851021839577368,0.007470161478182229,0.3203583657822995,-0.6770951802774587,0.28615515628747246,-0.3646967368019605,-0.3296454661045342,1,3,1,3,0,2
-0.6420129018833564,0.5169896371668155,1.5293288003216368,-0.6286922079958401,0.7562577051907656,0.5273644961926829,0.5591411081721693,0,3,1,4,0,2
-0.7086104572332332,0.6962422719873949,0.9248435830519681,-0.7276326545792785,0.9129585548251966,-0.5121260804183406,-0.4757059606567098,1,1,1,3,0,2
-0.5581575082700563,-0.11162234247795615,-0.28412685148736916,-0.5444421576690797,-0.6540499415191139,1.263465080468589,1.2901001016518372,2,4,1,4,0,2
-0.6719375509234589,-0.5634372028476358,-0.08263177906414627,-0.6914716791782248,-0.18394739261582072,-0.3069300112367515,-0.2726147684306098,1,1,1,2,0,0
2.5852028533767872,-0.24913121302524993,-0.485621923910592,2.2945710881407244,1.5397619533629208,-1.0179597471085817,-1.147276369285183,2,0,1,3,1,3
1.3082887626360016,-0.5695759917113542,-0.485621923910592,1.426331001688343,-1.5942550393257002,-0.33085123131391914,-0.3965211808551171,2,1,1,0,2,3
-0.726532058506788,0.7183419118967814,0.1188632933590766,-0.7236775478947882,0.28615515628747246,0.49384905431188036,0.5299357141541814,1,2,1,2,0,0
-0.6673465234367149,-0.1889710821608089,0.7233485106287452,-0.6548084680077122,0.5995568555563345,-0.47408485110946763,-0.4397956741915083,1,3,1,0,0,0
0.664549269976644,-1.0557680697178573,-0.8886120687570378,0.5250061339228449,-1.4375541896912691,-0.8167775870489216,-0.8493360922776878,2,4,1,2,2,1
-0.4319872227608628,-0.6518357624851817,-0.28412685148736916,-0.4937791244248952,-0.6540499415191139,1.0631276594715229,1.0836369072658258,2,4,1,1,0,0
-0.7466662031474486,0.2186444983900977,0.9248435830519681,-0.7327177917450516,-0.6540499415191139,-0.8517643294162291,-0.8130039563293491,1,2,1,4,0,2
-0.21930649159784252,-0.26754757961640535,-0.687116996333815,-0.3019250604915273,-0.8107507911535449,-0.5258181258203211,-0.5140942636221939,2,1,0,0,0,3
-0.6581644684632268,0.15480109420742558,0.1188632933590766,-0.6870143367242755,-0.18394739261582072,-0.21359193911853205,-0.18008725265906209,0,1,1,2,0,0
-0.012710254694362539,-0.36331268589041354,-1.2916022136034835,-0.05840349177505684,-0.8107507911535449,-0.5971174592823191,-0.5957402976929512,2,1,0,4,0,3
1.1488196994518696,-1.2509815555841046,-0.687116996333815,1.4174790962516268,-1.750955888960131,1.594071334654834,1.5340855503955675,3,4,1,0,2,1
2.6833291517079183,-1.2595758599933105,-1.2916022136034835,3.4659104614616596,-1.5942550393257002,0.3570684577527709,0.22110278062515018,3,0,0,3,1,3
0.35639729252301966,-0.2135262376156828,-1.2916022136034835,0.3162643922414155,1.2263602540940588,-1.103829430825721,-1.1204707680222605,2,1,2,2,2,3
-0.5382446179661065,-0.4639888232553965,2.1338140175913054,-0.500433748370228,0.28615515628747246,-0.4613354449925674,-0.43358247385709026,1,1,1,1,0,0
-0.025155811134331216,-0.6518357624851817,-0.8886120687570378,-0.02048469118089649,-0.027246542981389666,-0.6218778241236531,-0.6198415923354978,0,0,1,1,0,3
-0.34160482621460136,-1.1392555982644286,-0.687116996333815,-0.27179091432398267,1.6964628029973519,1.6437878647824744,1.6590172526234614,2,4,2,3,0,2
-0.719507233316228,1.4157083268152,0.7233485106287452,-0.694108416967885,1.3830611037284897,-0.8869328864824394,-0.8495009208836817,1,2,0,3,0,2
-0.7455046178797181,1.3260820094049102,0.9248435830519681,-0.744206434971428,0.9129585548251966,-0.7398308093240844,-0.7012669236965343,1,3,1,3,0,2
3.0894968003243184,-1.273081195493491,-1.2916022136034835,3.0759243864766854,-1.5942550393257002,0.42865310043458543,0.27208510657065055,3,0,1,4,1,3
-0.33103993163667245,-0.9747360567167734,-1.2916022136034835,-0.28811357683140265,0.28615515628747246,-0.8886615246966221,-0.8708476222124981,2,4,1,4,0,2
-0.6721034916759918,0.2395163805267405,-0.687116996333815,-0.701453615096224,1.3830611037284897,-0.6016320581135338,-0.5669455783373553,1,1,1,3,0,2
-0.5778491442372956,0.8411176891711508,0.1188632933590766,-0.5248549626601756,-0.34064824225025175,-1.1170068007723462,-1.086446232557838,0,1,1,2,0,0
-0.7333356293606377,0.3144096046641059,1.3278337278984138,-0.7287626850605614,-0.027246542981389666,-0.18124850275834856,-0.14398699424118946,1,2,0,2,0,0
1.9452246844415098,-1.1797716047649704,-1.0901071411802608,1.8166937535004113,-1.9076567385945622,-0.4464014653396209,-0.5440986573234748,3,0,0,1,3,3
1.9725495950252632,-1.1822271203104577,-1.2916022136034835,1.8741369696322936,-1.750955888960131,-0.38900955776907276,-0.48815750467222263,3,4,0,3,3,1
-0.6692824988829322,0.033253074705799815,0.1188632933590766,-0.6672388033018243,-0.027246542981389666,-0.46602066992582936,-0.431643642457771,1,3,1,4,0,2
1.6585343776488088,-0.9587752056711054,-0.8886120687570378,1.6979777734945218,-0.8107507911535449,0.6116453991563339,0.5271252467367242,2,0,0,4,3,3
-0.7540229098430744,-0.1901988399335526,1.3278337278984138,-0.756134534496081,1.2263602540940588,2.9876362473566207,3.022040869691583,1,3,0,0,0,0
0.5416977995181088,-0.6813019490310304,-1.4930972860267064,0.5794987149091549,-0.4973490918846828,1.470034549914197,1.4408651957378076,0,1,2,3,2,3
-0.727638330190341,-0.5241489541198375,-0.08263177906414627,-0.7528072225234148,1.3830611037284897,0.28796208927446076,0.32435812431223976,1,3,1,3,0,2
2.6083792451472183,-1.1760883314467394,-1.4930972860267064,2.7727623201369496,-1.5942550393257002,0.3027170513777185,0.17060376567688634,3,4,1,1,1,1
-0.6508630753517786,1.22295035649444,0.9248435830519681,-0.6288177669382048,0.1294543066530414,-0.5124813183685043,-0.47897738942991275,1,3,1,1,0,0
0.04719435697002009,-0.369451474754132,-1.2916022136034835,-0.02914825820406556,-1.280853340056838,0.0920329754384816,0.08953602857970139,2,0,0,4,0,3
-0.7867685516762365,-0.6371026692122574,1.1263386554751909,-0.787273152202544,-0.4973490918846828,-0.5023136809760225,-0.4619581374347355,1,3,0,1,0,0
-0.6901357201179019,1.8577011250029298,1.1263386554751909,-0.6593913694040262,1.2263602540940588,-0.15259170906206868,-0.11754736835767705,0,3,1,2,0,0
-0.6533521866397723,-0.896159559261177,1.9323189451680824,-0.6343423604022547,-0.4973490918846828,-0.676461393883458,-0.6426298455404651,1,3,1,3,0,2
3.197137035134003,-1.301319624266596,-1.6945923584499292,2.6598848309510217,-1.280853340056838,-1.0348041796746137,-1.195006822393785,3,4,0,4,1,1
1.5111789893995797,-0.9685972678530549,-0.687116996333815,1.1151959425084441,1.5397619533629208,-0.6485654247733558,-0.724091495068924,2,0,0,0,3,3
-0.7630390240640295,-0.21720951093391389,0.1188632933590766,-0.7710132691663063,0.9129585548251966,-0.15307561587607138,-0.11434857591931895,0,3,1,3,0,2
2.288556101432112,-1.2423872511748988,-1.2916022136034835,2.336131098063463,-1.750955888960131,0.4220434368421687,0.30593643231352025,3,0,0,1,3,3
-0.6916845004748757,1.4058862646332504,0.5218534382055223,-0.7284487877046494,0.28615515628747246,0.9424614395336207,0.9762357050822096,1,3,0,2,0,0
-0.6100416502286813,-0.22334829979763235,-0.687116996333815,-0.6218492456369602,-0.8107507911535449,-0.5236922924177664,-0.49223631424427766,2,1,1,4,0,2
-0.30039620600226064,-0.8519602794424039,-1.0901071411802608,-0.3801482815847788,-1.280853340056838,-0.22554695485868834,-0.21009723377071565,0,1,2,0,0,0
-0.6195555867072351,1.05351978385581,0.3203583657822995,-0.6673015827730067,0.4428560059219035,-0.14694706194844342,-0.1154744391094135,0,3,1,0,0,0
-0.5202123895241964,1.1885731388576164,0.1188632933590766,-0.4808465533613239,-0.34064824225025175,-0.7610108231716421,-0.7337996205914521,1,3,1,4,0,2
0.5545858646314985,-0.1656436844786787,-0.8886120687570378,0.5135174906964683,-1.5942550393257002,-0.9910539688201959,-1.0178440080020972,2,4,1,3,2,1
0.24704233660382818,-0.8924762859429459,-0.8886120687570378,0.1475759531743476,-0.027246542981389666,2.0848815129172844,2.069837187684984,2,0,1,2,0,3
-0.2702503026254476,-0.07847288261387639,0.1188632933590766,-0.36156555811479285,-0.18394739261582072,0.8248329236420002,0.8374667810663784,0,1,1,0,0,0
-0.6945054932679354,0.5857440724404623,0.9248435830519681,-0.7042786912994313,1.3830611037284897,2.20198136760748,2.2343473112877423,1,3,1,2,0,0
-0.7541888505956074,0.27757687148179505,0.5218534382055223,-0.7469059522322705,1.3830611037284897,-0.1033842600913559,-0.06516539611382079,1,2,1,1,0,0
-0.1393783624611547,-0.719362439986085,-0.8886120687570378,-0.035740102678215854,-0.967451640787976,1.1072275139776766,1.1129037627979133,2,4,1,1,0,0
1.1487090722835145,-0.4873162209375267,-0.28412685148736916,1.3989591522528233,0.5995568555563345,-0.5133680146693067,-0.5707533985063352,2,0,0,0,2,3
1.6820426509243052,-1.1699495425830209,-1.4930972860267064,1.8723791444391866,-1.750955888960131,-1.300158536999286,-1.383512079842009,2,4,1,2,3,1
0.8778937641497958,-1.0987395917638865,-1.0901071411802608,1.039672238676035,1.5397619533629208,0.8306985455435226,0.7853362422892928,2,0,2,0,2,3
-0.3938208496782922,1.9473274424132196,1.9323189451680824,-0.45002183301077303,1.2263602540940588,-0.951765210961929,-0.9307027558298111,1,2,1,0,0,0
0.07031543515627305,-0.5941311471662281,0.1188632933590766,0.1736294337150373,-1.4375541896912691,-1.2900636254863653,-1.2920266161049658,2,4,2,4,0,2
-0.7108230006003387,2.0725587352330765,2.536804162437751,-0.7103055205329403,1.3830611037284897,-0.8035778399085854,-0.7666871180450348,1,1,0,0,0,0
-0.0004306390069267855,-0.9464976279436684,-1.2916022136034835,-0.022054177960456108,-0.967451640787976,2.266643065984922,2.2638739814021593,2,1,2,2,0,3
-0.5685564620954523,1.5348008307713383,1.1263386554751909,-0.5098506690475857,-0.027246542981389666,-0.5444387481371715,-0.5150525045011083,0,1,0,3,0,2
0.30722351618909893,-0.7697005086685764,0.1188632933590766,0.36849691226515957,-0.027246542981389666,-0.6481514466897005,-0.6628702396154911,2,4,0,3,2,1
-0.6972711724768172,0.43350210862024424,0.3203583657822995,-0.693292283842514,-0.6540499415191139,-0.8348947225072723,-0.7986498990819392,1,3,1,1,0,0
-0.7110995685212269,2.212523121325858,1.1263386554751909,-0.6919111354765015,-0.6540499415191139,-1.0112214146523264,-0.9740610603217924,1,3,1,1,0,0
1.4498362245465788,-0.5241489541198375,-0.8886120687570378,1.915006405372026,0.9129585548251966,-1.1184165639761454,-1.1902659046925677,0,4,1,3,3,1
-0.7203369370788927,1.660032123591195,0.7233485106287452,-0.7109960947159465,1.0696594044596277,1.207007420735479,1.2419030997771165,0,2,1,4,0,2
-0.6730991361911892,-0.6432414580759759,-0.687116996333815,-0.7147000835157071,-0.8107507911535449,-0.6959994811424638,-0.66114652351552,2,0,1,3,0,3
0.08076970256584666,-0.6997183156221858,0.1188632933590766,0.3027040264660204,-0.34064824225025175,-0.6247085391281074,-0.628018767415912,2,4,1,2,0,0
-0.5930050663019687,1.2045339899032845,0.3203583657822995,-0.6128090017866967,-0.027246542981389666,0.0013466007750278452,0.03129565656009216,1,3,1,1,0,0
-0.40040316619543115,-0.5523873828929425,-0.485621923910592,-0.44355554747898734,1.5397619533629208,0.043376564862904775,0.06354618923118947,0,0,1,3,0,2
-0.6553987892543449,-0.13617749793283004,0.5218534382055223,-0.6214097893386834,-0.18394739261582072,2.4310231338374617,2.4611319171991837,1,1,1,3,0,2
-0.7356034863119209,-0.2945582506167666,0.1188632933590766,-0.7600896411805714,0.1294543066530414,-1.0413718860288221,-1.0029367971277923,1,2,1,1,0,0
1.2626550556894496,-1.1503054182191217,-1.0901071411802608,1.143070027713423,-0.18394739261582072,-1.351930971799134,-1.4140388964131354,2,0,0,1,2,3
-0.7619880659646544,0.7293917318514747,0.3203583657822995,-0.7466548343475411,-0.18394739261582072,-0.4177306858972718,-0.37873086622851043,0,2,1,0,0,0
-0.6399662992687838,0.043075136887749374,0.7233485106287452,-0.6686827311390191,1.2263602540940588,-0.7890130839518721,-0.7557190314834678,0,1,1,1,0,0
2.278378401943427,-1.3209637486304953,-1.0901071411802608,2.380704522602956,-1.4375541896912691,0.24728594540610555,0.13190815514090504,3,4,0,2,3,1
-0.7341653331233023,1.2806549718133935,0.3203583657822995,-0.7168345855359083,0.5995568555563345,-1.0696846303717935,-1.0312873173587604,1,3,1,2,0,0
-0.6281845058389467,0.7023810608511133,-0.28412685148736916,-0.6000647691366726,1.3830611037284897,-0.25119401600082475,-0.21915721969001287,1,3,1,3,0,2
-0.7516444257234359,-0.4345226367095478,0.9248435830519681,-0.7524933251675029,-0.34064824225025175,-0.40291138936209464,-0.3644522390211317,0,3,1,2,0,0
-0.46146936312754416,1.2119005365397466,0.9248435830519681,-0.4066412184237452,-0.18394739261582072,-0.44241832485904486,-0.4185663084805181,1,3,1,4,0,2
-0.5139619545121231,-0.3706792325268757,0.5218534382055223,-0.4971692158687439,1.2263602540940588,-0.7259485577755596,-0.699096214766749,1,2,1,4,0,2
0.6903807137876012,-0.07356185152290161,-1.2916022136034835,0.563552729228829,1.0696594044596277,-0.8139133062539006,-0.847779998488897,0,4,1,4,2,2
1.3059655921005409,-0.20738744875196433,-0.8886120687570378,1.1144425888542555,-0.6540499415191139,-0.86983111618873,-0.9347201038877666,2,0,1,3,2,3
-0.680013334213394,1.949782957958707,0.7233485106287452,-0.6876421314360993,0.1294543066530414,-0.32373248656457493,-0.2889886745277426,1,3,1,2,0,0
1.8279045724007381,-1.3713018173129867,-0.687116996333815,1.9476517303868661,-1.280853340056838,0.7117106151339532,0.6185129307922459,3,0,0,4,3,3
0.3874282132466748,-0.10916682693246875,0.3203583657822995,0.45306085994783185,-0.6540499415191139,0.2553445322913162,0.23546242528293254,2,0,1,0,2,3
-0.4797228459061649,0.3794807666195217,0.5218534382055223,-0.4482012283464838,0.9129585548251966,0.5686224470975267,0.5921515286539509,1,3,1,2,0,0
-0.6453870305181924,1.141918343493356,1.1263386554751909,-0.677785754460465,1.0696594044596277,-0.51224076353611,-0.4790137075973352,1,2,1,4,0,2
-0.6858765741362237,-0.45171124552795955,1.3278337278984138,-0.6874537930225522,0.5995568555563345,-0.8240557693034574,-0.7883997947532614,1,3,1,4,0,2
-0.6843277937792499,-0.6150030293028709,1.9323189451680824,-0.6693733053220253,0.4428560059219035,-1.0550135827449525,-1.0191514620293038,1,1,1,4,0,2
1.839409797909687,-0.24422018193427517,-0.687116996333815,1.5675220323775263,-1.4375541896912691,-0.9606993055510864,-1.0524189033882287,0,4,1,2,3,1
-0.6879784903349739,0.7220251852150125,0.7233485106287452,-0.6968079342287276,-0.18394739261582072,0.7517350232354726,0.7855569449990135,1,3,1,0,0,0
-0.6488717863213835,-0.5216934385743501,1.9323189451680824,-0.6692477463796607,0.7562577051907656,0.626193372217764,0.658194719259005,1,2,1,4,0,2
-0.32235569892078314,-0.018312751749435356,-0.8886120687570378,-0.38215722466261504,-0.18394739261582072,-0.05759772460922794,-0.041245692308386296,2,4,1,4,0,2
0.4107705457696383,-0.07233409375015791,-0.687116996333815,0.1582484632753531,-0.4973490918846828,1.5759821706886223,1.5532950672568344,0,4,1,1,2,1
-0.6470464380435215,2.0394092753689965,-0.08263177906414627,-0.6182080363083817,0.7562577051907656,-0.4842944457401578,-0.45101798792503206,1,2,1,2,0,0
0.14382718852835463,-0.1410885290238048,-1.4930972860267064,0.016429637874345905,-1.750955888960131,-0.6136542054348232,-0.6201628684319268,2,4,1,3,0,1
2.6500856876171577,-0.7856613597142444,-0.687116996333815,3.4288705734640526,-0.6540499415191139,-0.05025241077355873,-0.18403755179254527,2,0,1,4,1,3
-0.5927838119652581,-0.09443373365954442,1.3278337278984138,-0.5708723150368636,-0.6540499415191139,-0.7037335987188633,-0.6729275782863114,1,3,1,4,0,2
-0.6885869397609281,-0.5523873828929425,0.7233485106287452,-0.6828708916262382,0.5995568555563345,-0.019433420734944012,0.015368743292773454,1,1,1,0,0,0
-0.6563944337695424,-0.4750386432100897,2.536804162437751,-0.6944850937949792,-0.027246542981389666,2.920546623461524,2.9501029611433536,1,3,1,2,0,0
-0.6961649007932645,1.0044094729460622,0.9248435830519681,-0.6713822483998616,0.28615515628747246,1.1664739314770323,1.2001986687554482,1,3,0,0,0,0
-0.32921458335881026,0.08972993225200976,-0.28412685148736916,-0.3446151008955489,0.9129585548251966,-0.8088085089385555,-0.7911851188240414,0,1,1,2,0,0
-0.5217611698811702,-0.6690243713035935,-0.8886120687570378,-0.5912756431711388,0.5995568555563345,-0.8510566506651156,-0.8236563542048597,0,4,1,3,0,2
-0.475408386340309,0.22355552948107246,1.7308238727448595,-0.4322552426661581,1.3830611037284897,0.9690175741702703,0.9918357548427266,1,3,1,0,0,0
1.8025709508473797,-1.1674940270375334,-1.2916022136034835,1.9047733515692973,-1.5942550393257002,-0.20026911741278505,-0.2910643974811925,3,4,0,0,3,1
-0.7387563606100462,2.0762420085513074,0.3203583657822995,-0.7448342296832519,1.3830611037284897,-0.9678907761799916,-0.9293869206870454,1,1,1,1,0,0
0.498663831027906,-0.8188108195783242,-0.28412685148736916,0.28669526131451223,-0.967451640787976,2.3852114240124087,2.3570887486495464,2,4,1,2,2,1
-0.4863604760074815,0.6299433522592354,-0.08263177906414627,-0.5620831890713298,0.9129585548251966,0.3497706954537378,0.3739044857919618,1,3,1,3,0,2
-0.6657977430797409,1.2769716984951625,1.1263386554751909,-0.7000096872590291,0.4428560059219035,1.622677779665264,1.6543070656792938,1,3,1,2,0,0
-0.7335015701131706,-0.8556435527606351,0.3203583657822995,-0.7614080100754014,0.7562577051907656,1.7078425817805032,1.7427865026358365,1,3,1,2,0,0
0.11821699905410801,-0.9796470878077482,-0.485621923910592,0.13439226422604683,0.1294543066530414,-0.35240886030535196,-0.35794569964214823,2,4,1,1,0,0
0.5797535454323242,-0.4603055499371654,-0.485621923910592,0.7730478245644472,-1.5942550393257002,0.0059255340381622655,-0.023363185410630545,2,4,1,4,2,1
-0.719673174068761,0.5710109791675381,0.3203583657822995,-0.7506099410320313,-0.4973490918846828,1.9341347503332336,1.9681016196192627,1,1,1,0,0,0
-0.41489532524997247,-0.10548355361423767,0.9248435830519681,-0.436963703004837,0.5995568555563345,-1.0204128469691616,-0.9982014668369478,1,1,1,4,0,2
-0.7139205613142865,0.35738112671013517,0.5218534382055223,-0.6868259983107283,-0.6540499415191139,0.21772846966295425,0.25351814190224153,1,3,1,0,0,0
0.26607020956093586,-0.20738744875196433,-0.8886120687570378,0.07475176660278131,0.1294543066530414,-0.26604967547578234,-0.2791604196822021,0,4,0,4,0,2
-0.00917018530699359,-0.3448963192992581,-0.08263177906414627,-0.03919297359324709,1.0696594044596277,-1.260329929342739,-1.2583149756214131,0,4,0,2,0,0
-0.7405817088879082,0.6581817810323404,0.1188632933590766,-0.7346011758805232,0.1294543066530414,-0.7655897564347763,-0.7272427945191143,1,1,1,4,0,2
-0.7397520051252438,-0.8298606395330175,0.3203583657822995,-0.7548161656012511,1.0696594044596277,-0.6373684364701632,-0.5992212543551296,1,1,1,1,0,0
0.5657592086353815,-1.3000918664938526,-1.6945923584499292,0.5721535167808157,-1.124152490422407,2.328127202855388,2.2966860488157113,3,0,0,4,2,3
0.3415732519634125,-1.2313374312202057,-0.08263177906414627,0.28242625727411,-1.5942550393257002,1.509197436057839,1.4900874874159147,2,0,0,3,2,3
0.6781010981001654,-0.502049314210451,-0.8886120687570378,0.5180376126216001,-0.18394739261582072,0.48497090270700083,0.4501251443908487,0,4,1,1,2,1
0.5436890885485037,-0.5879923583025096,-0.687116996333815,0.8173701312192109,1.3830611037284897,-0.819233484058715,-0.8456847195991427,2,4,1,3,2,1
-0.648042082558719,1.4623631221794602,1.9323189451680824,-0.6232931734741549,0.5995568555563345,-0.5209538833373704,-0.4875820014038368,1,3,1,2,0,0
0.653707807477827,-0.602725451575434,-0.687116996333815,0.9711170561448709,-1.9076567385945622,0.6156649025766905,0.5818902495045278,0,1,0,4,2,3
-0.6044549782267398,1.3506371648597841,1.1263386554751909,-0.5831143119174287,1.2263602540940588,-1.0516765837327844,-1.0198526820310752,1,3,1,0,0,0
-0.7151374601661945,-0.22825933088860711,1.5293288003216368,-0.7129422583226004,1.2263602540940588,0.3515804509951232,0.3872667776982212,1,2,1,3,0,2
-0.5778491442372956,1.3506371648597841,2.536804162437751,-0.6357862882394496,1.3830611037284897,-1.3517323742049479,-1.3208827969746613,1,1,0,0,0,0
-0.7409689039771518,0.8055127137615837,0.5218534382055223,-0.7425113892495037,0.9129585548251966,0.12075130641746683,0.15802650492798828,0,3,1,2,0,0
0.6904360273717789,-0.2798251573438423,-1.2916022136034835,0.47358974702447176,1.5397619533629208,-1.2010751203957415,-1.2344679081508234,2,4,1,1,2,1
-0.7184009616326752,1.9681993245498624,0.9248435830519681,-0.744206434971428,1.0696594044596277,0.4761403026387571,0.5118380919570774,1,3,1,1,0,0
1.0738144793069917,-0.20370417543373323,-0.28412685148736916,0.7898099433701437,-0.967451640787976,2.765128621690281,2.7074892216461155,0,0,2,0,2,3
0.013121189116594757,-1.1760883314467394,-0.687116996333815,0.15134272144529065,0.4428560059219035,1.1689074512931148,1.166805510663138,0,0,0,4,0,3
-0.6259719624718412,1.6256549059543717,1.9323189451680824,-0.5788453078770265,-0.027246542981389666,-0.201141827967518,-0.16927840729311636,1,2,1,1,0,0
-0.6538500088973711,1.6060107815904725,0.9248435830519681,-0.6286922079958401,0.28615515628747246,-0.7973290085647603,-0.7633234970006826,1,2,1,0,0,0
0.5973432652008133,-1.0705011629907817,-0.485621923910592,0.8537822245049937,-0.6540499415191139,0.07610880496381899,0.04584527317054565,2,4,0,2,2,1
-0.7548526136057391,0.032025316933056124,0.3203583657822995,-0.7774167752269097,0.7562577051907656,-0.4258396214683322,-0.38719020553274486,1,3,1,3,0,2
-0.720115682742182,1.596188719408523,1.1263386554751909,-0.7441436555002456,0.28615515628747246,-1.1802335616030641,-1.1424097348505806,1,3,1,0,0,0
-0.7538016555063639,0.036936348024030896,0.5218534382055223,-0.7606546564212129,1.0696594044596277,-0.04381896758161698,-0.005693000107036365,1,1,1,1,0,0
-0.657224137532207,-0.041640149431565555,1.7308238727448595,-0.693292283842514,0.1294543066530414,-0.48188610026700057,-0.44809856600530773,1,2,1,2,0,0
-0.5990342469773313,0.4691070840298114,0.9248435830519681,-0.5564958161360977,-0.4973490918846828,-0.6350244254289255,-0.603987315403024,1,2,1,1,0,0
-0.24469542673537864,-0.4026009346182117,-1.0901071411802608,-0.3275390847339403,1.5397619533629208,-1.3295705609833155,-1.3155747571206173,2,4,1,2,0,0
1.5721898727475152,-0.1214444046599057,-1.0901071411802608,2.036547461581123,-0.967451640787976,0.958094706490039,0.8775089575021753,2,1,1,0,3,3
0.2844896330920895,-0.45416676107344695,-0.485621923910592,0.48143718092226984,0.9129585548251966,0.5613526562906327,0.5462928580201963,0,4,2,1,2,0
-0.015309993150711545,-0.719362439986085,-1.0901071411802608,-0.11195438069363106,1.0696594044596277,-0.9062388103566925,-0.9043497348070753,0,4,0,2,0,0
-0.7132567983041548,1.454996575542998,0.5218534382055223,-0.733094468572146,0.5995568555563345,-0.3050531241142328,-0.268653294476381,0,2,1,1,0,0
-0.5355895659255798,-0.35471838148120766,-0.485621923910592,-0.5084067412103909,-0.4973490918846828,2.4493780269789935,2.4734130451983294,2,4,0,1,0,0
-0.5926178712127251,0.11919611879785844,1.5293288003216368,-0.5391059026185769,0.5995568555563345,-1.0161555858656244,-0.9849732727796325,0,3,1,1,0,0
-0.20448245103823537,-0.36085717034492615,-0.8886120687570378,-0.32144947602924895,-0.027246542981389666,-0.8807232152276088,-0.8693110843600116,2,0,1,0,0,3
1.5496772439872164,-1.2399317356294115,-0.8886120687570378,1.5937638513317631,-1.124152490422407,-0.6202666661764538,-0.6977719985084243,2,4,0,3,3,1
-0.43137877333490876,-0.27245861070738014,-0.28412685148736916,-0.48166268648669486,-1.4375541896912691,1.8586956360346816,1.878194599312501,2,0,1,0,0,3
1.4091254265918367,-1.3430633885398817,-1.4930972860267064,1.1711952308031313,-1.4375541896912691,-0.6647049757374879,-0.7350567879253046,3,4,0,2,3,1
2.0777007185469536,-1.1662662692647898,-1.6945923584499292,2.1531917190379937,-1.4375541896912691,0.16876157552463575,0.06361603186084795,3,4,1,0,3,1
-0.6683421679519124,1.9240000447310894,0.3203583657822995,-0.6729517351794213,0.1294543066530414,2.6014674211857103,2.632020069742354,1,2,1,3,0,2
-0.7505381540398832,-0.7856613597142444,0.5218534382055223,-0.7479104237711888,1.3830611037284897,0.48242549692236286,0.5197386902240441,0,3,0,1,0,0
0.21838989999981137,-0.4774941587555771,-0.8886120687570378,0.29987895026281297,1.6964628029973519,0.6424364177028099,0.6306152616594664,2,0,2,0,0,3
-0.03278908575084531,-1.1196114739005294,-0.485621923910592,-0.04170415244054251,0.9129585548251966,-1.1098377073371517,-1.1068151370714354,0,0,0,3,0,3
-0.1341788855484567,-0.8224940928965553,-1.2916022136034835,-0.1235685828623722,0.9129585548251966,-1.3076353168480082,-1.2992483440116522,2,1,1,1,0,3
-0.5591531527852538,-0.8016222107599125,-0.8886120687570378,-0.5295634229988545,0.7562577051907656,-1.1819621998172467,-1.1522659267479844,2,0,2,1,0,3
-0.8143700301808781,1.205761747676028,1.9323189451680824,-0.8112549101942149,-0.34064824225025175,-1.067754597414211,-1.0253087882599952,1,3,0,3,0,2
-0.6532415594714169,1.419391600133431,0.7233485106287452,-0.6249882191960794,1.3830611037284897,-0.36319746482331683,-0.3297572143119877,1,3,1,4,0,2
-0.6672912098525372,0.8091959870798148,0.7233485106287452,-0.6531762017569701,-0.18394739261582072,-0.03938828322681879,-0.0056371260033093815,1,1,1,1,0,0
-0.795729352313014,-0.3117468594351784,1.5293288003216368,-0.8079275982215485,-0.6540499415191139,0.4212042920780024,0.46087532194788133,1,1,0,3,0,2
-0.037324799653411636,-0.42592833230034194,-0.485621923910592,0.015111268979515775,1.0696594044596277,0.5300553537364429,0.5312878674643695,0,0,0,3,0,3
3.5206108754048335,-1.2669424066297728,-1.0901071411802608,2.698054749429911,-1.124152490422407,-0.1640460350929391,-0.34165839840579176,3,4,1,2,1,1
1.5360147886953395,-0.35962941257218245,-1.0901071411802608,1.628669237309169,1.5397619533629208,2.3338781416391416,2.2534255240052516,2,1,1,2,3,3
0.05869958247896882,-1.1908214247196636,-0.8886120687570378,0.09597122786242733,-1.750955888960131,1.4953487502998808,1.4905428613612877,2,4,0,1,0,1
-0.6706100249031955,1.7840356586383082,0.3203583657822995,-0.6634092555596988,-0.18394739261582072,-0.28519336469563,-0.25097193435204146,1,2,0,4,0,2
-0.44819410292491085,-0.8887930126247148,0.9248435830519681,-0.4953486112044548,-1.9076567385945622,-0.9949252233322166,-0.9710634146568506,2,4,1,3,0,2
0.4790828222290219,-0.04286790720430925,0.3203583657822995,0.5376248076305041,-1.124152490422407,-1.2112315691913678,-1.233937104165419,2,0,1,4,2,3
-0.6967733502192185,-0.07233409375015791,0.3203583657822995,-0.7103055205329403,-0.027246542981389666,-0.11977555448473803,-0.08443637448918735,1,3,1,2,0,0
-0.027313040917259043,-1.1797716047649704,-1.0901071411802608,-0.027076535655046783,1.3830611037284897,-0.26957967778370884,-0.26786826331901986,2,1,1,0,0,3
-0.7028025308945811,-0.5008215564377073,0.1188632933590766,-0.735228970592347,-0.18394739261582072,-0.5739346865976176,-0.5377318032038083,0,3,1,0,0,0
-0.09828036941716939,-0.034273602795103386,-1.2916022136034835,-0.2208767631950686,1.0696594044596277,1.0144348859561654,1.0181496639928533,0,4,1,3,0,2
-0.5897968784196655,1.877345249366829,0.1188632933590766,-0.6224142608776017,1.3830611037284897,-0.5753388555029892,-0.544841782903041,1,3,1,3,0,2
-0.47623809010297363,0.9086443666720541,0.5218534382055223,-0.4966042006281025,1.0696594044596277,2.822822621375929,2.8434001852563218,1,2,1,4,0,2
-0.4861945352549486,-0.08092839815936378,-0.08263177906414627,-0.4470084183940185,0.9129585548251966,-0.9188511561621122,-0.8931637392409739,0,1,1,2,0,0
-0.6594366808993125,0.6348543833502102,0.3203583657822995,-0.6252393370808089,0.28615515628747246,0.7898126154841258,0.8221461018244953,1,3,1,2,0,0
0.8474712928520947,-0.43943366780052256,0.1188632933590766,1.1352225938156248,-1.280853340056838,0.32193346647712734,0.2787341249141374,2,4,1,2,2,1
0.45496609952757155,-0.413650754572905,-0.687116996333815,0.6905555994307936,1.3830611037284897,-0.8134741538273201,-0.8354513775015828,2,4,0,1,2,1
-0.6545690854916804,-0.10671131138698137,0.9248435830519681,-0.6804224922501251,0.5995568555563345,0.6403497443892496,0.6726214128412594,1,3,1,1,0,0
-0.33469062819239653,-0.18160453552434674,-0.687116996333815,-0.4387843076691261,-0.8107507911535449,-1.1799370637863922,-1.1615801398392387,0,1,0,4,0,2
-0.7364331900745853,0.8251568381254828,0.3203583657822995,-0.7257492704438069,1.3830611037284897,-0.49602848669241684,-0.45822295360060034,1,3,1,1,0,0
3.3031178624183593,-1.2522093133568484,-0.687116996333815,2.89336168427831,-1.124152490422407,-1.0856787295768036,-1.2511714714599445,3,4,0,2,1,1
-0.7432367609284349,0.08481890116103499,0.7233485106287452,-0.7401885488157554,0.9129585548251966,-0.023038946071645118,0.014527838031685354,0,3,1,1,0,0
-0.7570098433886671,-0.7132236511223665,0.7233485106287452,-0.7409419024699441,-0.4973490918846828,1.1458253759801131,1.1826486127748668,0,2,1,2,0,0
-0.5223143057229466,-0.37681802139059417,-0.485621923910592,-0.5757691137890897,1.0696594044596277,-1.3330977661420278,-1.3050760130303554,0,1,1,0,0,0
0.1124090727154559,-0.3006970394804851,-0.8886120687570378,0.006133804600434709,0.7562577051907656,-1.0336181884079254,-1.038022940563024,0,0,2,4,0,2
-0.771391375274853,1.2646941207677254,-0.28412685148736916,-0.7914793767717637,-0.18394739261582072,-1.3100884167085876,-1.2695149397134462,1,2,1,4,0,2
-0.3429323522348647,2.054142368641921,1.5293288003216368,-0.2806428197606989,0.4428560059219035,-0.17908350926679928,-0.16154263763214377,1,2,1,4,0,2
-0.1080708738166113,-0.26018103297994316,-1.0901071411802608,0.012286192776308531,-1.280853340056838,-1.078165586788301,-1.0713797804879115,2,4,0,1,0,0
-0.5593744071219643,0.6336266255774664,0.7233485106287452,-0.594916852499717,-0.027246542981389666,-0.3542745588310151,-0.32558621246878344,1,3,1,1,0,0
-0.3839750316946725,1.8822562804578038,1.5293288003216368,-0.3799599431712316,-0.4973490918846828,1.1798974505544793,1.1978379878729917,1,1,1,0,0,0
-0.7666344070355761,0.8006016826706089,0.1188632933590766,-0.7765378626303562,0.5995568555563345,1.7500487662688549,1.7866141495991226,1,3,1,2,0,0
-0.6521352877878642,-0.42715609007308564,-0.687116996333815,-0.647777167235285,-0.6540499415191139,-1.1284611268032163,-1.0941345092306427,1,3,1,1,0,0
-0.7357694270644538,0.9331995221269279,1.3278337278984138,-0.7172112623630026,-0.34064824225025175,0.4626804206215294,0.49927200602892446,1,3,1,2,0,0
-0.6222106387477618,-0.46767209657362757,0.7233485106287452,-0.5843699013410765,-0.18394739261582072,-1.092369510496423,-1.05959872571712,1,2,1,1,0,0
-0.7880407641123222,0.2849434181182572,0.1188632933590766,-0.7818741176808589,1.2263602540940588,1.9772192396747463,2.014586080214758,1,3,0,2,0,0
0.039782336690216503,-0.18283229329709041,-0.687116996333815,-0.14271632157299954,-1.280853340056838,-1.2485063796156355,-1.248978412888668,2,0,1,0,0,3
-0.5999192643241734,0.6201212900772858,0.1188632933590766,-0.5770247032127374,1.3830611037284897,0.37982606375696126,0.4096583247667284,1,2,1,3,0,2
0.23570305184741222,-0.26631982184366165,-0.485621923910592,0.45243306523600807,-0.027246542981389666,-0.4436434762147276,-0.4550018115207514,0,4,0,0,0,0
-0.051982899460485885,-0.6395581847577448,-0.485621923910592,0.03978360115419303,1.2263602540940588,0.5395936325558001,0.5415547340241653,2,0,1,4,0,3
2.6139659171491596,-1.2571203444478232,-1.0901071411802608,2.5593121181168415,-1.9076567385945622,0.8319628569882,0.6989157660550821,3,4,0,4,1,1
-0.6623683008607274,-0.7242734710770597,0.1188632933590766,-0.6561268369025421,0.4428560059219035,0.7856364717077919,0.8181231663561672,0,1,0,2,0,0
-0.06680694002009306,-0.4050564501636991,-0.687116996333815,-0.23286764219090406,1.6964628029973519,-0.3250415523966745,-0.32126714425070335,2,1,1,2,0,3
0.2118075834826724,-0.2822806728893297,-0.485621923910592,0.012348972247490859,-1.4375541896912691,-0.13414450999647923,-0.14467703942221527,0,0,2,4,0,3
3.388245468467744,-1.32587477972147,-1.0901071411802608,3.156847124830779,-1.9076567385945622,-0.7815502898492196,-0.9517170062414531,3,4,0,2,1,1
-0.6359284076238161,-0.57817029612056,0.7233485106287452,-0.6126206633731496,-0.027246542981389666,0.7691025227045014,0.8002741839206475,1,1,1,4,0,2
-0.4409480233976402,-0.5806258116660474,1.7308238727448595,-0.3979148719293937,-0.34064824225025175,-0.5462177350372042,-0.5232743788645039,1,2,1,4,0,2
-0.5771300676429864,1.2610108474494943,0.3203583657822995,-0.5718767865757818,1.2263602540940588,-1.3607867462103023,-1.329962338830263,1,3,1,2,0,0
-0.7837263045464663,1.157879194539024,1.9323189451680824,-0.7857036654229843,-0.34064824225025175,-0.7383343344946544,-0.6978418411380828,1,2,1,3,0,2
2.9244410651382453,-1.350429935176344,-1.2916022136034835,2.5715541149974057,-1.124152490422407,-0.7530753108518426,-0.8998518694570695,3,0,0,3,1,3
-0.7072829312129699,0.9479326153998523,2.536804162437751,-0.6832475684533325,-0.6540499415191139,-1.3717627597255977,-1.3343512496780017,1,2,1,2,0,0
-0.5473160457712392,0.5832885568949749,1.7308238727448595,-0.49585084697391385,1.0696594044596277,-0.6283504274045892,-0.5999336491776461,1,3,0,1,0,0
-0.6654105479904976,1.9080391936854213,0.9248435830519681,-0.6695616437355726,-0.027246542981389666,-0.23095664143834724,-0.19706459907644408,1,3,1,4,0,2
-0.7075041855496804,-0.5413375629382492,0.5218534382055223,-0.7200363385662099,-0.34064824225025175,1.0825622522096146,1.116963016433664,1,3,1,2,0,0
-0.7389776149467567,1.3886976558148385,1.5293288003216368,-0.7507982794455784,-0.18394739261582072,1.4671143261348987,1.5026312237025765,1,3,1,3,0,2
-0.2909375831078845,-1.1134726850368108,-0.28412685148736916,-0.408901279386311,0.5995568555563345,0.7996865522091497,0.8133962171808816,2,4,1,0,0,0
-0.13926773529279954,-0.11285010025069983,-0.8886120687570378,-0.10291413684336757,-0.967451640787976,0.4898603195328764,0.4962911225951007,2,4,2,4,0,2
0.9917844339715538,-1.1196114739005294,-0.485621923910592,1.3735334664239573,-0.967451640787976,2.6864811772433996,2.6330816777131627,2,0,0,4,2,3
-0.21792365199340155,-0.2835084306620734,-0.08263177906414627,-0.34587069031919665,1.3830611037284897,0.21328659671130054,0.22403058366043357,0,0,1,4,0,2
-0.7634815327374507,1.668626428000401,0.7233485106287452,-0.7494799105507484,-0.027246542981389666,1.3510941710412636,1.3879915313811557,1,3,1,4,0,2
0.7522213008982012,-0.2110707220701954,-1.0901071411802608,1.0273674623242879,-1.4375541896912691,2.3743277164211714,2.3334120971953234,0,4,2,3,2,1
-0.7243748287238603,2.0516868530964336,1.3278337278984138,-0.7351034116499823,1.3830611037284897,1.1680459293352374,1.2031935207152036,1,3,0,4,0,2
-0.45024070553948353,0.9909041374458816,1.7308238727448595,-0.3605610865758747,-0.027246542981389666,-0.8748016503418085,-0.8509843783376277,1,1,1,1,0,0
0.723790118630895,-0.8323161550785049,-0.687116996333815,0.6663227235543929,-1.9076567385945622,-0.9555665367436025,-0.9909462144680253,2,0,0,4,2,3
0.20317866435096077,-0.795483421896194,-0.28412685148736916,0.1907682293478283,0.4428560059219035,-0.7830243874849384,-0.7923221568348814,2,0,2,4,0,3
-0.7290764833789595,0.5415447926216893,0.5218534382055223,-0.7068526496179091,0.9129585548251966,-0.4002904605486819,-0.3629743689775584,1,3,1,4,0,2
0.31607368965752103,-1.1981879713561259,-0.28412685148736916,0.5390687354676991,-0.18394739261582072,-0.6071536306617481,-0.6223698955291347,2,0,2,3,2,3
0.6432535400682533,-1.1601274804010713,-0.8886120687570378,0.44602955917540477,0.5995568555563345,1.4681828371346035,1.433886520182333,0,0,1,1,2,3
-0.701143123369252,2.246900338962681,1.3278337278984138,-0.6866376598971812,1.3830611037284897,2.9628758825152866,2.99464020922397,1,3,1,0,0,0
-0.1407058884814181,-0.9759638144895171,-0.8886120687570378,-0.16148738345653255,1.0696594044596277,-0.6425095967252888,-0.6346119116556721,2,0,1,3,0,3
-0.5911797180241065,0.7637689494882981,-0.485621923910592,-0.5853115934088121,-0.34064824225025175,-0.6989924308013237,-0.6682732654458707,1,2,1,2,0,0
-0.7703404171754779,1.2966158228590614,0.3203583657822995,-0.7639819683938792,0.7562577051907656,-1.161025537951297,-1.1206886770267948,1,3,1,3,0,2
-0.6708865928240837,1.8748897338213417,1.1263386554751909,-0.6703777768609435,0.5995568555563345,0.031592175224795786,0.0654375276423411,1,2,0,4,0,2
1.8716576174852504,-1.32587477972147,-1.0901071411802608,2.4618783788417793,-1.4375541896912691,-0.5522735630852711,-0.6461247707285751,3,0,1,2,3,3
3.396929701183633,-1.262031375538798,-1.0901071411802608,2.8326539356449443,-1.280853340056838,0.3574460728966458,0.18543834021634653,3,4,0,3,1,1
-0.6793495712032624,-0.7291845021680345,1.5293288003216368,-0.6877049109072817,-0.34064824225025175,-0.11873781212638569,-0.08427992699875225,1,2,1,4,0,2
0.44158021215658294,-0.23685363529781298,-0.8886120687570378,0.5158403311302167,0.28615515628747246,1.4068889064106818,1.3828539075434783,2,0,0,3,2,3
-0.22389751908458652,-0.6272806070303079,-0.8886120687570378,-0.20103845030143502,-0.18394739261582072,-0.8055470329551624,-0.7932468732515596,2,0,0,4,0,3
-0.6553434756701673,-0.4652165810281402,1.3278337278984138,-0.6190241694337528,-0.4973490918846828,-1.129563203593488,-1.0950731941732528,0,3,1,1,0,0
0.49075398849050367,-1.2472982822658736,-0.8886120687570378,0.6566546849923057,-1.9076567385945622,-0.884801458781457,-0.9084983870087888,2,0,0,3,2,3
1.3970117516569338,0.03448083247854351,-0.8886120687570378,1.0426228738216075,-1.9076567385945622,-0.2526653164873297,-0.3229126366054571,0,4,1,3,3,1
-0.5578256267649905,2.3021494387361474,0.9248435830519681,-0.5241643884771694,-0.027246542981389666,-0.7702609956219688,-0.7411386841159646,1,1,1,4,0,2
-0.7363778764904078,1.741064136592279,0.3203583657822995,-0.7503588231473017,-0.4973490918846828,-0.803191833317069,-0.7650108949332314,0,3,1,1,0,0
0.8603593579654847,-1.1859103936286888,-1.2916022136034835,1.0335198505001613,-1.5942550393257002,0.9522598532298691,0.9076334805264687,2,0,0,0,2,3
-0.6261932168085518,1.170156772266461,0.1188632933590766,-0.594916852499717,-0.6540499415191139,0.5796152435081056,0.6105285213696887,1,1,1,0,0,0
-0.7161884182655698,0.1707619452530936,0.7233485106287452,-0.6936061811984259,0.9129585548251966,2.99094527487665,3.023434928579566,1,2,1,4,0,2
-0.7078360670547462,1.9350498646857828,0.5218534382055223,-0.6980635236523752,0.7562577051907656,-1.0330251927745813,-0.9960028208552989,1,2,0,4,0,2
-0.7047938199249761,2.2333950034625003,0.5218534382055223,-0.7279465519351903,0.9129585548251966,0.09996289345985339,0.13543660479125097,1,3,1,4,0,2
-0.5141832088488337,0.5378615193034583,-0.28412685148736916,-0.49064015086577595,0.28615515628747246,-0.45200135806582414,-0.42547514140633447,1,3,0,0,0,0
0.19897483195346027,-0.6125475137573835,-0.485621923910592,0.10532536906860272,-1.750955888960131,-0.4729631942746987,-0.48243040904022766,0,4,0,4,0,2
-0.7166309269389908,1.4562243333157419,-0.485621923910592,-0.7344128374669759,-0.34064824225025175,-0.2892688111002643,-0.2527180000935033,1,3,1,2,0,0
-0.13202165576552888,-0.42961160561857303,-1.4930972860267064,-0.07937183514997329,0.1294543066530414,1.8169565754650492,1.8213873980534838,0,0,1,4,0,3
-0.7296849328049135,2.038181517596253,1.1263386554751909,-0.7155789961122606,0.9129585548251966,-0.16018876632698795,-0.12313757243554146,0,1,1,4,0,2
-0.6233722240154922,0.8349789003074324,0.1188632933590766,-0.607472746736194,0.7562577051907656,1.7336658633231146,1.763015721890117,1,2,1,3,0,2
0.9504098730066801,-0.3166578905261531,-0.28412685148736916,1.1926030304763244,-0.34064824225025175,-1.2276340521816054,-1.2741245532709056,2,0,1,2,2,3
-0.751035976297482,1.1001745792200703,0.3203583657822995,-0.7712643870510358,-0.6540499415191139,2.3713879125973762,2.406400438893616,1,3,1,2,0,0
-0.7278042709428738,-0.45293900330070325,1.7308238727448595,-0.7577668007468231,0.9129585548251966,0.23208623657783992,0.26855945062549075,1,3,1,0,0,0
-0.1469563234934913,-0.3240244371626153,-1.0901071411802608,-0.2578538717214932,-1.4375541896912691,0.8362396981362346,0.8426323419559196,0,4,2,4,0,2
-0.693343908000205,-0.19756538657001477,1.3278337278984138,-0.7093638284652045,-0.4973490918846828,-0.7117698084103627,-0.6758749372578992,1,3,1,4,0,2
-0.7062319731135948,0.1695341874803499,1.7308238727448595,-0.7081082390415568,-0.4973490918846828,-0.8111329399352962,-0.7744647932838026,0,2,1,0,0,0
-0.7814031340110056,-0.8986150748066644,0.3203583657822995,-0.7755961705626204,-0.4973490918846828,-0.02703327514907671,0.012466083604167141,0,1,0,4,0,2
-0.567837385501143,2.149907474915929,-0.28412685148736916,-0.5918406584117802,-0.027246542981389666,3.0058764573803827,3.0308550095544824,1,1,0,4,0,2
-0.6635851997126354,-0.5180101652561191,-0.08263177906414627,-0.6515439355062281,-0.18394739261582072,-0.8079665670251752,-0.7734562657115341,1,2,1,2,0,0
-0.5571065501706812,2.227256214598782,0.7233485106287452,-0.550029530604312,0.5995568555563345,-0.5033122632453805,-0.47455495411993814,1,2,0,3,0,2
-0.7653621945994904,0.34755906452818564,1.9323189451680824,-0.7862059011924434,0.28615515628747246,0.6653730412566892,0.7032096909264851,1,2,1,0,0,0
0.2513014825855064,-0.7205901977588286,-0.28412685148736916,0.4280118509460605,1.5397619533629208,0.9296225246418757,0.915785512260206,0,4,1,3,0,2
-0.10646677987545984,-1.0250741253992648,0.1188632933590766,-0.08715648957658906,0.9129585548251966,1.5479687213115367,1.5514400470131056,2,1,0,3,0,2
0.5475057258567608,-0.912120410306845,-1.2916022136034835,0.5199209967570717,-0.34064824225025175,2.5826705784683845,2.551837937189238,2,0,1,1,2,3
-0.011106160753210907,-0.6616578246671313,-1.4930972860267064,-0.06574868990339579,-1.124152490422407,1.8296332557023882,1.8279414304206354,0,0,0,1,0,3
-0.7020281407160942,1.2008507165850533,0.5218534382055223,-0.7266909625115426,-0.34064824225025175,-0.2615966139272733,-0.2258174128542451,1,2,0,1,0,0
-0.49034305406827144,-0.33261874157182114,-0.08263177906414627,-0.43470364204227113,-0.18394739261582072,1.4616542908693897,1.4846202063662493,0,2,1,2,0,0
-0.6867615914830659,0.9823098330366757,1.9323189451680824,-0.6686199516678367,1.3830611037284897,0.19056535364689045,0.22501676159121117,1,3,1,3,0,2
-0.7794671585647883,0.3794807666195217,1.3278337278984138,-0.7920443920124053,1.2263602540940588,-1.0859192844091978,-1.0452139377126604,1,1,1,4,0,2
-0.050323491935156665,-1.0582235852633446,-0.485621923910592,-0.14089571690871044,1.3830611037284897,0.10415022583304337,0.10656366169043754,0,1,2,1,0,0
2.4097481643653182,-0.10671131138698137,-0.687116996333815,1.9282528737915092,-0.18394739261582072,-0.21085912433656387,-0.3323078671471152,2,1,1,3,3,3
3.252008110638221,-1.2878142887664155,-1.6945923584499292,3.318692601538967,-1.280853340056838,0.9152116118919266,0.7498366304864832,3,4,0,0,1,1
0.1602000094449357,-0.27614188402561124,-1.0901071411802608,-0.018601307045424877,-1.124152490422407,-1.122813682540377,-1.1295223728259987,2,4,0,0,0,0
-0.23639838910873287,-0.2552700018889684,-1.2916022136034835,-0.2498808788813304,-0.4973490918846828,-1.0257162418786925,-1.0125136185065624,2,0,1,1,0,3
-0.5166723201368274,-0.8556435527606351,-0.08263177906414627,-0.4633938603726209,0.28615515628747246,-0.2541813713612569,-0.22777300648468238,1,3,1,3,0,2
-0.6903016608704348,-0.5094158608469131,-0.08263177906414627,-0.6586380157498376,-0.4973490918846828,-0.19793909211761634,-0.16283053572304595,1,3,1,1,0,0
-0.6940629845945143,2.18674020809824,0.1188632933590766,-0.7270676393386369,1.2263602540940588,-0.4772120639305942,-0.4415696769848335,1,3,1,2,0,0
-0.667789032110136,-0.45293900330070325,-0.08263177906414627,-0.6291316642941167,0.9129585548251966,-0.8331884614868008,-0.7984347837825911,0,1,1,3,0,2
-0.6072759710197994,0.5329504882124835,1.3278337278984138,-0.6370418776630972,-0.6540499415191139,-1.1878390103156249,-1.155704977832368,1,1,1,0,0,0
-0.6161261444882216,1.7533417143197159,-0.687116996333815,-0.6112395150071371,0.28615515628747246,-0.9016626742427722,-0.8694340073882105,0,2,0,4,0,2
0.773185149301526,-0.25158672857073733,-0.687116996333815,0.5427099447962773,1.0696594044596277,-0.028571707216714957,-0.06758753851037673,2,4,2,1,2,1
1.0308358244009665,-0.12021664688716201,-0.687116996333815,0.7187435819916842,-0.8107507911535449,-0.13701158794071414,-0.18890697993233424,2,0,2,3,2,3
0.5874974472171934,-1.1282057783097352,-0.8886120687570378,0.36981528115998974,1.6964628029973519,0.28655512321987536,0.2565297560931152,2,4,1,3,2,1
-0.605174054821049,1.447630028906536,1.5293288003216368,-0.6291944437652991,1.0696594044596277,0.2703064834364015,0.30053899389351335,1,3,0,2,0,0
-0.6662955653373397,-0.74760086875919,-0.485621923910592,-0.7059737370213557,1.6964628029973519,-0.5558734941235446,-0.521536694238601,2,1,0,4,0,2
-0.0949615543665111,-0.5388820473927618,-1.2916022136034835,-0.05369503143637799,1.6964628029973519,0.4293663734841268,0.4336339026758897,2,4,0,3,0,2
-0.3559310445166098,-0.984558118898723,0.1188632933590766,-0.26237399364662495,-0.967451640787976,0.4415955098472438,0.4590286828197111,2,4,0,0,0,0
-0.06536878683147435,-0.7758392975322949,-1.4930972860267064,0.0861776303579753,1.0696594044596277,-1.2284787912441992,-1.2236646501952506,2,0,1,3,0,3
-0.09883350525894574,-1.2166043379472813,-1.4930972860267064,0.010905044410295894,1.0696594044596277,2.8265400326811854,2.828051568962575,2,4,1,2,0,0
2.711926274727758,-1.3467466618581128,-1.4930972860267064,2.6651583065303415,-1.124152490422407,0.555914998218835,0.4182601430354662,2,0,1,4,1,3
0.2452723019101438,-0.10548355361423767,-0.28412685148736916,0.5021544064124567,-1.750955888960131,-0.5265761532572847,-0.5383156875877532,0,4,1,0,0,0
-0.4174950637063215,0.20268364734442967,-0.08263177906414627,-0.4222105272769765,-0.18394739261582072,0.2563571003067435,0.2771277444319925,1,1,1,4,0,2
-0.6364815434655925,2.2542668855991432,1.3278337278984138,-0.6504766844961276,-0.4973490918846828,-1.0695643529555965,-1.0361008713948228,1,2,1,1,0,0
-0.6289588960174337,0.20268364734442967,2.1338140175913054,-0.6737678683047923,1.2263602540940588,-0.7656121336284873,-0.7329028412266373,0,3,1,4,0,2
-0.6836087171849405,0.6569540232595966,1.7308238727448595,-0.6988168773065638,-0.027246542981389666,0.1867164763285809,0.2210133820591874,1,3,1,4,0,2
3.365069076697313,-1.1552164493100965,-1.4930972860267064,3.1262107428937753,-1.9076567385945622,0.891086199922145,0.7200305898534323,2,4,0,2,1,1
-0.6866509643147107,0.049213925751467845,1.1263386554751909,-0.7130050377937828,0.9129585548251966,-0.5175553470424967,-0.4822376433823704,0,3,1,2,0,0
-0.6455529712707253,0.14743454757096341,0.7233485106287452,-0.6907183255240362,0.5995568555563345,0.1442109968743431,0.1766381688793787,1,3,1,1,0,0
-0.7493212551879752,0.35492561116464777,0.5218534382055223,-0.7674348393089104,0.1294543066530414,-1.0044495164055043,-0.9653670497819055,1,1,1,3,0,2
0.9511842631851669,-1.177316089219483,-1.2916022136034835,1.2266295038571773,-1.9076567385945622,-0.49888717318901005,-0.5463140655362416,3,0,0,0,2,3
-0.5479244951971932,0.494889997257429,0.3203583657822995,-0.6026387274551503,1.0696594044596277,0.12218064966576363,0.1497040571778844,1,1,1,4,0,2
-0.7885385863699209,1.355548195950759,0.9248435830519681,-0.7827530302774123,1.2263602540940588,0.8350285325266212,0.8738268540665809,1,3,1,2,0,0
-0.6567263152746082,1.134551796856894,1.1263386554751909,-0.6725122788811446,1.0696594044596277,0.5775201787469038,0.6099781614479801,1,1,1,1,0,0
-0.037214172485056304,-0.8949318014884333,-0.687116996333815,0.14060743187310298,-0.027246542981389666,1.585679887013171,1.5856070614420315,0,0,0,0,0,3
-0.5845974015069675,-0.6211418181665894,1.1263386554751909,-0.576961923741555,0.1294543066530414,0.302554816723313,0.33170836265749754,1,1,1,2,0,0
0.21551359362257427,-0.7463731109864462,-0.687116996333815,0.3882724456876108,-1.9076567385945622,-0.3404426559683401,-0.35090835627776024,2,4,0,0,0,1
-0.14557348388905034,-0.7181346822133412,-0.08263177906414627,0.02277036446376671,-1.280853340056838,1.378164981133269,1.3838205295379513,2,0,2,2,0,3
-0.731897476172019,-0.7095403778041354,1.3278337278984138,-0.7576412418044584,0.9129585548251966,-0.7862019489919149,-0.7482682197515017,1,1,1,0,0,0
-0.522093051386236,-0.4922272520285014,1.3278337278984138,-0.5662894136405495,0.28615515628747246,-0.8543069380516531,-0.8268858774002675,0,2,1,0,0,0
-0.7516997393076137,-0.457850034391678,1.9323189451680824,-0.7722060791187716,1.2263602540940588,0.3721506863140535,0.4096583247667284,1,2,0,1,0,0
-0.7166862405231684,1.5286620419076198,0.3203583657822995,-0.7007630409132177,0.7562577051907656,-1.2704975667352207,-1.2327358109352933,1,3,1,4,0,2
-0.7575629792304434,2.1314911083247736,1.3278337278984138,-0.7416952561241326,0.4428560059219035,-0.4596963155532293,-0.42086832155406156,1,3,1,3,0,2
-0.6147986184679582,-0.28841946175304817,1.3278337278984138,-0.580226456243039,0.9129585548251966,-0.09479421485550671,-0.06362606455614819,0,3,1,4,0,2
0.004547583569060716,-0.8912485281702022,-0.687116996333815,-0.05507617980239044,0.4428560059219035,0.6491216043240015,0.6480926813052029,0,4,0,4,0,2
1.499673763890631,-1.056995827490601,-0.485621923910592,1.3864032580163463,-1.280853340056838,-0.8533642987665729,-0.928057117018348,2,4,0,0,3,1
-0.5103665715405766,-0.7083126200313917,0.3203583657822995,-0.512173509481334,0.1294543066530414,0.8259853491181223,0.8507452618170479,1,2,1,1,0,0
-0.3985225043333914,-0.5683482339386106,-0.8886120687570378,-0.32509068535782726,0.28615515628747246,0.7636732560803454,0.7828610194941965,0,4,2,3,0,2
0.6133842046123283,0.033253074705799815,-0.485621923910592,0.4347920338337579,-0.6540499415191139,-1.0746299901819472,-1.1042868338777987,2,0,1,1,2,3
1.8185565766747172,-1.112244927264067,-1.0901071411802608,2.175101754480646,-0.967451640787976,1.0706100336186726,0.9774425857227079,0,1,0,0,3,3
-0.17079647827405345,-0.11162234247795615,-0.687116996333815,-0.13618725657003158,-0.8107507911535449,1.123039798483784,1.1302834027621285,0,0,0,1,0,3
-0.06995981431821842,-0.26631982184366165,-0.28412685148736916,-0.16029457350406726,-0.18394739261582072,0.5024838539351517,0.505398601502566,2,0,1,4,0,3
-0.7118739586997138,2.0529146108691774,0.9248435830519681,-0.6996330104319348,0.28615515628747246,-0.35871083748424093,-0.3223147836955805,0,2,1,3,0,2
0.20129800248892105,-0.9010705903521518,-1.0901071411802608,0.08919104497472988,0.9129585548251966,-0.9898204260168715,-0.9987685889897746,2,1,1,3,0,3
-0.7040747433306669,0.699925545305626,0.7233485106287452,-0.7212291485186753,0.7562577051907656,0.6445566568069367,0.6793235115832866,1,3,1,2,0,0
3.088003333551522,-1.3639352706765246,-1.0901071411802608,3.1798244112835317,-1.5942550393257002,2.139705637509484,1.9811063172616712,2,4,0,4,1,1
-0.6233169104313145,2.1044804373244124,0.5218534382055223,-0.5986208412994778,1.0696594044596277,-0.2568722289050169,-0.22507428727467896,1,1,1,0,0,0
-0.6420129018833564,0.6053881968043615,2.9397943072841968,-0.6544317911806178,-0.6540499415191139,-0.13918217573069105,-0.10658486920648289,1,3,0,2,0,0
-0.2558687707392616,-1.1662662692647898,-1.0901071411802608,-0.3118442169383441,0.5995568555563345,-0.7098537611988497,-0.6960566635240121,2,4,1,3,0,2
-0.7848325762300192,-0.8789709504427652,1.7308238727448595,-0.7915421562429462,1.2263602540940588,0.554597540939094,0.5935539686574932,0,3,0,3,0,2
2.9096723381628156,-1.293953077630134,-1.4930972860267064,2.232544970612528,-1.124152490422407,-0.5418234136221866,-0.6881141596792504,3,4,0,2,1,1
0.879110663001704,-0.9550919323528743,-1.0901071411802608,0.8269753903101156,1.0696594044596277,-0.3475362263747595,-0.39150927375082495,0,0,1,1,2,3
0.22895479457774032,-0.015857236203947966,-0.28412685148736916,0.12045522162355743,-1.750955888960131,-0.5533364797865484,-0.5642189220754883,2,0,2,0,0,3
-0.5587659576960103,1.1333240390841501,1.1263386554751909,-0.5434376861301615,0.28615515628747246,0.38523575033662016,0.41298283393847174,1,3,1,2,0,0
-0.6550115941651015,-0.9072093792158702,1.1263386554751909,-0.6882699261479233,-0.6540499415191139,0.25251381728686184,0.28528536357610235,1,1,0,2,0,0
-0.20332086577050498,-0.07110633597741423,-0.08263177906414627,-0.24190788604116745,-0.6540499415191139,-0.8746561985826863,-0.8633102056197555,2,1,2,1,0,0
-0.5796744925151578,0.22969431834479095,1.3278337278984138,-0.5541729757023494,1.0696594044596277,2.437845380770134,2.4641211817485664,0,2,1,0,0,0
-0.3377881889063443,-0.9207147147160508,-0.687116996333815,-0.4027488912104373,-0.967451640787976,0.6848495912329894,0.7010669190485633,2,0,2,0,0,3
-0.5677267583327877,2.138857654961236,0.5218534382055223,-0.5323257197308794,-0.34064824225025175,-0.42742280792339277,-0.39822254731359763,1,1,1,2,0,0
0.32016689488666633,-0.01708499397669166,-1.2916022136034835,0.2899597938159963,-0.34064824225025175,-0.3304624275731889,-0.34622610638545603,2,4,1,0,2,1
2.401948948996271,-1.3160527175395205,-1.4930972860267064,1.8720024676120923,-1.4375541896912691,-0.4431427865054417,-0.563911614504991,3,0,1,1,3,3
0.19869826403257204,-0.007262931794742105,-0.8886120687570378,0.38795854833169885,1.3830611037284897,-0.789264827381122,-0.7983286229855102,2,0,1,2,0,3
0.14283154401315712,-0.5978144204844592,-0.8886120687570378,0.21839119666807763,0.7562577051907656,0.32642568811463085,0.3188098258121703,2,0,2,1,0,3
-0.16504386551957909,0.052897199069698926,-0.8886120687570378,-0.1123310575207253,1.5397619533629208,-0.31030896748712783,-0.30159107862331797,2,4,1,0,0,0
-0.01691408709186302,-0.7058571044859043,-1.0901071411802608,0.10438367700086691,1.2263602540940588,2.3877624240954747,2.3856767338213536,2,0,0,3,0,3
-0.7806840574166963,1.9104947092309088,0.9248435830519681,-0.7848875322976134,-0.18394739261582072,-1.355217622125452,-1.3141192367185346,1,2,1,4,0,2
-0.6715503558342153,1.3088934005864985,2.536804162437751,-0.6766557239791819,0.28615515628747246,-0.6787690419849154,-0.6440155233128892,0,2,1,0,0,0
-0.7577289199829763,1.4304414200881241,0.9248435830519681,-0.7470315111746354,0.1294543066530414,-0.8601697628039617,-0.82084029937703,1,2,1,0,0,0
0.20561246205477685,-1.065590131899807,0.1188632933590766,0.07669793020943524,-0.18394739261582072,0.13466712375655823,0.12411651137620547,0,1,1,1,0,0
-0.6650786664854317,-0.5437930784837366,0.1188632933590766,-0.6764673855656348,0.5995568555563345,-0.2604469856003653,-0.22653539508713438,1,2,1,4,0,2
-0.7540782234272522,0.3291426979370302,0.9248435830519681,-0.7723316380611365,-0.6540499415191139,-0.3121634774159354,-0.2736931386325365,1,3,1,0,0,0
-0.18667147693303573,-1.1588997226283275,-1.0901071411802608,-0.28139617341488754,-0.4973490918846828,0.4743892872308636,0.4832333445541523,2,4,2,1,0,0
2.7916331495277347,-1.3123694442212894,-1.4930972860267064,2.473743698895251,-1.750955888960131,-0.6445431242037852,-0.78474562836953,2,4,0,1,1,1
-0.6773029685886898,1.6023275082722415,-1.6945923584499292,-0.6667993470035476,-0.4973490918846828,1.0566858248319393,1.089593086723101,1,3,1,3,0,2
-0.6674018370208924,1.423074873451662,0.7233485106287452,-0.6565662932008189,1.0696594044596277,-0.16713688497428483,-0.13322284815822535,1,2,1,3,0,2
-0.7211666408415571,-0.08829494479582595,0.1188632933590766,-0.726251506213266,0.1294543066530414,1.2556834113555533,1.290561063007583,1,1,1,4,0,2
-0.731289026746065,2.020992908777841,0.1188632933590766,-0.7560089755537164,0.7562577051907656,-0.4568320347582082,-0.41933457740676133,0,1,1,2,0,0
0.49811069518612966,-0.369451474754132,-0.8886120687570378,0.5270778564718637,-1.124152490422407,-0.4376743597922913,-0.4622933820570962,2,0,0,0,2,3
-0.5936135157279225,0.2984487536184378,0.1188632933590766,-0.5516617968550539,1.0696594044596277,-0.17534372076783142,-0.14514638189352003,1,3,1,3,0,2
-0.7370416395005394,2.0885195862787445,-0.28412685148736916,-0.7241170041930649,-0.027246542981389666,0.08940924947585514,0.12652468524682967,1,2,1,3,0,2
1.9705583059948681,0.06640253456987957,-0.8886120687570378,2.504505639774619,-0.34064824225025175,-0.9227867451060523,-1.0211768982893996,2,0,0,3,3,3
-0.4120190188727353,-0.312974617207922,-0.28412685148736916,-0.37644429278501806,-0.027246542981389666,-0.7108887064079881,-0.6892037047019226,2,1,0,0,0,0
0.6728463076032898,-0.6506080047124381,-1.2916022136034835,0.7926350195733513,1.5397619533629208,0.4800619058366278,0.44548759378152614,2,0,1,4,2,3
-0.7745442495729784,0.6950145142146512,0.3203583657822995,-0.7824391329215004,-0.4973490918846828,-0.3527585039570879,-0.31320451108292907,1,1,1,1,0,0
-0.44730908557806864,-0.42101730120936715,-0.28412685148736916,-0.3682829615313081,-0.18394739261582072,-1.0780984552071677,-1.0541789376556223,2,1,1,1,0,0
1.5543788986423155,-0.9010705903521518,-0.8886120687570378,1.772559785259195,0.7562577051907656,0.7804225855731048,0.7009551708411096,2,4,2,2,3,1
0.022026676169194483,-1.0459460075359077,0.1188632933590766,-0.05570397451421425,1.3830611037284897,1.2078521597980734,1.2052524814375356,2,4,2,3,0,2
-0.7114867636104704,1.4439467555883048,1.1263386554751909,-0.7430136250189627,1.3830611037284897,-0.5322655547583321,-0.49567536532866097,1,1,1,2,0,0
-0.6706100249031955,0.6471319610776471,0.9248435830519681,-0.6814897432602257,1.3830611037284897,1.1306844072853393,1.1631625191001522,1,2,1,3,0,2
-0.6305076763744076,-0.43820591002777887,-0.687116996333815,-0.6070960699090997,-0.18394739261582072,1.2182379748292387,1.2485828488776531,2,0,2,1,0,3
1.2127068891770423,-0.8089887573963747,0.3203583657822995,0.9330726966083457,0.28615515628747246,-0.3607135963213845,-0.4215192548624785,2,0,1,2,2,3
-0.6530203051347064,2.033270486505278,0.9248435830519681,-0.6517322739197753,0.7562577051907656,1.809188892098083,1.8399431879011474,1,3,1,1,0,0
0.04719435697002009,-0.06619530488643945,1.1263386554751909,0.01806190412508785,-0.8107507911535449,-1.1268108087670226,-1.1278070378415865,2,4,1,3,0,2
-0.5836017569917701,0.07622459675182912,1.9323189451680824,-0.6297594590059405,0.9129585548251966,-0.06121443854278484,-0.031663283519243475,0,3,1,2,0,0
2.132516480466994,-1.3676185439947557,-1.6945923584499292,1.7923980981528287,-1.124152490422407,-1.102285404459655,-1.2086345162927468,3,0,1,3,3,3
-0.7743783088204454,1.7828079008655646,0.1188632933590766,-0.7868964753754497,-0.027246542981389666,0.44035916989470536,0.4789282448620039,1,1,1,3,0,2
-0.6561178658486542,-0.4001454190727244,0.5218534382055223,-0.6226025992911488,-0.18394739261582072,-1.0238309633085323,-0.9894320262570296,0,3,1,4,0,2
-0.350233745346313,-0.9956079388534163,-0.8886120687570378,-0.24711858214930538,0.28615515628747246,-0.24817309484982594,-0.23017838665012044,0,1,1,3,0,2
-0.7349950368859668,-0.7377788065772404,1.5293288003216368,-0.7278837724640079,-0.4973490918846828,-0.7442531022312409,-0.7062145755815407,1,2,1,0,0,0
-0.6068887759305559,1.1603347100845114,-0.485621923910592,-0.5587558770986634,1.3830611037284897,0.37144860186136763,0.4016431845871217,1,2,1,4,0,2
1.2070095900067452,-1.338152357448907,-1.0901071411802608,0.8496387794069565,-1.124152490422407,0.3152818456465022,0.25393161026981986,3,0,0,2,2,3
0.4685179276510929,-0.44188918334600996,-1.2916022136034835,0.27671332539651305,-1.124152490422407,-0.6199981398519205,-0.6428980412383536,2,1,1,2,2,3
2.8145882869614547,-1.193276940265151,-1.2916022136034835,3.1277174502021525,-1.5942550393257002,-1.0121612567881928,-1.1530705138416502,2,4,0,0,1,1
2.897060840970314,-1.3516576929490876,-1.4930972860267064,3.372243490457541,-1.750955888960131,1.8887230328457665,1.7400766086050874,3,0,0,0,1,3
0.22298092748655543,-0.1656436844786787,-1.2916022136034835,0.47986769414271024,-0.18394739261582072,0.2391266611491953,0.22757020813152487,2,1,1,3,0,3
-0.7614902437070558,1.044925479446604,0.3203583657822995,-0.751049397330308,0.9129585548251966,-0.256195318795256,-0.2174195350641102,1,2,1,1,0,0
-0.6130285837742738,1.3076656428137547,0.5218534382055223,-0.6290061053517519,1.0696594044596277,0.32768440526088033,0.3582429745173455,1,1,1,2,0,0
-0.7014750048743179,2.197790028052933,0.3203583657822995,-0.7203502359221219,0.5995568555563345,0.4774046140834345,0.5122459729142829,1,3,1,3,0,2
0.2682827529280414,-0.29333049284402296,-1.2916022136034835,0.3932320239110192,-0.027246542981389666,-0.8704604747618547,-0.8829387782589733,2,1,0,3,0,3
1.2759856294762608,-0.4197895434366235,-0.687116996333815,1.4950745226330544,0.5995568555563345,0.37764149022091514,0.3127307233266969,2,1,1,0,2,3
-0.5100900036196884,-0.17423798888788455,-0.485621923910592,-0.5427471119471553,-1.124152490422407,1.4298954586949082,1.4538978304320789,0,0,1,0,0,3
-0.7097720425009636,2.199017785825677,0.5218534382055223,-0.6928528275442374,-0.6540499415191139,-0.9055507116500761,-0.8685875147167498,1,2,1,1,0,0
-0.3330312206670674,1.5348008307713383,0.3203583657822995,-0.2584188869621347,0.9129585548251966,-0.08177068811564563,-0.0648497074277647,1,1,1,4,0,2
0.10057196570144133,-0.5229211963470938,-0.485621923910592,0.03281507985294824,0.28615515628747246,-0.948853378630272,-0.9527646456863302,0,4,0,0,0,0
-0.6942842389312248,-0.1398607712510611,0.3203583657822995,-0.7265654035691779,-0.4973490918846828,0.6851628719449449,0.719385243955388,1,2,1,3,0,2
-0.7107676870161611,1.9289110758220642,0.9248435830519681,-0.7332828069856931,0.9129585548251966,-0.04626367599455478,-0.010308201074868262,1,3,1,2,0,0
-0.7393094964518225,0.08727441670652238,0.5218534382055223,-0.7491660131948364,-0.18394739261582072,-1.282970055079946,-1.2440503169399664,1,2,1,2,0,0
-0.6909101102963888,1.548306166271519,0.3203583657822995,-0.7097405052922988,0.7562577051907656,2.1173452266936654,2.149633788922385,1,1,1,4,0,2
-0.6895272706919479,-0.7574229309411394,0.1188632933590766,-0.715013980871619,0.4428560059219035,-0.4789239192494934,-0.4435085083841528,1,3,1,4,0,2
-0.615738949398978,1.6538933347274767,0.5218534382055223,-0.5714373302775052,-0.4973490918846828,-0.7527816101843844,-0.7207558110764353,1,3,0,1,0,0
3.1343008035082063,-1.2792199843572096,-1.6945923584499292,3.0086247933691688,-1.4375541896912691,-0.4262032508661377,-0.5839815925636503,3,4,1,4,1,1
-0.7190647246428069,1.2155838098579776,1.1263386554751909,-0.7190318670272917,-0.4973490918846828,-1.3783080888860952,-1.3402934606093446,1,2,1,3,0,2
2.2375569768203296,-1.3467466618581128,-1.2916022136034835,2.536083713779359,-1.750955888960131,-0.6568841465354578,-0.7690869108000999,3,0,0,4,3,3
1.5491794217296175,-1.3356968419034196,-1.0901071411802608,1.1266218062636382,-1.280853340056838,-1.2970564985210846,-1.3737033809327728,2,4,0,0,3,1
0.8163297449600841,-0.33752977266279593,-0.8886120687570378,0.9605073255150479,0.1294543066530414,-0.7184549950315544,-0.7588004883039997,2,0,1,3,2,3
0.23398833073790556,0.02097549697836287,-0.485621923910592,0.26145791389919365,-0.18394739261582072,2.3257859889633643,2.3111043612824065,0,1,1,0,0,0
-0.06365406572196754,0.035708590251287205,0.3203583657822995,0.08372923098186237,0.5995568555563345,-0.4683646809670673,-0.4645730454891489,0,4,1,4,0,2
1.8872560482233445,-0.01708499397669166,-1.4930972860267064,2.30631084925183,-0.027246542981389666,-0.28984782098753925,-0.384809968713984,0,4,1,0,3,1
-0.3528887973868396,-0.867921130488072,-0.8886120687570378,-0.41047076616587064,-0.8107507911535449,-0.9030752345957854,-0.884140071489099,2,4,2,2,0,0
0.5446294194795237,-0.35717389702669505,-0.687116996333815,0.48991240953189175,0.5995568555563345,0.6832636076287151,0.6549149093702429,2,4,1,3,2,1
-0.5271265875464012,0.5967938923951556,-0.08263177906414627,-0.466658392874105,1.2263602540940588,0.366931205880939,0.39310282783248346,1,3,1,1,0,0
0.6949164276901676,-0.1251276779781368,-1.0901071411802608,0.7245192933404637,-1.750955888960131,-1.1988457924722729,-1.2324676152374046,2,0,0,2,2,3
-0.6825577590855655,1.1050856103110451,-0.08263177906414627,-0.7106821973600346,1.2263602540940588,-0.7018511172979168,-0.6665132311784772,1,2,1,3,0,2
1.2654207348983315,-1.2350207045384367,-1.4930972860267064,1.6235213206722134,-1.5942550393257002,-1.303378055744471,-1.36568544704798,3,4,1,2,2,1
-0.7184009616326752,-0.8163553040328368,0.1188632933590766,-0.7109333152447641,0.5995568555563345,-0.6221351618513308,-0.5850851061122543,1,2,1,3,0,2
-0.7500956453664622,0.599249407940643,0.9248435830519681,-0.7686276492613757,0.7562577051907656,-0.7248912353727099,-0.6861138667658316,0,2,1,1,0,0
0.21750488265296916,-0.23685363529781298,-0.8886120687570378,0.44037940676899023,-0.967451640787976,-0.8400218970163285,-0.849973057060173,2,4,1,3,0,1
0.8924412367885147,-0.7647894775776016,-1.2916022136034835,0.5632388318729172,0.9129585548251966,0.18996116941669075,0.14465303820098352,2,0,0,3,2,3
-0.22162966213330335,-0.3019247972532288,-0.08263177906414627,-0.22389017781182308,-1.124152490422407,-0.7547563975293892,-0.742633316390656,2,1,0,2,0,3
-0.7163543590181025,0.6765981476234958,1.1263386554751909,-0.714825642458072,0.1294543066530414,-0.5620579910354503,-0.5251852732119598,0,1,0,2,0,0
0.6083506684521633,-0.8703766460335594,-1.0901071411802608,0.31243484449928993,1.6964628029973519,-0.7458698544768678,-0.7756772613346736,2,4,1,1,2,1
-0.638694086832698,2.0934306173697195,0.9248435830519681,-0.6057149215430873,0.1294543066530414,-0.5851065005578852,-0.552127766029013,1,3,1,0,0,0
-0.6548456534125685,2.2665444633265803,0.7233485106287452,-0.6655437575798999,1.3830611037284897,-0.42668995482935423,-0.39309051088629277,1,1,1,0,0,0
0.15555366837401405,-0.7537396576229084,-0.687116996333815,-0.04547092071148556,0.5995568555563345,-0.7633408484668106,-0.7702574732731761,0,1,1,0,0,0
-0.5907372093506855,2.199017785825677,1.1263386554751909,-0.6154457395763568,-0.027246542981389666,-0.3003119561966932,-0.2701060211732772,1,3,1,2,0,0
-0.5670076817384785,-0.8003944529871688,0.9248435830519681,-0.5139313346744407,-0.4973490918846828,-1.252285328203598,-1.2221057627012735,1,1,1,0,0,0
0.28382587008195787,-0.19879314434275847,-0.08263177906414627,0.1421769186526626,0.1294543066530414,-0.8984543440944429,-0.9116832109212152,2,4,1,1,2,1
-0.6156283222306228,0.7686799805792729,0.3203583657822995,-0.6548084680077122,-0.4973490918846828,-0.08399442174068632,-0.05279766325389817,1,1,1,0,0,0
0.22452970784352932,-0.43206712116406043,-0.8886120687570378,0.4511146963411779,-0.34064824225025175,-0.3994597072321572,-0.41030811594970007,2,0,0,1,0,3
-0.7307358909042887,-0.5364265318472745,1.3278337278984138,-0.7111844331294936,1.2263602540940588,-0.6146415991073255,-0.5769777736614986,1,3,0,4,0,2
2.8742716442891276,-0.4946827675739888,-0.08263177906414627,3.289123470612064,1.2263602540940588,-0.8642703835515211,-1.0083761411255943,2,4,1,4,1,1
-0.6618704786031286,1.7422918943650227,1.1263386554751909,-0.6437592810796124,0.28615515628747246,-0.6474409707893729,-0.6132149236335017,1,2,1,4,0,2
-0.6019105533545683,0.027114285842081344,0.5218534382055223,-0.5702445203250399,0.4428560059219035,-0.7439174443255743,-0.7126009856375117,1,3,1,1,0,0
-0.690578228791323,1.5028791286800023,0.7233485106287452,-0.7202874564509394,-0.027246542981389666,0.25695289308930164,0.29151532614163833,1,2,1,2,0,0
-0.49620629399110117,-1.1846826358559452,-0.28412685148736916,-0.4670978491723817,0.28615515628747246,-0.39254235722621283,-0.36699730444588663,0,0,1,0,0,3
-0.6890294484343492,-0.5229211963470938,0.1188632933590766,-0.6625931224343279,0.9129585548251966,1.1480602982020094,1.1814473195447406,1,2,1,4,0,2
-0.603957155969141,-0.26140879075268686,1.3278337278984138,-0.6583241183939257,-0.4973490918846828,1.8390344742102651,1.867274005739102,1,2,1,3,0,2
-0.3958674522928648,-0.27245861070738014,0.9248435830519681,-0.44468557796027036,-0.6540499415191139,0.2735511765245114,0.2932083114845599,1,1,1,3,0,2
-0.7710041801856096,1.8564733672301863,0.9248435830519681,-0.7582062570450998,-0.34064824225025175,0.11246615044593145,0.1512685320822341,1,2,1,2,0,0
0.5495523284713334,-0.6886684956674926,-0.687116996333815,0.5575258999953202,1.2263602540940588,0.7700535534372231,0.7413493541303853,2,0,1,3,2,3
-0.5577703131808128,0.9565269198090581,0.5218534382055223,-0.5237249321788928,-0.6540499415191139,-0.5936266170633872,-0.5647245827142157,1,1,1,0,0,0
-0.24762704669679342,0.055352714615186316,-0.687116996333815,-0.29414040606491165,-1.280853340056838,-0.8327828748507872,-0.8192506811260031,2,4,0,3,0,2
-0.718124393711787,-0.590447873847997,0.3203583657822995,-0.7099916231770284,0.1294543066530414,-1.2835574564148626,-1.245706984115465,1,1,1,2,0,0
-0.4889602144638305,-0.47012761211911497,1.9323189451680824,-0.45617422118664663,-0.4973490918846828,-0.31117048944500525,-0.286091602249509,1,3,1,0,0,0
-0.3601348769141103,-1.0815509829454748,-1.4930972860267064,-0.29853496904767857,1.3830611037284897,-0.23969773273174635,-0.22121338670715854,2,1,0,0,0,3
-0.7055128965192854,-0.5241489541198375,1.1263386554751909,-0.7087988132245631,1.3830611037284897,-0.6619945381492308,-0.625546338326002,1,3,1,0,0,0
-0.6851021839577368,1.712825707819174,1.1263386554751909,-0.7114355510142232,1.2263602540940588,0.7813652248581853,0.8150053913682129,1,2,0,1,0,0
-0.17129430053165223,-1.2116933068563065,-0.687116996333815,-0.014395082476204996,-1.750955888960131,0.04680866694834513,0.055402538613011386,0,4,1,1,0,0
2.9983953271837476,-1.3271025374942138,-1.6945923584499292,2.686754444617082,-1.9076567385945622,0.4212993951512746,0.26934168807766573,3,0,0,3,1,3
1.2557408576672449,0.052897199069698926,-1.2916022136034835,0.9018085199595183,0.1294543066530414,-1.2855294466106535,-1.3473699158463415,2,1,1,1,2,3
-0.5432228405420939,0.06394701902439218,1.1263386554751909,-0.503070486159888,0.5995568555563345,0.9918590946508774,1.0180742339528226,0,3,1,3,0,2
-0.7377054025106711,1.8466513050482367,0.1188632933590766,-0.7247447989048887,1.0696594044596277,2.668808788510057,2.7027818284071343,1,3,0,4,0,2
-0.7076701263022134,1.700548130091737,1.1263386554751909,-0.7303949513113034,1.2263602540940588,-0.8782449410241042,-0.8414215254847893,1,3,0,1,0,0
-0.7186222159693859,-0.17914901997885935,1.1263386554751909,-0.7162067908240844,0.28615515628747246,-0.24313822626482806,-0.2065436407736924,0,2,1,1,0,0
-0.7249832781498141,-0.17178247334239719,0.9248435830519681,-0.7033369992316956,0.28615515628747246,-1.4099662236888764,-1.3716136894533912,1,2,1,4,0,2
-0.7461683808898498,0.7355305207151931,1.1263386554751909,-0.7589596106992884,-0.027246542981389666,-0.868958405633997,-0.830202005456452,1,3,1,3,0,2
0.6091250586306503,-0.22580381534311975,-0.28412685148736916,0.9169383725144729,1.0696594044596277,-0.4070959245860707,-0.4373595632690206,2,0,1,3,2,3
-0.7332803157764599,0.5231284260305339,0.7233485106287452,-0.7546906066588863,0.28615515628747246,-0.2524191673565076,-0.2150728227075853,1,1,1,2,0,0
-0.7492659416037976,0.07254132343359804,1.3278337278984138,-0.7676231777224576,0.9129585548251966,0.09182039209822633,0.12955026796363478,1,2,1,4,0,2
-0.2539881088772219,-1.2202876112655123,0.1188632933590766,-0.37280308345643975,1.2263602540940588,-0.9937783921545226,-0.979726694439688,2,4,1,3,0,2
-0.6518034062827984,0.5771497680312565,1.5293288003216368,-0.6282527516975633,0.9129585548251966,-0.6165324719759137,-0.5828529356683694,1,3,1,3,0,2
-0.21117539472372968,-0.47135536989185867,-0.8886120687570378,-0.1432185573424586,-0.34064824225025175,-0.7203234907064313,-0.7087708158270409,2,0,0,2,0,3
-0.6722694324285247,0.9295162488086969,0.9248435830519681,-0.6936689606696083,-0.34064824225025175,-1.3830045024162125,-1.3473475662048506,0,2,1,1,0,0
-0.25017147156896485,1.013003777355268,1.5293288003216368,-0.30845412549449536,-0.4973490918846828,-0.8754561832578582,-0.8617429370102192,1,3,0,3,0,2
-0.6544031447391474,1.6133773282269348,0.3203583657822995,-0.6307639305448587,0.4428560059219035,2.9107342240192056,2.940202069962968,1,3,0,1,0,0
-0.7317315354194861,0.3303704557097739,-0.08263177906414627,-0.7508610589167608,-0.34064824225025175,0.7996501892693689,0.8356229356433951,1,3,0,3,0,2
-0.47928033723274377,-0.20002090211550216,-1.4930972860267064,-0.4902006945674993,-0.027246542981389666,2.0352768687581997,2.0569777627122656,2,1,0,4,0,2
0.3069469482682108,-0.9931524233079289,-0.28412685148736916,0.381115585972819,-0.34064824225025175,-0.7491732876984692,-0.7637537275993788,2,1,0,0,2,3
-0.19651729491665543,-1.1809993625377142,0.1188632933590766,-0.17473385187601584,-0.027246542981389666,1.009165056837201,1.0178479438327286,2,1,1,3,0,3
-0.666572133258228,1.0964913059018393,0.3203583657822995,-0.6483421824759266,-0.027246542981389666,-0.0954095876825622,-0.06162577164272926,1,3,1,3,0,2
-0.7754292669198205,-0.33139098379907744,0.5218534382055223,-0.7757845089761676,0.1294543066530414,0.8491904989965345,0.8873092752958525,1,1,1,0,0,0
2.1235003662460388,-1.2362484623111805,-1.2916022136034835,2.0519912114919894,-1.124152490422407,0.1623672924216885,0.05491643391058846,3,4,0,4,3,1
-0.768017246640017,-0.27368636848012384,-0.08263177906414627,-0.7661164704140803,1.2263602540940588,-0.7103964081463439,-0.6707317260098491,1,3,1,2,0,0
0.4115449359481253,-0.35840165479943875,-1.0901071411802608,0.6297850713262451,-1.5942550393257002,2.060087582285384,2.036765305689103,2,1,1,3,2,3
-0.7171840627807672,1.7496584410014848,1.3278337278984138,-0.6935434017272435,0.7562577051907656,1.5312753348030548,1.5656125134234031,1,3,1,2,0,0
-0.6799580206292165,-0.7279567443952908,1.3278337278984138,-0.7162695702952668,1.2263602540940588,-0.03966240384977991,-0.005271150623899115,1,3,1,2,0,0
1.5360701022795171,-1.1969602135833821,-0.8886120687570378,1.2687545290205573,-1.5942550393257002,-0.3876081860129149,-0.4647127307484658,3,0,0,3,3,3
-0.6372559336440795,1.35923146926899,-0.28412685148736916,-0.6762790471520876,-0.027246542981389666,0.4597154424548086,0.49133508959453537,1,3,1,1,0,0
0.7714151146078416,-1.0336684298084708,-1.0901071411802608,0.5879111640475945,0.7562577051907656,0.33960865235968374,0.3002288926178298,2,0,0,2,2,3
2.350562629295245,-1.338152357448907,-1.2916022136034835,2.0354802105710226,-1.9076567385945622,-0.6619581752094502,-0.7798622317038094,2,4,0,4,3,1
-0.7308465180726439,2.1597295370978786,2.3353090900145284,-0.715641775583443,-0.027246542981389666,0.9667938405452299,1.0025160897701004,1,1,1,0,0,0
-0.09684221622855067,-0.6788464334855431,-1.2916022136034835,-0.23148649382489161,1.5397619533629208,-1.15517110464663,-1.148857606420651,2,0,1,2,0,3
0.1145663024983839,-0.4922272520285014,0.1188632933590766,0.3398694734059921,-0.6540499415191139,0.9814257280830765,0.9744309715318343,0,0,1,2,0,3
-0.1711283597791193,-0.47135536989185867,-0.687116996333815,-0.13650115392594347,-0.967451640787976,-1.165763908719623,-1.1556854218960637,2,0,0,2,0,3
3.363575609924517,-1.2116933068563065,-1.2916022136034835,2.787327157451262,-1.124152490422407,-0.7783083939103238,-0.9472331094173789,3,4,0,2,1,1
-0.32777643017019176,-0.7402343221227278,-0.8886120687570378,-0.22715471031330708,-0.4973490918846828,-0.9391388794104399,-0.9214276546111656,2,4,1,0,0,0
0.678764861110297,-0.024451540613153827,0.1188632933590766,0.599588145687518,0.7562577051907656,-0.7281722914006002,-0.7615578753229163,2,0,1,0,2,3
-0.7330590614397494,1.346953891541553,0.9248435830519681,-0.7492915721372012,-0.34064824225025175,0.15471429217249155,0.1915481734588699,1,1,1,3,0,2
-0.740637022472086,0.4875234506209668,0.9248435830519681,-0.7610941127194896,1.3830611037284897,2.9359784956745423,2.96977064565518,0,3,1,1,0,0
-0.638694086832698,-0.88388198153374,0.3203583657822995,-0.668494392725472,1.0696594044596277,0.0432898532372744,0.0754948663131615,1,3,1,1,0,0
-0.6381962645750993,1.177523318902923,0.9248435830519681,-0.603078183753427,0.5995568555563345,-0.6056403729370349,-0.5726614991486048,1,3,1,1,0,0
0.29732238462130167,-1.048401523081395,-0.687116996333815,0.24689307658488027,1.6964628029973519,-0.811787472851346,-0.8258047134931543,2,1,1,0,2,3
-0.4341997661279683,-0.44311694111875366,0.1188632933590766,-0.45799482585093587,-1.124152490422407,-0.45425865748143157,-0.43176935919115633,2,1,1,4,0,2
-0.5090390455203133,2.066419946369358,0.5218534382055223,-0.5491506180077586,0.1294543066530414,0.8831562819007732,0.9077787531961584,1,3,1,3,0,2
-0.19684917642172126,-0.08338391370485117,-0.8886120687570378,-0.21441047766328294,-0.027246542981389666,2.2880468517695913,2.2951718606047153,2,0,1,0,0,3
-0.7089976523224767,2.2886441032359666,-0.687116996333815,-0.7094893874075693,0.4428560059219035,0.9114270690055363,0.9461139757631025,1,3,1,3,0,2
0.6433641672366085,-0.5499318673474551,-0.28412685148736916,0.5555169569174838,-1.9076567385945622,-0.7496432087664024,-0.7812143850139975,2,0,0,1,2,3
-0.12438838114901478,-0.5229211963470938,-0.8886120687570378,-0.02688819724149962,-0.967451640787976,-0.2769138030225223,-0.2702904057155758,0,4,1,2,0,0
-0.46838356114974894,-0.7844336019415008,0.9248435830519681,-0.4045067164035441,0.5995568555563345,-0.7153641451502084,-0.6908268474151855,1,3,1,0,0,0
1.9553470703460174,-0.43206712116406043,-0.485621923910592,2.3293509151757656,-0.34064824225025175,-1.143965724895796,-1.2413152795625402,2,0,0,4,3,3
0.33366340942601014,0.049213925751467845,-0.687116996333815,0.5027194216530982,1.0696594044596277,1.7487900491226054,1.7297845986986145,0,0,0,3,2,3
1.5979106893901172,-1.1662662692647898,-1.4930972860267064,1.5776295272378902,-1.124152490422407,1.039228816588066,0.9572440972254772,2,4,1,3,3,1
-0.6759201289842488,0.965121224218264,0.9248435830519681,-0.6713822483998616,1.2263602540940588,1.7257611196446678,1.7577747309605452,1,3,1,2,0,0
-0.682779013422276,1.7398363788195352,1.5293288003216368,-0.7062248549060852,0.28615515628747246,1.0586773950722275,1.0918587816292216,1,3,1,1,0,0
-0.2914354053654832,-0.43329487893680413,-0.687116996333815,-0.1685814637001421,0.7562577051907656,-1.1085705987432608,-1.0924862231707027,2,0,1,3,0,3
-0.5257990615261378,0.23337759166302202,0.3203583657822995,-0.5021915735633348,0.4428560059219035,0.9795600295574133,1.004910295114793,1,3,1,3,0,2
-0.7536910283380086,1.4402634822700737,1.1263386554751909,-0.7435158607884218,-0.4973490918846828,0.3144566866284053,0.3521359349800083,1,3,1,3,0,2
-0.6292907775224995,0.13761248538901386,0.9248435830519681,-0.6702522179185788,-0.6540499415191139,-1.3268629205442721,-1.293445818339626,1,3,1,0,0,0
-0.7255917275757683,0.21250570952637923,1.7308238727448595,-0.732466673860322,0.1294543066530414,-0.643130563850772,-0.6056914755666908,0,3,1,1,0,0
-0.7353822319752102,-0.27491412625286754,-0.485621923910592,-0.757578462333276,-0.6540499415191139,0.7651809195066307,0.8013804911744378,1,3,1,2,0,0
-0.6176196112610177,2.2812775565995045,0.3203583657822995,-0.595230749855629,0.7562577051907656,0.8322621519540859,0.8624313306115039,1,2,1,0,0,0
3.303283803170892,-1.3037751398120836,-1.4930972860267064,3.4532917877540004,-1.280853340056838,0.5889773019269878,0.42141423619084295,3,0,1,2,1,3
-0.7133674254725101,1.5900499305448046,-0.485621923910592,-0.7254353730878951,0.1294543066530414,0.23274356664310336,0.26848681429064586,1,2,1,2,0,0
1.5551532888208024,-0.9673695100803112,-0.28412685148736916,1.9372931176417727,-0.027246542981389666,-1.2079449188650495,-1.2850032412665096,2,4,2,0,3,1
-0.634877449524441,0.14497903202547602,1.5293288003216368,-0.6332123299209718,-0.34064824225025175,-0.5975901774994661,-0.5647888379335014,1,2,1,1,0,0
-0.1269881196053638,-1.032440672035727,-0.687116996333815,-0.09280664198300363,-1.280853340056838,0.8854863071959416,0.8908097878943354,2,1,1,1,0,3
-0.6208831127274984,0.8190180492617644,0.3203583657822995,-0.6480282851200145,0.9129585548251966,0.9290826748435957,0.959297470537436,1,2,1,2,0,0
-0.7333909429448153,-0.029362571704128607,1.3278337278984138,-0.750735499974396,1.2263602540940588,-0.8386205252601708,-0.8005468249034634,1,1,1,0,0,0
3.375965852780308,-0.9906969077624415,-0.485621923910592,2.974723878930681,1.5397619533629208,1.2008453010172848,1.0288579359720906,2,1,1,1,1,3
-0.5689436571846959,0.5083953327576096,2.536804162437751,-0.517572544003019,0.7562577051907656,-0.6212736398934533,-0.5917732363283499,1,3,1,2,0,0
1.1457774523220994,0.0835911433882913,-1.6945923584499292,0.8196301921817765,-1.5942550393257002,1.934691383026797,1.874439859542062,2,4,0,4,2,1
-0.6156836358148005,-0.6051809671209214,-0.28412685148736916,-0.6067821725531878,0.9129585548251966,0.7562524192159011,0.786417406196406,0,4,0,3,0,2
-0.6437829365770408,0.6066159545771052,0.7233485106287452,-0.600127548607855,-0.027246542981389666,0.1163290135103105,0.14870111701598868,1,1,1,4,0,2
0.034472232609163156,-0.04900669606802772,-0.28412685148736916,-0.04176693191172484,1.6964628029973519,-0.10143744423849003,-0.10305362585095054,0,0,0,3,0,2
-0.2740116263495271,-0.6014976938026902,1.1263386554751909,-0.34718905921402676,-0.027246542981389666,-1.2913978656613898,-1.2759683986938894,1,3,1,4,0,2
-0.3111270413327225,-0.8200385773510679,-0.08263177906414627,-0.2320515090655331,0.9129585548251966,-0.4748093127558646,-0.45851070523479315,1,2,0,4,0,2
-0.05187227229213055,-0.546248594029224,-0.8886120687570378,0.03388233086304888,-0.4973490918846828,-0.7014707050048281,-0.6979871138077725,2,4,1,0,0,0
-0.6626448687816157,0.9295162488086969,0.3203583657822995,-0.6325217557379655,1.0696594044596277,-0.1973992423193362,-0.1636882032152522,1,2,1,4,0,2
0.7357931663974424,-0.08461167147759487,-1.6945923584499292,0.7426625605121728,0.28615515628747246,0.15983866953233403,0.1224794001370109,0,0,2,3,2,3
-0.6051187412368715,0.788324104943172,0.9248435830519681,-0.6047732294753515,-0.027246542981389666,0.3525007130864923,0.3826292270888986,1,3,1,2,0,0
-0.5894649969145997,0.13392921207078276,1.1263386554751909,-0.595544647211541,0.5995568555563345,1.378383158771952,1.4064579226628564,0,1,1,1,0,0
2.7936244385581297,-0.6395581847577448,-1.0901071411802608,2.350695935377776,1.0696594044596277,2.2936411501973666,2.1497203937831615,2,4,0,4,1,1
-0.5231440094856111,-0.5843090849842786,1.3278337278984138,-0.5449443934385388,0.9129585548251966,0.10385093086715722,0.130145327168325,1,3,0,1,0,0
0.7966381089928448,-0.6714798868490809,-0.28412685148736916,1.0527303686819711,-1.4375541896912691,-0.7279149536729226,-0.7672542401978616,2,0,0,4,2,3
0.33438248602031945,-1.004202243262622,-0.687116996333815,0.3856984873691331,-0.18394739261582072,-0.5570986454792274,-0.5733012576362765,2,0,1,4,2,3
-0.6609854612562864,2.167096083734341,1.5293288003216368,-0.6764046060944525,1.3830611037284897,-1.1742868223743388,-1.1394567884686204,1,1,1,3,0,2
-0.5129663099969256,0.6581817810323404,0.7233485106287452,-0.5023799119768819,-0.6540499415191139,-0.6421403730290558,-0.6154415066670139,1,2,1,0,0,0
-0.14380344919536586,-0.486088463164783,-1.4930972860267064,-0.193693252173096,0.9129585548251966,2.273876493852036,2.278339786857023,0,4,0,2,0,0
-0.38834480484470596,-1.1552164493100965,-0.28412685148736916,-0.4649633471521806,0.28615515628747246,-0.1845799074720888,-0.1647386363653155,0,0,2,3,0,3
-0.40012659827454294,1.125957492447688,1.5293288003216368,-0.3755653801884647,-0.6540499415191139,-0.3459614313673407,-0.3253263978864541,0,3,1,1,0,0
1.082332771270348,-1.168721784810277,-1.0901071411802608,0.9917715021638756,-1.750955888960131,-0.333052587745249,-0.3873075411505711,2,1,2,0,2,3
-0.411742450951847,-0.20493193320647693,-1.2916022136034835,-0.4738780320600792,1.0696594044596277,-0.056744594098992136,-0.03587898464542907,2,0,0,4,0,3
-0.5682798941745643,-0.35471838148120766,0.1188632933590766,-0.5922173352388745,0.1294543066530414,-0.14108144004692083,-0.11220580404139692,1,2,1,0,0,0
-0.11813794613694165,-0.6874407378947489,-1.2916022136034835,-0.002718100836281522,-0.18394739261582072,-1.0955302891081162,-1.0882146479407904,0,0,0,4,0,3
-0.6332733555832896,-0.5401098051655056,-1.0901071411802608,-0.6558129395466303,-0.8107507911535449,-1.2457260132970311,-1.2122076652260743,2,4,0,3,0,2
0.21374355892888972,-1.2460705244931298,-1.0901071411802608,0.15743233014998198,-1.9076567385945622,-0.8153510409498389,-0.825142605363992,3,0,0,2,0,3
-0.7006453011116532,1.2241781142671835,1.1263386554751909,-0.7035881171164251,-0.027246542981389666,-0.4272326017768483,-0.39131930179815394,1,3,1,0,0,0
-0.8087833581789367,0.9049610933538229,1.3278337278984138,-0.8096854234146553,0.9129585548251966,-0.06179344843005952,-0.020868406679229737,1,2,0,3,0,2
-0.7337228244498811,-0.2773696417983549,0.3203583657822995,-0.7609057743059423,1.2263602540940588,0.22966670250782686,0.26644182209424583,1,1,1,1,0,0
-0.6822811911646772,-0.3191134060716405,0.3203583657822995,-0.6796063591247541,-0.34064824225025175,-0.4952900392999505,-0.4602204528088326,0,2,1,1,0,0
-0.04429431125979404,-0.24544793970701884,-0.08263177906414627,-0.09550615924384621,1.6964628029973519,-0.5386989979502739,-0.5357985592148616,2,4,1,4,0,2
-0.6799027070450387,2.2849608299177357,1.1263386554751909,-0.7059737370213557,1.2263602540940588,0.3715492992330675,0.40543144881979754,1,2,1,4,0,2
-0.6879784903349739,1.6661709124549136,1.5293288003216368,-0.6789157849417479,-0.18394739261582072,-0.5121316747167683,-0.4767536001015869,1,3,0,1,0,0
-0.787764196191434,0.7674522228065291,2.9397943072841968,-0.7819368971520413,0.1294543066530414,0.28851592481881067,0.3279480354766852,1,3,1,4,0,2
1.7592604144362889,-1.3135972019940332,-1.2916022136034835,1.4228781307733118,-1.4375541896912691,-0.2961525953156422,-0.3846423464028037,3,4,0,4,3,1
-0.7361566221536973,1.0510642683103226,0.1188632933590766,-0.7437669786731513,-0.4973490918846828,-1.199866751935342,-1.1612085770494558,0,3,0,3,0,2
-0.6334392963358224,1.1713845300392047,1.1263386554751909,-0.6561896163737246,0.1294543066530414,0.3360842443501851,0.36766334840568043,1,3,0,2,0,0
-0.7493212551879752,0.022203254751106564,1.5293288003216368,-0.764107527336244,0.5995568555563345,0.6940018634608301,0.7309930890046267,1,2,1,3,0,2
0.8868545647865733,-0.9587752056711054,-0.28412685148736916,0.8365178699298379,0.28615515628747246,-0.2060368390918215,-0.2505752282155813,2,4,1,4,2,1
0.23686463711514266,-0.6285083648030515,-0.28412685148736916,0.5009615964599914,-0.34064824225025175,-1.2353150239229411,-1.2457572708088194,2,1,0,1,0,3
-0.7164649861864578,-0.9194869569433072,0.5218534382055223,-0.6924133712459606,0.5995568555563345,-0.3912864372291773,-0.3546183967652184,1,1,1,4,0,2
-0.5595956614586749,0.8214735648072518,0.7233485106287452,-0.5636526758508894,1.0696594044596277,-0.6866877714094315,-0.657578961992565,1,3,1,2,0,0
-0.6625895551974379,1.8245516651388503,3.1412893797074197,-0.6993818925472053,-0.34064824225025175,-0.7919165248358875,-0.7574762720456751,1,3,1,3,0,2
-0.7118739586997138,0.8128792603980458,-0.485621923910592,-0.7415696971817679,0.28615515628747246,1.0798685975166409,1.1144933810489401,1,2,1,1,0,0
-0.11758481029516514,-0.2552700018889684,-0.687116996333815,-0.0265115204144053,-1.9076567385945622,-0.6402858631002482,-0.6335586848004223,2,4,0,2,0,1
0.03845481066995313,0.040619621342261984,-0.687116996333815,0.20414025670967623,-1.124152490422407,0.6215081472845021,0.6188006824264387,2,1,0,1,0,3
0.9819939295721116,-1.1662662692647898,-0.8886120687570378,0.9301848409339561,-1.4375541896912691,-0.7777629498136156,-0.8264025664030309,2,0,1,3,2,3
-0.6279632515022362,1.8073630563204384,0.9248435830519681,-0.6378580107884683,1.3830611037284897,-0.4333611557044764,-0.40111123847627206,1,3,1,4,0,2
3.3231966934748414,-1.1834548780832015,-1.2916022136034835,3.1832772821985635,-1.750955888960131,0.5240023228375901,0.35551352455029217,3,4,0,1,1,1
-0.7647537451735362,-0.7021738311676732,1.3278337278984138,-0.768502090319011,0.9129585548251966,-0.5793611560725598,-0.5400226414566062,0,2,1,3,0,2
-0.3511740762773329,0.49857327057566003,1.9323189451680824,-0.23939670719387213,1.2263602540940588,1.54613658857644,1.5619695218604168,0,3,1,2,0,0
0.6057509299958143,0.0835911433882913,-0.8886120687570378,0.3920392139585539,-1.4375541896912691,-1.259857211125592,-1.2889004600014524,2,4,0,0,2,1
2.303546082744252,-1.3430633885398817,-1.0901071411802608,1.9440105210582879,-1.5942550393257002,1.652707973625562,1.5343286027467793,3,4,1,2,3,1
-0.6554541028385226,0.8730393912624869,-0.28412685148736916,-0.6976240673540985,1.2263602540940588,-0.520086767081065,-0.4863415963011023,0,2,1,2,0,0
0.14294217118151245,-0.5229211963470938,-1.0901071411802608,0.25838171981125674,1.5397619533629208,0.5666728340954472,0.5587555768564545,0,4,1,2,0,0
0.16468040976332443,0.035708590251287205,-0.8886120687570378,0.15856236063126494,-0.6540499415191139,-0.03975750692305214,-0.04802601479563118,2,0,0,0,0,3
-0.6352093310295068,1.596188719408523,1.1263386554751909,-0.5881994490832019,0.9129585548251966,0.7495840154899928,0.7807433909629516,1,3,1,1,0,0
-0.7478831019993566,2.0934306173697195,0.1188632933590766,-0.7577668007468231,0.9129585548251966,0.5125451996575059,0.549687209821598,1,2,1,2,0,0
3.2695978304067093,-1.3123694442212894,-1.2916022136034835,3.2662717431016755,-1.124152490422407,-0.5944881390212645,-0.7588926805751489,3,4,1,4,1,1
-0.7742123680679125,-0.6235973337120768,0.7233485106287452,-0.7850758707111606,1.0696594044596277,0.3523161012383757,0.39098519930123854,1,3,1,2,0,0
-0.6076631661090428,1.9178612558673709,0.3203583657822995,-0.5746390833078068,1.2263602540940588,1.3529039265826488,1.3819291911268003,1,3,1,4,0,2
-0.46019715069145845,1.491829308725309,2.3353090900145284,-0.44160938387233345,1.3830611037284897,-0.7534025773098676,-0.7292319126117877,1,3,1,2,0,0
0.17010114101273296,-0.20247641766098953,-1.6945923584499292,0.03620517129679696,1.0696594044596277,-0.9334774494015311,-0.940919335696253,2,0,0,1,0,3
-0.6582197820474045,-0.3056080705714599,-0.08263177906414627,-0.6718217046981384,-0.027246542981389666,-1.1750951984971523,-1.1404038545267892,1,3,1,0,0,0
-0.39194018781625245,-0.036729118340590776,0.1188632933590766,-0.48216492225615404,0.5995568555563345,-0.798856252035543,-0.7780770540897388,1,2,1,1,0,0
-0.7313443403302426,2.250583612280912,0.5218534382055223,-0.7466548343475411,0.9129585548251966,-0.016639068670269985,0.020319188882966233,1,3,1,4,0,2
1.259557494975502,-0.5008215564377073,-0.687116996333815,1.0733220352297934,-1.280853340056838,2.559943741105547,2.493175715686492,2,4,1,1,2,1
-0.4283918397893163,0.08727441670652238,-0.687116996333815,-0.4310624327136928,-1.124152490422407,-0.8394233070845566,-0.816753108689416,2,0,0,0,0,3
0.32520043104683144,-0.5879923583025096,0.1188632933590766,0.4626661190387367,-0.8107507911535449,-0.4617494230762228,-0.4776056801834202,2,0,0,4,2,3
-0.6677337185259583,0.655726265486853,1.9323189451680824,-0.6942339759102498,0.4428560059219035,-0.9483163259812055,-0.9134236892523044,0,2,1,4,0,2
2.5923383057357032,-0.9428143546254374,-1.0901071411802608,3.403193769750457,-0.027246542981389666,-0.3435866516847501,-0.4740939927641922,2,0,1,1,1,3
-0.6718269237551036,2.1486797171431857,0.9248435830519681,-0.6866376598971812,0.5995568555563345,0.6619717078126017,0.6950883899497977,1,2,0,4,0,2
-0.5235865181590322,0.9319717643541843,1.7308238727448595,-0.5910245252864093,-0.4973490918846828,0.20637484100378398,0.23256535300469902,1,1,1,4,0,2
-0.5106431394614648,1.037558932810142,0.5218534382055223,-0.5689261514302097,-0.18394739261582072,-0.05707465770623096,-0.031213496984242986,1,1,0,3,0,2
-0.3766736385832242,-0.9293090191252568,-0.8886120687570378,-0.4495823767124963,1.6964628029973519,0.4189609784084643,0.43746965989673325,2,0,0,4,0,3
-0.7046278791724432,-0.8482770061241729,0.5218534382055223,-0.7094266079363868,-0.027246542981389666,-0.6075508258501202,-0.5712143598620811,1,3,1,0,0,0
-0.7282467796162949,0.45314623298414336,0.5218534382055223,-0.7120005662548646,0.28615515628747246,1.1951335223225261,1.2304433211027543,1,3,1,4,0,2
0.9944947995962582,-1.125750262764248,-0.28412685148736916,0.7488149486880467,-0.18394739261582072,0.40254450967215744,0.3518202462939519,2,0,0,1,2,3
-0.259630094463341,-0.9059816214431266,0.3203583657822995,-0.27449043158482517,0.7562577051907656,-0.2914366017410273,-0.27796471386244886,1,2,1,2,0,0
0.18315514687865558,-1.000518969944391,-0.485621923910592,0.08950494233064168,0.9129585548251966,-0.6608533012699646,-0.6692901741336981,0,0,0,1,0,3
-0.7130355439674443,-0.3890955991180311,0.9248435830519681,-0.729013802945291,1.0696594044596277,0.3002863287108502,0.33592965119405593,1,2,1,3,0,2
-0.7888704678749867,0.052897199069698926,0.9248435830519681,-0.7801162924877522,1.3830611037284897,-0.4928005764995904,-0.45235058529891575,1,3,0,0,0,0
-0.7726635877109387,1.3444983759960656,0.3203583657822995,-0.7631030557973258,-0.4973490918846828,-0.47562328317710584,-0.4360129973692053,1,3,1,0,0,0
-0.6493696085789823,0.046758410205980455,0.7233485106287452,-0.6517322739197753,1.0696594044596277,-0.8603571718012922,-0.8265003460845527,0,3,1,0,0,0
-0.588801233904468,-0.5167824074833753,0.5218534382055223,-0.5588186565698458,0.28615515628747246,0.5932905060148027,0.622298401319735,1,2,1,4,0,2
0.3593289124844345,-0.22703157311586342,-0.687116996333815,0.3231701340714778,-1.750955888960131,0.40329134851226545,0.38464628223343517,2,1,0,1,2,3
1.53319379590228,-1.237476220083924,-1.0901071411802608,1.4894871496978221,-1.280853340056838,-0.18324846444627818,-0.2604593571648487,2,4,0,0,3,1
-0.6625895551974379,0.4605127796206055,2.1338140175913054,-0.6650415218104408,-0.34064824225025175,2.745554171491494,2.7756388659616693,1,1,0,3,0,2
-0.6870934729881318,1.4893737931798217,-0.08263177906414627,-0.6907811049952186,1.3830611037284897,0.28489641373603986,0.31924843752642573,1,3,1,1,0,0
-0.6863190828096448,0.08481890116103499,0.9248435830519681,-0.7125028020243237,0.5995568555563345,0.8741186927907021,0.9077061168613135,1,2,0,4,0,2
2.4970330001976317,-0.0023519007037673266,-1.6945923584499292,2.1535056163939057,0.5995568555563345,2.484031908589848,2.354856578205662,0,1,1,1,1,3
3.0445821699720765,-1.205554517992588,-1.4930972860267064,2.701758738229672,-1.750955888960131,-1.2465595637627696,-1.39879644091647,2,4,0,1,1,1
-0.5234205774064993,0.3082708158003874,1.1263386554751909,-0.4637705371997153,1.3830611037284897,-0.7333861775352869,-0.7060469532703604,1,2,1,1,0,0
0.30202403927640087,0.00010361484172006234,-0.08263177906414627,0.45569759773749213,1.3830611037284897,2.444069037771034,2.4258055151179265,0,0,1,3,2,3
-0.02498987038179829,-0.7242734710770597,-0.28412685148736916,0.10111914449938283,-0.027246542981389666,-0.407012010109654,-0.4052487158572401,0,0,2,1,0,3
-0.6898591521970137,0.7932351360341467,1.1263386554751909,-0.6755256934978991,0.1294543066530414,0.20967267992695757,0.24425700920952784,1,2,1,2,0,0
0.14836290243092098,-0.35840165479943875,-0.485621923910592,0.316013274356686,1.5397619533629208,-1.0659448418728257,-1.072125699772664,0,4,1,1,0,0
-0.6037912152166081,0.7085198497148318,1.1263386554751909,-0.6138762527967973,0.5995568555563345,-0.9270412090603756,-0.8954042908004178,1,3,1,4,0,2
3.4961069576141393,-0.486088463164783,-0.485621923910592,3.403382108164004,-1.280853340056838,2.30995412441276,2.130533226563385,2,0,1,3,1,3
-0.7018068863793836,2.2100676057803703,0.9248435830519681,-0.7109960947159465,-0.6540499415191139,-1.380405950796511,-1.3432603755172368,1,3,1,2,0,0
2.910833923430546,-1.1625829959465588,-1.4930972860267064,2.6942252016877855,-1.5942550393257002,-0.5653194670188434,-0.711639951053411,3,4,1,0,1,1
-0.6472676923802321,-0.015857236203947966,0.5218534382055223,-0.6512928176214986,-0.18394739261582072,0.22178993032151909,0.25420818708326737,1,3,1,1,0,0
-0.634103059345954,-0.42715609007308564,1.5293288003216368,-0.6496605513707565,0.4428560059219035,0.5780012884116925,0.6093160533188179,1,1,0,3,0,2
0.4123746397107899,-0.35594613925395135,-0.687116996333815,0.40484622607976034,-0.34064824225025175,-0.9775884925045404,-0.9972124952009839,0,1,1,1,2,3
-0.09667627547601776,-0.9685972678530549,-1.0901071411802608,-0.20342407020636563,1.5397619533629208,-0.13467876549633173,-0.12963014328859324,2,4,1,3,0,2
-0.6335499235041776,-0.7279567443952908,2.1338140175913054,-0.6679921569560129,0.4428560059219035,1.6604896427385982,1.6904436422645888,1,3,1,3,0,2
0.06882196838347675,-0.6432414580759759,-0.8886120687570378,0.0471915787537143,-0.34064824225025175,-0.5910979941740326,-0.5938461655766135,2,4,1,1,0,0
0.7899451653073507,0.007470161478182229,-0.08263177906414627,0.6152202340119318,0.5995568555563345,-0.592035039160685,-0.6312035913283386,2,0,1,4,2,3
2.3637825759137003,-1.2325651889929492,-0.28412685148736916,1.8089718785449782,-1.5942550393257002,-0.19890131144719386,-0.31804320846566814,3,4,1,2,3,1
-0.0932468332570043,-0.23808139307055667,-0.08263177906414627,0.05767575044117265,-0.18394739261582072,-1.00251109200028,-0.9965671493029394,2,4,1,3,0,2
-0.1752215650082646,-0.8716044038063031,-0.8886120687570378,-0.08533588491229986,-1.9076567385945622,-0.9607048998495142,-0.9506721605017624,2,0,1,1,0,3
-0.760826480696924,-0.4075119657091865,0.1188632933590766,-0.7762239652744443,0.4428560059219035,0.037751497793776664,0.07613183109564672,0,2,1,4,0,2
-0.6086034970400627,1.2180393254034652,0.9248435830519681,-0.577778056866926,0.7562577051907656,1.0444930514086026,1.073945543974416,1,1,1,2,0,0
-0.4474750263306016,0.1940893429352238,-0.08263177906414627,-0.4294301664629508,0.28615515628747246,-1.001962850754358,-0.978128695073102,0,3,1,0,0,0
-0.6736522720329656,-0.08461167147759487,1.9323189451680824,-0.6389252617985688,0.1294543066530414,0.16616302390493407,0.19998236941642722,1,3,1,2,0,0
3.0896074274926733,-0.3964621457544933,-0.687116996333815,2.6176342468452765,-1.280853340056838,0.8610532088126323,0.7039472290956788,2,0,0,0,1,3
-0.577019440474631,-0.9379033235344626,-0.8886120687570378,-0.5214648712163269,-1.750955888960131,0.34011773351661123,0.36884229199431556,2,1,1,0,0,3
-0.23772591512899616,-0.6997183156221858,-0.687116996333815,-0.20298461390808897,-0.18394739261582072,-1.0544317757084638,-1.0411267470250465,0,4,0,2,0,0
-0.7491000008512646,2.227256214598782,0.3203583657822995,-0.7639819683938792,0.28615515628747246,0.2854250749374647,0.32290819132052967,1,2,1,3,0,2
0.721190380174546,-0.8531880372151477,-0.8886120687570378,0.8920149224550663,-1.5942550393257002,-0.9646852431808765,-0.9999223892317326,2,0,1,2,2,3
-0.43663356383178437,0.7428970673516553,0.9248435830519681,-0.35177196061034083,-0.027246542981389666,-0.11988464330407975,-0.09768412448280692,1,3,0,3,0,2
-0.6980455626553043,-0.795483421896194,2.1338140175913054,-0.6693733053220253,-0.34064824225025175,-0.26110990996405664,-0.22553245492523866,1,3,1,2,0,0
1.5877329899014316,-1.233792946765693,-0.8886120687570378,1.673054323435115,-1.4375541896912691,0.04510240592787352,-0.03514424018142188,3,4,0,1,3,1
-0.6030721386222988,1.1308685235386629,1.9323189451680824,-0.6102350434682189,0.5995568555563345,-0.21928973206722155,-0.18856056048922826,1,3,1,1,0,0
-0.7346631553809009,1.2524165430402885,-0.08263177906414627,-0.743704199201969,-0.4973490918846828,0.3172790101852181,0.3539937489289239,1,2,1,3,0,2
-0.4737489788149799,0.631171110031979,0.1188632933590766,-0.43219246319497573,-0.4973490918846828,-0.6363139112165276,-0.6116029557409841,1,3,1,4,0,2
0.10676708712933687,-0.7856613597142444,-0.08263177906414627,0.015236827921880608,-0.967451640787976,-0.6669566808546675,-0.6715279319879557,0,4,1,2,0,0
-0.7227707347827087,-0.8224940928965553,-0.08263177906414627,-0.753183899350509,0.1294543066530414,-0.6624113133821,-0.6250909643806287,0,3,1,1,0,0
-0.8028094910877518,1.5372563463168256,1.1263386554751909,-0.7991384722560148,-0.027246542981389666,1.1837575164696448,1.2228472367010985,1,3,1,3,0,2
-0.6881997446716845,2.2211174257350637,1.1263386554751909,-0.7072921059161859,0.5995568555563345,-0.8354793266929749,-0.7996919511164436,1,3,1,1,0,0
-0.7214432087624454,0.08727441670652238,1.1263386554751909,-0.6993818925472053,1.2263602540940588,-1.1433419606210988,-1.1054965082234833,1,2,1,0,0,0
-0.1996148556306032,-0.9526364168073869,-1.0901071411802608,-0.26701967451412134,-1.124152490422407,0.31499653642668574,0.32469057522941397,2,4,1,4,0,2
2.2731236114465507,-1.1834548780832015,-1.0901071411802608,2.2490559715334952,-1.750955888960131,-0.028655621693131638,-0.14342825320392166,3,4,1,1,3,1
3.0103983749502956,-1.2239708845837434,-1.2916022136034835,3.150443618770176,-1.280853340056838,-0.3398021087983598,-0.4914289334454256,3,0,0,0,1,3
0.47731278753533746,-0.12758319352362418,-0.28412685148736916,0.19968291425572704,0.9129585548251966,-0.9292117968503524,-0.9521751738920128,2,4,1,3,2,1
-0.6208831127274984,-0.5118713763924005,-0.08263177906414627,-0.6079749825056531,0.4428560059219035,-0.9764025012378521,-0.9438415513211634,1,3,1,1,0,0
1.9713880097575325,-0.8126720307146057,-1.2916022136034835,1.4311022414982044,0.7562577051907656,-0.7985989143078653,-0.8971838810041158,0,1,1,4,3,3
0.07053668949298356,-0.3461240770720018,-0.485621923910592,0.11229389036984733,-0.967451640787976,1.6338384050286758,1.6282641459322418,0,0,0,1,0,3
2.905468505765315,-1.2166043379472813,-0.8886120687570378,3.15502652016649,-1.9076567385945622,-0.4504265630584053,-0.5966175211214617,3,4,0,1,1,1
-0.000873147680347806,-0.7721560242140638,-1.0901071411802608,0.016617976287893067,-1.280853340056838,-0.7861543974552788,-0.7851423345059901,2,4,0,2,0,1
-0.7265873720909658,1.0608863304922722,-0.08263177906414627,-0.717274041834185,0.1294543066530414,-0.8574425423204213,-0.8196892928402582,0,1,1,2,0,0
0.10057196570144133,-0.9992912121716473,-1.2916022136034835,0.07720016597889423,-0.34064824225025175,-0.6346160416436978,-0.6389142176426341,2,0,1,4,0,3
-0.37164010242305906,-1.1515331759918654,-1.2916022136034835,-0.40325112697989635,-1.750955888960131,2.5761923808890206,2.5917907150590724,2,0,0,4,0,3
0.8574830515882472,-1.3062306553575709,-1.0901071411802608,0.9907670306249576,-1.280853340056838,0.35437760020901093,0.3106326507317562,3,4,1,0,2,1
-0.5414528058484095,1.9964377533229674,0.1188632933590766,-0.5665405315252792,0.7562577051907656,0.2622478965511912,0.28927198087700823,1,3,1,4,0,2
-0.5515198781687397,-0.7709282664413201,-1.0901071411802608,-0.4908912687505054,-1.280853340056838,1.7294813280991388,1.7552073158942993,0,1,1,1,0,3
-0.747053398236692,1.6784484901823504,0.9248435830519681,-0.7501077052625722,-0.18394739261582072,2.624834805718528,2.65933412534919,1,2,0,2,0,0
1.8549529150636037,-1.2669424066297728,-1.2916022136034835,1.8277429404285113,-1.4375541896912691,-1.0931219436349586,-1.1854635254772508,3,0,0,4,3,3
0.2847108874288001,-0.4161062701183924,-0.687116996333815,0.23232823927056703,1.6964628029973519,-0.5767598073036442,-0.5904294641337209,2,1,1,1,2,3
1.185935114435065,-0.3473518348447455,-0.687116996333815,1.0418695201674188,1.5397619533629208,-0.02729341002596835,-0.08715744334068148,0,0,1,3,2,3
0.7491790537684311,-0.9072093792158702,-0.687116996333815,0.770097189418875,1.5397619533629208,-0.8384387105612681,-0.8752449141757956,2,4,0,3,2,1
0.07380019095946425,-0.7009460733949295,-0.8886120687570378,0.1739433310709493,0.9129585548251966,-0.8898922703507327,-0.8925239807533023,2,4,0,1,0,0
1.5640587758734021,-1.3614797551310371,-1.2916022136034835,2.1340439803273665,-1.9076567385945622,-0.772574238021854,-0.8506184029582173,3,4,1,3,3,1
2.5091466751325346,-1.2595758599933105,-1.4930972860267064,2.243594157540628,-1.4375541896912691,0.4849960770499258,0.35767026495414594,2,4,1,0,1,1
-0.07925249646006173,-0.23930915084330037,-0.687116996333815,0.030806136775111966,-1.4375541896912691,0.8636461661339063,0.8665855702235902,2,1,1,0,0,3
-0.7549632407740944,-0.5413375629382492,0.9248435830519681,-0.7428252866054156,1.2263602540940588,-0.7821712569747028,-0.7430775155152838,1,1,1,3,0,2
-0.6830002677589866,-0.4971382831194762,1.1263386554751909,-0.6659204344069942,-0.6540499415191139,-0.8586257364378957,-0.8230724698209148,1,3,1,3,0,2
-0.3294911512796985,-0.9317645346707442,-1.4930972860267064,-0.38969076120450125,-0.18394739261582072,-0.40337571613159995,-0.3862375520642033,0,0,2,0,0,3
1.187483894792039,-0.5057325875286821,-0.687116996333815,1.673996015502851,-1.9076567385945622,-1.0196240508908452,-1.0783444875174548,0,0,1,1,2,3
1.902467283872195,-1.1883659091741763,-1.6945923584499292,2.243468598598263,-1.280853340056838,-0.9775912896537543,-1.0724749129209563,3,4,0,0,3,1
-0.7087763979857661,1.3567759537235025,1.3278337278984138,-0.6860726446565397,0.1294543066530414,0.7097078562968095,0.7446319577243335,1,3,1,0,0,0
-0.6121435664274315,0.2873989336637446,1.1263386554751909,-0.566352193111732,-0.18394739261582072,-0.11465117712489582,-0.08359267552291286,1,2,0,4,0,2
1.2099965235523378,-0.9194869569433072,-0.8886120687570378,1.4602946955980132,-0.967451640787976,-0.8419631185707666,-0.902039340617973,0,0,2,1,2,3
-0.3696488133926641,-0.19142659770629628,-0.485621923910592,-0.46615615710464586,-1.124152490422407,-0.8743457150199447,-0.8545994328487504,0,1,0,1,0,0
-0.7116527043630033,1.5102456753164644,0.3203583657822995,-0.7198480001526628,-0.34064824225025175,-0.0728030277359215,-0.03677017659987135,1,2,1,1,0,0
-0.7051810150142197,-0.47012761211911497,0.3203583657822995,-0.7327177917450516,0.4428560059219035,-0.4997458979976736,-0.4635142312235264,1,3,1,3,0,2
0.06246090620304828,-0.25895327520719946,0.1188632933590766,0.1497104551945487,-1.750955888960131,0.2760881908615075,0.27259356091456444,0,0,1,4,0,3
-0.7863260430028154,0.4126302264836014,0.3203583657822995,-0.7865825780195378,1.3830611037284897,-0.06996112413461161,-0.030160270128993315,0,1,1,3,0,2
-0.6186705693603929,0.5219006682577902,1.7308238727448595,-0.6183335952507466,-0.027246542981389666,-0.31060826245301376,-0.27897882884508995,1,1,1,0,0,0
-0.7469427710683366,1.451313302224767,-0.08263177906414627,-0.7445203323273399,1.0696594044596277,2.4772935761335924,2.511968970474994,1,3,1,4,0,2
2.456654083747956,-1.3135972019940332,-1.4930972860267064,2.8958728631256054,-1.124152490422407,-0.6800221648327371,-0.803262306344585,3,4,0,3,3,1
-0.6900250929495466,0.5611889169855885,1.1263386554751909,-0.7076060032720978,-0.4973490918846828,-0.7123628040437069,-0.6766348250685833,0,3,1,0,0,0
1.448674639278848,-1.112244927264067,-1.0901071411802608,1.2808709669587575,-0.4973490918846828,1.0644926682879,0.9900142590612334,2,0,1,4,3,3
-0.3604667584191761,-0.7623339620321142,-0.687116996333815,-0.36125166075888093,1.6964628029973519,-1.1452636021310398,-1.1256475037325466,0,0,1,4,0,2
-0.6394131634270073,0.06517477679713587,-0.8886120687570378,-0.6545573501229826,-1.9076567385945622,-0.2571883067661862,-0.22457700775151068,2,0,1,2,0,3
-0.5465969691769298,-0.36208492811766985,-0.08263177906414627,-0.5627737632543361,-1.280853340056838,0.016470786574518916,0.044057301851288797,2,4,2,3,0,2
-0.6375878151491453,0.5967938923951556,0.3203583657822995,-0.6602702820005796,1.2263602540940588,-1.1954892134156077,-1.1618148110748914,0,1,1,0,0,0
-0.552847404189003,1.426758146769893,0.3203583657822995,-0.5912128636999564,0.9129585548251966,-0.5644999022991743,-0.5358823703704518,1,3,1,1,0,0
-0.3260063954765073,-0.570803749484098,0.7233485106287452,-0.3984798871700351,-0.4973490918846828,-0.22864619618767593,-0.21189917361590427,1,3,1,0,0,0
0.13530889656499837,-0.5560706562111736,-0.687116996333815,0.016492417345528233,0.5995568555563345,-0.7457495770606708,-0.7516653652580899,0,4,0,2,0,0
-0.6493696085789823,1.785263416411052,2.3353090900145284,-0.6376696723749211,0.9129585548251966,-0.8351212915935972,-0.8012955378934024,1,3,1,3,0,2
0.1695480051709566,-0.35471838148120766,-0.08263177906414627,0.29284764949038605,1.6964628029973519,1.502005965428934,1.4915932945113513,2,4,1,2,0,0
0.5831829876513378,-0.4026009346182117,-1.0901071411802608,0.6004670582840714,-0.027246542981389666,2.1808265281028474,2.148686722864216,2,4,2,2,2,1
-0.5685011485112748,0.7269362163059873,1.3278337278984138,-0.5318862634326027,1.0696594044596277,-0.6556757780750584,-0.6261553660566239,1,1,1,3,0,2
-0.6123648207641421,0.6888757253509327,1.3278337278984138,-0.6483421824759266,0.5995568555563345,-1.0436795341302794,-1.0114659790616853,0,3,0,4,0,2
-0.4304937559880665,-0.028134813931384912,-1.2916022136034835,-0.4821021427849716,0.4428560059219035,2.195975888245263,2.2150148713982767,2,0,1,2,0,3
-0.7837263045464663,-0.6604300668943877,0.3203583657822995,-0.7839458402298776,0.5995568555563345,-1.0147010682744027,-0.973868294663935,0,1,1,4,0,2
0.07241735135502328,-0.9526364168073869,-0.8886120687570378,-0.027955448251600262,1.6964628029973519,-0.5535406716791623,-0.5565166768767517,2,4,0,4,0,2
-0.6490377270739165,0.7809575583067098,1.1263386554751909,-0.6335890067480662,-0.4973490918846828,0.7141301492039659,0.7460316040226895,1,2,1,1,0,0
-0.6749244844690514,-0.4799496743010645,1.1263386554751909,-0.6605841793564915,1.3830611037284897,1.8526649823295398,1.8844720548662053,1,2,1,0,0,0
-0.23507086308846947,-1.13311680940071,-0.8886120687570378,-0.2928220371700815,-0.34064824225025175,0.295159154201794,0.306668383072341,2,1,1,2,0,3
1.0210453200015244,-0.6948072845312111,-0.8886120687570378,1.231337964195856,1.2263602540940588,-1.0568569040769045,-1.107125238347119,2,4,0,2,2,1
-0.6607088933353982,0.8656728446260247,1.5293288003216368,-0.6517322739197753,0.9129585548251966,-1.2190635869902533,-1.1841923896174669,1,3,0,2,0,0
1.8638030885320256,-1.2914975620846465,-1.4930972860267064,1.9351586156215714,-1.280853340056838,-0.13846890268114964,-0.23243290673549594,3,4,1,2,3,1
0.5248271563439291,-0.5130991341651443,-1.2916022136034835,0.3001300681475427,0.1294543066530414,-0.15275114656726047,-0.1790703439712346,0,4,0,4,2,1
2.2339615938487825,-0.11039458470521245,-0.687116996333815,2.9063570348130643,1.6964628029973519,-0.9614265643466973,-1.073072765830833,0,4,0,0,3,1
-0.6976583675660607,-0.8359994283967359,0.9248435830519681,-0.7330316891009635,-0.34064824225025175,0.2118656449106456,0.24684118650689144,1,1,1,4,0,2
2.895678001365873,-1.32587477972147,-1.2916022136034835,2.3572250003807445,-1.5942550393257002,-0.7530361507628481,-0.8983600308875646,2,0,0,2,1,3
-0.11083655302549324,-0.6886684956674926,-0.28412685148736916,-0.23864335353968347,0.4428560059219035,0.27582805598461607,0.2810864246810349,2,1,0,4,0,2
-0.6466039293701004,1.3285375249503977,1.7308238727448595,-0.6818036406161376,0.4428560059219035,-1.1197284269574588,-1.0856919321575262,1,3,1,4,0,2
-0.7755952076723535,1.398519717996788,1.1263386554751909,-0.7718294022916773,1.3830611037284897,1.9460813746257484,1.9828579704135059,1,1,1,3,0,2
-0.7848325762300192,2.197790028052933,0.7233485106287452,-0.7805557487860288,-0.6540499415191139,-1.0717293464471456,-1.0307704818992878,1,2,1,3,0,2
-0.6999815381015215,0.4715625995752988,-0.28412685148736916,-0.6734539709488804,1.3830611037284897,0.6819237731552629,0.7164378849838003,1,3,1,4,0,2
-0.7388116741942238,-0.9182591991705634,0.1188632933590766,-0.7234264300100587,-0.027246542981389666,-1.0179653414070098,-0.9793970372276999,0,3,1,4,0,2
-0.5105325122931096,0.08727441670652238,-0.8886120687570378,-0.5798497794159447,-1.9076567385945622,-1.2125993751569588,-1.1853210465127477,2,0,0,3,0,3
0.13398137054473497,-0.9366755657617188,-1.2916022136034835,0.3401205912907218,-0.967451640787976,-0.55733080886398,-0.5634115412766364,2,0,1,2,0,3
-0.39171893347954195,-0.6862129801220052,0.1188632933590766,-0.4670978491723817,1.3830611037284897,-0.3398105002460017,-0.3196076833700181,0,1,1,0,0,0
-0.7459471265531393,1.5188399797256702,1.3278337278984138,-0.7554439603130749,0.4428560059219035,2.263664102072132,2.2985522438801853,1,3,1,1,0,0
-0.710159237590207,0.40771919539262663,0.7233485106287452,-0.7318388791484982,-0.4973490918846828,-1.090428288941985,-1.0532179030715216,1,2,1,1,0,0
0.09941038043371088,-0.26018103297994316,-1.2916022136034835,0.22548527691168707,-1.750955888960131,-0.1599901687328019,-0.16481406640534677,2,4,0,2,0,1
-0.7257023547441235,1.3076656428137547,0.7233485106287452,-0.7448342296832519,1.3830611037284897,0.3368422717871487,0.3730803427619918,1,1,1,0,0,0
-0.7728295284634715,0.9626657086727766,0.5218534382055223,-0.7840713991722423,0.28615515628747246,0.2968122693872016,0.33547986465905516,1,1,1,3,0,2
3.2880172539378636,-1.1760883314467394,-1.4930972860267064,3.4148079719191986,-1.5942550393257002,0.08231008477100808,-0.08385807751561526,3,0,0,1,1,3
0.04171831213643382,-0.007262931794742105,-0.687116996333815,0.24626528187305646,1.0696594044596277,-0.7699253377163022,-0.7710844100083323,0,4,0,1,0,0
-0.7065085410344829,0.34755906452818564,-0.28412685148736916,-0.726753741982725,-0.18394739261582072,-0.03632260768839784,-0.0005944881419676885,1,1,1,2,0,0
-0.7440111511069218,1.9755658711863247,0.3203583657822995,-0.7674348393089104,0.1294543066530414,0.6497453685986986,0.6865228898484824,1,2,1,4,0,2
1.4362290828388795,-0.35840165479943875,-1.2916022136034835,0.9672247289315633,-1.4375541896912691,0.19226881751814812,0.11949292929281437,0,4,1,4,3,1
-0.6277419971655257,1.194711927721335,0.5218534382055223,-0.6703149973897612,0.4428560059219035,1.6275867765356367,1.6572879491131174,1,2,0,3,0,2
-0.5659567236391033,1.88102852268506,-1.0901071411802608,-0.5608903791188645,-0.18394739261582072,1.7880648212348034,1.8144478343706176,0,2,1,3,0,2
-0.7467215167316261,0.9209219443994909,1.5293288003216368,-0.764609763105703,0.9129585548251966,-0.4866468482290374,-0.44833323724096025,1,3,1,0,0,0
2.807176266681651,-1.2448427667203863,-1.4930972860267064,3.380279262768887,-1.280853340056838,0.1726328300366564,0.030639135841302394,3,4,0,4,1,1
3.569729338154576,-1.2890420465391592,-1.0901071411802608,3.0488664343970773,-1.750955888960131,-0.5805415530408203,-0.7601219108571381,3,4,1,1,1,1
-0.5506348608218975,1.1971674432668222,-0.08263177906414627,-0.5691772693149393,1.3830611037284897,-0.4454756089498241,-0.4171163754888082,1,1,1,3,0,2
0.7406607618050746,-0.22334829979763235,-0.485621923910592,1.0069641341900128,0.1294543066530414,-1.2257879337004394,-1.2616869777813242,2,4,0,0,2,1
-0.04434962484397179,-1.0520847963996263,-1.0901071411802608,-0.1425279831594524,-0.4973490918846828,-0.33983287743971274,-0.33717450158171774,0,0,1,3,0,3
-0.2922651091281478,0.0811356278428039,-0.8886120687570378,-0.3176827077583059,0.9129585548251966,-0.7253080106055794,-0.709653626665924,0,1,1,3,0,2
-0.7297955599732687,-0.2945582506167666,1.1263386554751909,-0.7174623802477321,1.2263602540940588,-0.1571790337728447,-0.1201259582446681,1,3,0,1,0,0
-0.7193412925636952,2.0639644308238707,0.7233485106287452,-0.7220452816440462,-0.027246542981389666,-0.9655831280785343,-0.9280627044287207,0,3,1,4,0,2
-0.5137407001754125,-0.5953589049389718,-0.485621923910592,-0.49333966812661856,-0.967451640787976,-0.6992217970368624,-0.6724135365320252,2,0,2,2,0,3
-0.6114244898331223,-0.618686302621102,0.9248435830519681,-0.5859393881206361,-0.4973490918846828,-0.2910981466861469,-0.25985871054978593,1,3,1,4,0,2
-0.659381367315135,2.020992908777841,1.1263386554751909,-0.6730145146506037,-0.027246542981389666,0.10672360310982003,0.13989535826864802,1,2,1,2,0,0
0.4674669695517178,-0.5548428984384298,-0.687116996333815,0.42826296883078996,-0.4973490918846828,-0.34700756517333464,-0.37019050947387205,2,4,2,1,2,1
-0.6459401663599688,0.0050146459326948405,1.5293288003216368,-0.6325845352091479,0.1294543066530414,0.03796408113403219,0.07054162701778233,1,1,1,3,0,2
1.9618187596948014,-0.7905723908052192,-1.2916022136034835,1.4199274956277397,-0.34064824225025175,-0.908566038502647,-1.0065322957026106,2,0,1,1,3,3
-0.4042198035036882,-1.0152520632173154,-1.4930972860267064,-0.3125347911213503,-1.280853340056838,-0.689840158573483,-0.6685749856059954,0,4,0,1,0,0
-0.1213461340192446,-0.3289354682535901,-1.2916022136034835,-0.14767589979640797,-1.280853340056838,-0.3194976026547491,-0.3129754272576494,2,4,0,3,0,2
2.7713883777187194,-1.32587477972147,-1.4930972860267064,3.2195638165419815,-1.9076567385945622,0.3172762130360041,0.1769119519876398,3,4,1,0,1,1
-0.7481043563360671,0.5304949726669961,-0.485621923910592,-0.732466673860322,0.4428560059219035,-0.7001084933376648,-0.6614622122015762,1,3,1,2,0,0
-0.7346631553809009,-0.4148785123456487,-0.08263177906414627,-0.7405024461716673,-0.34064824225025175,0.41852182598188403,0.4551119081484639,1,3,1,0,0,0
2.7851614601789514,-1.2472982822658736,-1.6945923584499292,2.6461989062332614,-1.750955888960131,0.9007979019927629,0.7590195394339795,3,4,0,1,1,1
-0.6444466995871725,-0.9256257458070256,1.3278337278984138,-0.6528623044010582,0.4428560059219035,-0.9477820704813529,-0.9140662414451624,1,1,0,3,0,2
-0.28319368132301503,-1.2030990024471007,-0.485621923910592,-0.3254673621849216,-0.4973490918846828,-0.7638247552808132,-0.7485811147323717,2,1,1,1,0,3
-0.703742861825601,0.9614379509000329,0.9248435830519681,-0.687579351964917,-0.6540499415191139,0.8907813106578312,0.9252282357900321,0,2,1,0,0,0
-0.6489824134897388,1.6735374590913756,0.3203583657822995,-0.6396786154527574,-0.6540499415191139,0.00627517768989823,0.03904539474699649,1,1,1,4,0,2
0.3571716827015065,0.09464096334298454,-0.485621923910592,0.26221126755338214,-1.4375541896912691,-0.4717044771284492,-0.48916323853930477,2,0,2,1,2,3
-0.6089353785451286,0.18426728075327425,0.3203583657822995,-0.6581357799803785,0.1294543066530414,-0.7839558381731632,-0.752235281116103,0,2,1,0,0,0
0.16788859764562739,-0.031818087249615996,-0.8886120687570378,0.24965537331690518,1.2263602540940588,1.9954762325937911,1.9845397809356815,0,1,1,3,0,2
-0.06559004116818501,-0.2294870886613508,-1.0901071411802608,0.10902935786836344,0.28615515628747246,2.8418348445827237,2.841648532104487,2,0,0,3,0,3
3.5499270750189815,-1.350429935176344,-1.6945923584499292,2.687947254569547,-1.750955888960131,-0.20585222724370494,-0.38489377986957424,3,4,0,0,1,1
-0.5550599475561085,1.9141779825491398,1.5293288003216368,-0.5278055978057478,0.28615515628747246,-0.04056028874743788,-0.012476116299467387,0,2,1,2,0,0
0.5976198331217015,-0.26509206407091795,-0.687116996333815,0.888059815770576,-0.6540499415191139,0.19874701509751203,0.1683185148344612,2,4,0,1,2,1
-0.6784645538564201,-0.05882875824997728,1.1263386554751909,-0.7092382695228396,-0.18394739261582072,-0.5573252145655523,-0.5223720120893164,1,2,1,0,0,0
0.5306903962667587,0.01851998143287548,-1.0901071411802608,0.3158877154143212,1.5397619533629208,-0.699853952759201,-0.7257956552325908,2,4,2,0,2,1
0.3882579170093394,-0.6248250914848205,-1.2916022136034835,0.26660583053614917,1.3830611037284897,0.4877372832795356,0.4675271339965544,2,4,0,3,2,1
0.8609678073914384,-1.136800082718941,-1.2916022136034835,0.6256416262282076,-0.4973490918846828,-0.9416982709411471,-0.9840234130162774,2,4,1,0,2,1
-0.5143491496013666,-0.63464715366677,-0.28412685148736916,-0.5853743728799946,0.5995568555563345,-0.41599645338466146,-0.38950618713221985,1,1,1,2,0,0
2.33264102802169,-1.2227431268109996,-1.4930972860267064,2.429421392240487,-1.4375541896912691,0.5442452916984954,0.4257612414607863,2,4,0,2,3,1
-0.7373735210056053,0.6643205698960588,1.7308238727448595,-0.760529097478848,1.3830611037284897,2.4068166045404777,2.4410954636027604,1,1,1,3,0,2
0.6424238363055885,-1.157671964855584,-1.0901071411802608,0.590296783952525,1.5397619533629208,1.8290234771737608,1.7943247759134182,0,4,1,4,2,2
0.9711524670732945,-0.5720315072568416,-0.8886120687570378,1.120908874386041,-0.34064824225025175,-0.4420211296706728,-0.4905265666702381,0,4,1,1,2,1
-0.5985364247197325,-0.3117468594351784,0.9248435830519681,-0.616764108471187,-0.18394739261582072,-1.2590851979425588,-1.2273048480530502,1,3,1,0,0,0
-0.6599345031569113,-0.06128427379546467,0.7233485106287452,-0.6466471367540021,1.3830611037284897,-0.5375801382647188,-0.5035871384163729,1,2,1,0,0,0
-0.7656940761045562,1.5569004706807248,0.9248435830519681,-0.7531211198793267,0.28615515628747246,-0.6525122023141514,-0.613036126501576,1,3,1,2,0,0
-0.6287929552649008,1.8883950693215223,1.7308238727448595,-0.672575058352327,0.1294543066530414,0.851442204113714,0.8821520955218709,1,3,1,0,0,0
-0.614079541873649,1.6514378191819892,-0.08263177906414627,-0.6229164966470606,1.0696594044596277,1.643706747455272,1.6726980269209633,1,1,1,0,0,0
1.5716367369057387,-1.350429935176344,-0.687116996333815,1.2521807486284078,-1.9076567385945622,-0.3839551091395776,-0.46286050420992303,2,0,0,0,3,3
-0.4023944552258261,-0.7586506887138832,-1.0901071411802608,-0.30380844462699885,1.6964628029973519,-0.7665659615104232,-0.7452985111384234,2,0,0,1,0,3
-0.7716126296115635,0.11796836102511474,0.9248435830519681,-0.7838830607586953,-0.34064824225025175,-0.41952365854337376,-0.38003552655053063,1,2,1,2,0,0
-0.6192237052021693,-0.12758319352362418,0.7233485106287452,-0.5925940120659688,1.3830611037284897,-0.18891548875361477,-0.157407953956362,0,3,1,3,0,2
-0.6120882528432539,-0.3989176612999807,0.3203583657822995,-0.6071588493802821,0.9129585548251966,0.8414479899724933,0.8713264879248073,1,3,1,1,0,0
-0.7505381540398832,2.133946623870261,1.9323189451680824,-0.7684393108478286,-0.34064824225025175,-0.7027014506589387,-0.6639290538811136,0,2,1,2,0,0
-0.5741984476815715,1.1198187035839695,2.1338140175913054,-0.588387787496749,-0.4973490918846828,-0.24629061342887962,-0.2169865107602276,0,3,1,0,0,0
-0.38840011842888356,-0.6493802469396943,-0.687116996333815,-0.4524074529157036,-1.9076567385945622,-1.1043580920271456,-1.083381537968424,2,4,0,2,0,0
-0.7028578444787589,-0.9194869569433072,0.1188632933590766,-0.71451174510216,0.28615515628747246,2.751422590542231,2.7835338768182636,1,2,1,3,0,2
-0.16449072967780273,-0.8900207703974585,-1.0901071411802608,-0.02782988930923543,-0.8107507911535449,-0.028227657863406887,-0.019885022453638285,0,1,0,0,0,3
0.6411516238695031,-0.42592833230034194,-1.0901071411802608,0.4054112413204018,1.6964628029973519,0.29010190842308503,0.25736228023864405,2,1,1,3,2,3
-0.18208044944629176,-0.6800741912582867,-1.6945923584499292,-0.08659147433594758,-1.5942550393257002,-0.7373105778823715,-0.7272064763516919,2,0,1,4,0,3
2.191812642705422,-1.2718534377207475,-1.2916022136034835,2.234930590517459,-1.124152490422407,-0.028420661159165028,-0.13908683534435085,2,0,0,0,3,3
-0.6527437372138183,0.36351991557385366,0.5218534382055223,-0.6874537930225522,0.5995568555563345,-0.09312711392402988,-0.060044534507261424,0,3,1,3,0,2
2.631721577670182,-0.4983660408922199,-0.485621923910592,2.1456581824961076,-1.9076567385945622,-0.5975594088581133,-0.7297431606608877,2,4,1,1,1,1
0.05958459982581118,-0.6653410979853623,-0.687116996333815,0.25386159788612506,1.6964628029973519,-0.8686171534299026,-0.8705570768731189,2,0,0,0,0,3
0.1980345010224405,-0.5953589049389718,0.1188632933590766,-0.018601307045424877,1.6964628029973519,-0.9761479606593884,-0.9849481294329555,2,4,1,4,0,2
-0.7789693363071895,-0.5032770719831947,0.3203583657822995,-0.7983223391306438,1.2263602540940588,-0.3905899470749192,-0.3507658773132569,1,3,1,4,0,2
-0.7028025308945811,-0.3755902636178505,0.7233485106287452,-0.7261259472709013,-0.6540499415191139,-0.5745864223644535,-0.5383827365122252,1,3,1,3,0,2
0.6870618987369428,-0.08338391370485117,-0.687116996333815,1.0239145914092567,1.6964628029973519,-0.8880265718250696,-0.9216343887949546,2,4,1,3,2,1
0.6122779329287756,-0.27000309516189275,-0.485621923910592,0.7738011782186358,-0.34064824225025175,2.3147708153590743,2.280996600489231,2,4,1,1,2,1
-0.3937102225099369,1.4574520910884854,0.7233485106287452,-0.3496374585901398,-0.34064824225025175,-0.40210301323928116,-0.3817229244830795,1,3,1,2,0,0
-0.7826200328629136,1.6146050859996783,-0.08263177906414627,-0.8003940616796624,0.28615515628747246,0.45124847178437033,0.4902204012251862,0,3,1,2,0,0
-0.3916083063111866,0.06517477679713587,-0.687116996333815,-0.4696090280196771,0.7562577051907656,-0.9626657014484495,-0.9417015731484278,0,0,1,3,0,2
-0.568003326253676,0.5206729104850466,0.3203583657822995,-0.5166308519352832,-0.18394739261582072,-0.6270049986327093,-0.5975450312433263,0,3,1,2,0,0
2.562524283863956,-1.2362484623111805,-1.4930972860267064,1.9243605465782014,-1.124152490422407,1.417523667721883,1.2863537429969565,3,4,1,0,1,1
-0.6826683862539207,-0.9022983481248954,1.3278337278984138,-0.6907811049952186,0.4428560059219035,0.440795525172072,0.4747320996721226,0,2,1,0,0,0
1.0699978419987346,0.059035987933417404,-0.8886120687570378,1.2378042497276416,1.5397619533629208,-0.5554539217414614,-0.6088120442598314,2,4,0,4,2,1
-0.7503168997031727,-0.7561951731683958,0.3203583657822995,-0.7629147173837787,0.1294543066530414,-0.10603316039690765,-0.06800659428832757,1,3,1,3,0,2
-0.3459192857804572,-0.35471838148120766,-0.485621923910592,-0.44587838791273565,1.0696594044596277,-0.1009871032150542,-0.08339152874949662,2,0,0,1,0,3
2.5105295147369753,-0.6923517689857237,0.1188632933590766,2.350758714848959,-1.5942550393257002,1.6163758024863748,1.487587121274141,0,0,1,0,1,3
2.903809098239986,-1.3123694442212894,-1.6945923584499292,2.127891592151493,-1.124152490422407,-0.4129335749954543,-0.5590868856481837,3,0,1,0,1,3
-0.7121505266206021,-0.8654656149425846,0.1188632933590766,-0.7041531323570666,1.2263602540940588,-1.0955666520478966,-1.0582493661121182,1,3,1,0,0,0
-0.05447201074847956,-0.3105191016624347,0.3203583657822995,-0.17793560490631738,-1.9076567385945622,1.6619637403743166,1.6626686253020064,0,0,0,3,0,3
0.6235065905168361,-0.8224940928965553,0.1188632933590766,0.9382833927164839,1.0696594044596277,0.5339070282039664,0.5017584036447663,0,0,0,2,2,3
3.1128391328472818,-1.3651630284492682,-1.2916022136034835,3.1407755802080892,-1.5942550393257002,-0.45366566184808726,-0.6103262324708272,3,4,1,4,1,1
-0.5694967930264723,1.258555331904007,-0.485621923910592,-0.5257338752567291,-0.6540499415191139,0.14205159768122197,0.1706400838443088,1,2,1,3,0,2
-0.7077807534705687,1.9596050201406565,0.1188632933590766,-0.6919111354765015,0.4428560059219035,0.20104347460211386,0.23654358919004595,1,2,1,2,0,0
-0.5798404332676907,1.3641425003599648,1.1263386554751909,-0.634719037229349,-0.34064824225025175,2.2888384449971215,2.3153060938826604,1,1,1,2,0,0
-0.7338887652024141,-0.1435440445692922,1.9323189451680824,-0.7556322987266221,0.9129585548251966,-1.0268183186689643,-0.988487753904047,1,3,1,4,0,2
-0.22334438324281009,-1.0275296409447523,-0.485621923910592,-0.07880681990933189,-1.124152490422407,2.377516466525004,2.385869499479211,2,1,1,4,0,3
-0.4531170119167207,0.09341320557024085,-1.4930972860267064,-0.41480254967745517,0.7562577051907656,-1.2713143343056759,-1.2468635780626096,0,1,0,2,0,0
-0.44150115923941663,1.5249787685893887,-0.28412685148736916,-0.3653951058569183,-0.6540499415191139,2.994620728943698,3.013232317239056,1,3,1,4,0,2
-0.5531239721098912,1.4304414200881241,1.5293288003216368,-0.5908989663440444,0.7562577051907656,-0.5689613552953252,-0.5403243616167308,1,3,1,3,0,2
-0.7606052263602134,1.1271852502204316,1.1263386554751909,-0.7615963484889486,0.9129585548251966,-0.6447780847377519,-0.605568552538492,1,2,1,0,0,0
1.436782218680656,-1.201871244674357,-1.2916022136034835,1.0695552669588502,-1.9076567385945622,-0.26683008010645726,-0.33906863369805557,2,0,1,2,3,3
0.6314717466384163,-0.21966502647940125,-1.0901071411802608,0.3437618006193,0.1294543066530414,0.05384909151970054,0.02188925119768872,0,1,1,0,2,3
1.4190818717438116,-0.9010705903521518,-0.8886120687570378,1.726416873940142,-1.750955888960131,2.2087224972129493,2.1343298719116195,2,0,1,1,3,3
-0.04163925921926745,-0.8507325216696603,-0.485621923910592,-0.03203611387845513,-1.124152490422407,-0.6320035042779266,-0.6291222809645161,2,4,1,1,0,0
-0.744453659780343,-0.3719069902996194,1.3278337278984138,-0.7539372530046976,0.9129585548251966,-1.1998247946971337,-1.16074761569371,1,3,1,0,0,0
-0.759609581845016,1.8441957895027492,-0.28412685148736916,-0.7757217295049852,0.9129585548251966,2.8921191960007833,2.9269235892122984,1,3,1,4,0,2
-0.713533366225043,0.8497119935803567,2.1338140175913054,-0.7239286657795178,0.5995568555563345,-1.24560293873162,-1.2080310759724975,1,1,1,3,0,2
-0.7555716902000483,1.2843382451316245,0.9248435830519681,-0.7529327814657795,0.1294543066530414,-1.2515105178713508,-1.2118081653844277,0,3,1,3,0,2
0.14106150931947273,-0.5929033893934844,-0.687116996333815,0.0538462026990471,1.2263602540940588,0.1460179552665146,0.13871362097482676,2,0,1,0,0,3
2.047776069506851,-0.4885439787102704,-0.485621923910592,2.523653378485246,-0.4973490918846828,2.289431440630466,2.1831861882103163,2,0,0,3,3,3
-0.7049597606775091,0.3917583443469586,0.7233485106287452,-0.695740683218627,0.4428560059219035,-0.9895770740352633,-0.9527534708655848,1,3,1,2,0,0
1.6534455279044662,-1.3737573328584742,-1.4930972860267064,1.3052294017775228,-1.9076567385945622,-0.2830171826072254,-0.3661787488262892,3,4,0,3,3,1
-0.5312197927755463,-0.015857236203947966,0.9248435830519681,-0.5836165476868878,-0.6540499415191139,-0.14018355514926284,-0.11318080715142942,1,3,1,4,0,2
0.045645576613046204,-0.19879314434275847,-0.08263177906414627,-0.015901789784582288,-1.9076567385945622,-0.18920359512264512,-0.19127604193034983,0,1,2,0,0,0
-0.4950447087233707,1.0952635481290955,-0.28412685148736916,-0.5445677166114444,1.0696594044596277,2.8377510067304472,2.8592600495991682,1,3,1,3,0,2
-0.5897968784196655,-0.21843726870665756,1.5293288003216368,-0.544818834496174,0.5995568555563345,-0.4717548258142992,-0.44138529244253516,1,3,1,2,0,0
-0.7393094964518225,0.675370389850752,-0.28412685148736916,-0.7486637774253773,-0.4973490918846828,-0.14976099405761434,-0.11223653479844681,0,3,0,3,0,2
0.1266799774332867,-0.5806258116660474,-1.0901071411802608,-0.012700036754280723,1.0696594044596277,-0.7243989371110658,-0.7299051955616955,2,0,1,2,0,3
0.14565253680621662,-0.3719069902996194,0.3203583657822995,0.2887042043923485,-1.280853340056838,1.1080274986528487,1.0993067996560013,0,1,1,0,0,0
-0.6800686477975717,1.0301923861736797,0.3203583657822995,-0.6684316132542896,-0.6540499415191139,-0.5826366178020224,-0.5475712328700941,1,3,1,2,0,0
-0.6946714340204683,0.5378615193034583,0.9248435830519681,-0.6803597127789427,0.28615515628747246,2.203217707560018,2.2355905100956632,0,3,1,1,0,0
0.4010906685385515,-1.0778677096272438,-1.0901071411802608,0.6906183789019759,-1.750955888960131,0.742482053635932,0.7213101068287757,0,4,1,1,2,1
-0.7357694270644538,0.45805726407511815,0.9248435830519681,-0.7350406321787999,0.28615515628747246,2.172731578277856,2.2072176402232047,0,3,1,0,0,0
-0.6837193443532958,1.660032123591195,-0.08263177906414627,-0.6867004393683636,0.1294543066530414,-0.371037874069844,-0.33604863839162324,1,2,0,2,0,0
-0.04053298753571474,-0.8703766460335594,0.5218534382055223,0.06464427174241727,-0.8107507911535449,2.5476250959675855,2.546535484745567,0,4,1,0,0,0
-0.642234156220067,1.1848898655393854,0.7233485106287452,-0.6883954850902879,0.7562577051907656,1.00376096455597,1.0349621818042414,1,3,1,2,0,0
-0.22411877342129702,-1.060679100808832,-0.485621923910592,-0.1818907115908076,-0.34064824225025175,1.7720343590900123,1.7811720118961343,2,1,1,2,0,3
0.08497353496334714,-0.6199140603938457,0.1188632933590766,-0.03869073782378793,-1.5942550393257002,-0.49504668731834217,-0.49872888509732943,0,0,2,1,0,3
0.3033515652966643,-0.9452698701709248,-0.8886120687570378,0.2527943468760244,0.9129585548251966,-0.9030332773575771,-0.9172426842420299,2,4,0,4,2,1
-0.6463273614492121,1.8908505848670096,0.5218534382055223,-0.6897138539851181,-0.4973490918846828,0.4014060699421052,0.43355567893067226,1,1,0,3,0,2
0.029328069280642893,-0.37681802139059417,-1.2916022136034835,-0.0884748584714191,-0.4973490918846828,2.4698503620754373,2.465328062389065,0,1,1,3,0,3
0.43339380169829245,0.09464096334298454,-0.8886120687570378,0.17187160852193054,0.1294543066530414,-0.9850932438454011,-1.00576961418674,2,4,1,4,2,1
0.6989543193351353,-1.1920491824924073,-1.4930972860267064,0.5563330900428549,-1.4375541896912691,0.14564593442106755,0.11016474767562835,3,0,0,2,2,3
-0.7155246552554381,-0.2822806728893297,0.9248435830519681,-0.7135700530344243,-0.027246542981389666,-0.9040010909855822,-0.8667492567041387,1,3,1,3,0,2
0.20356585944020436,-0.7525118998501646,-0.485621923910592,0.300192847618725,-0.34064824225025175,0.211054471638618,0.2005131734018318,2,0,1,0,0,3
3.24570236204197,-1.1699495425830209,-0.8886120687570378,2.4281658028168387,-1.124152490422407,-0.06431088272255847,-0.2281613315055836,3,4,0,3,1,1
-0.08246068434236468,-1.1134726850368108,-0.687116996333815,-0.2402128403192431,0.9129585548251966,-0.27877950154818537,-0.27427143560610884,2,0,1,1,0,3
-0.6978243083185937,1.2659218785404691,0.9248435830519681,-0.6940456374967027,-0.18394739261582072,-0.18442326711611098,-0.148951408357314,0,2,1,1,0,0
-0.09341277400953722,-0.9698250256257986,-1.0901071411802608,0.032438403025853914,-0.6540499415191139,-0.567920815787759,-0.5625035870910762,2,0,0,3,0,3
-0.13583829307378592,-0.2847361884348171,-0.687116996333815,-0.23644607204830004,1.2263602540940588,0.3618795544006577,0.3682947257777931,2,4,1,4,0,2
-0.5189954906722882,-0.18283229329709041,-0.08263177906414627,-0.5146846883286293,0.1294543066530414,-0.016157959005481483,0.010074671964661098,1,3,0,2,0,0
-0.719673174068761,2.2370782767807316,1.1263386554751909,-0.7086104748110159,0.28615515628747246,0.07962202437646182,0.11587228737131901,0,1,1,4,0,2
-0.2861806148686076,-0.12267216243264939,2.3353090900145284,-0.37977160475768446,1.0696594044596277,0.9792775174868106,0.9925258000237521,0,2,1,4,0,2
-0.0343378661078192,-0.4959105253467325,-0.687116996333815,-0.1144655595409264,-0.18394739261582072,-0.6537877023556842,-0.6512484260403208,2,1,1,2,0,3
2.1919785834579555,-1.2190598534927686,-0.8886120687570378,1.988395607184234,-1.750955888960131,-0.7977541752452713,-0.9074814783209613,3,0,1,4,3,3
-0.5731474895821964,-0.9231702302615382,-0.08263177906414627,-0.5548635498853555,-0.18394739261582072,-1.083678767888874,-1.0533967002034474,1,2,0,4,0,2
-0.6110372947438788,0.6459042033049034,-0.687116996333815,-0.6511044792079514,0.5995568555563345,0.10768302529018359,0.13841190081470214,1,1,1,2,0,0
0.4726664464644158,-0.896159559261177,-1.2916022136034835,0.2629646212075708,-0.18394739261582072,2.0336349421696474,2.007258191510991,2,1,0,4,2,3
-0.5640760617770637,-0.22703157311586342,-0.08263177906414627,-0.5428098914183377,0.9129585548251966,-0.3504061014682084,-0.32148505325523796,1,3,1,4,0,2
-0.6413491388732248,-0.6150030293028709,1.1263386554751909,-0.600943681733226,-0.18394739261582072,-1.0074284803182947,-0.9737956583290901,1,3,1,3,0,2
-0.7062872866977724,0.816562533716277,0.9248435830519681,-0.7362962216024476,-0.34064824225025175,-0.24288368568636431,-0.20691240985828904,0,1,1,2,0,0
-0.7385904198575133,-0.3743625058451068,0.9248435830519681,-0.718592410729015,-0.18394739261582072,-0.901841691792461,-0.8634275412375817,1,1,1,1,0,0
-0.6585516635524703,1.3457261337688093,0.3203583657822995,-0.6920994738900487,0.9129585548251966,1.5527406578704293,1.5840900795258492,1,3,1,3,0,2
3.4235908487572555,-1.3602519973582936,-1.0901071411802608,3.3149886127392065,-1.5942550393257002,1.0060965841495664,0.8319436259129865,3,0,0,3,1,3
-0.5883034116468693,-0.17669350443337195,0.7233485106287452,-0.5759574522026368,0.1294543066530414,0.04980721090563258,0.07945913397257644,1,3,1,3,0,2
-0.794512453461106,-0.779522570850526,1.5293288003216368,-0.7908515820599399,0.9129585548251966,-0.3725147688547769,-0.33192792324177317,0,2,1,4,0,2
-0.72531515965488,1.0326479017191672,1.1263386554751909,-0.7137583914479714,-0.18394739261582072,-0.9891351244594689,-0.9512839819375705,1,2,1,3,0,2
-0.128315645625627,-0.09566149143228811,-0.485621923910592,-0.2576027538367637,-0.6540499415191139,-0.19777126316478325,-0.1910469581050699,0,4,1,0,0,0
-0.5582128218542339,2.0516868530964336,0.5218534382055223,-0.5978047081741067,0.28615515628747246,-1.2392282356731699,-1.2095089460160708,1,1,1,4,0,2
0.1837082827204321,-1.117155958355042,-0.8886120687570378,0.15617674072633433,0.4428560059219035,-0.8561642451296745,-0.8643885758216823,2,4,0,4,0,2
1.2367129847101372,-1.1699495425830209,-1.6945923584499292,1.6638257411713047,-1.9076567385945622,2.6669235099398967,2.601177564485171,2,4,0,4,2,1
-0.35714794336851785,-0.5388820473927618,-1.2916022136034835,-0.36062386604705715,0.1294543066530414,-1.1010127015673359,-1.0816187099958439,2,4,2,4,0,2
-0.34520020918614785,-1.056995827490601,-1.0901071411802608,-0.23531604156701708,1.6964628029973519,-0.37499863735670896,-0.35710200067587383,2,0,1,3,0,3
0.5929181784666021,-0.8188108195783242,-0.28412685148736916,0.4373659921522357,1.0696594044596277,-0.7589521213502207,-0.7879639767441925,2,4,1,0,2,1
-0.7697319677495238,0.2161889828446103,-0.28412685148736916,-0.7715155049357654,0.1294543066530414,0.171421664427043,0.21008720107541543,1,1,1,1,0,0
0.8250692912601513,-0.8384549439422233,-0.28412685148736916,0.8675937081651187,-0.027246542981389666,-0.14642679219466015,-0.18791800829637023,2,0,2,0,2,3
0.12905846155292505,-0.6456969736214633,-0.687116996333815,0.16622145611551586,-1.280853340056838,2.154018650036947,2.1448481719381864,2,4,1,3,0,2
2.184013427336375,-1.370074059540243,-1.6945923584499292,2.2000879840112355,-1.124152490422407,-0.8632046697010299,-0.9724490924292748,3,4,0,1,3,1
-0.03588664646479308,-0.01954050952217905,-0.485621923910592,0.07155001357247974,1.0696594044596277,1.3214052292850595,1.32159074651225,2,0,1,1,0,3
-0.21095414038701907,-0.0305903294768723,-0.687116996333815,-0.1813256963501662,0.7562577051907656,-0.3428454071430697,-0.3317686820461517,0,4,0,3,0,2
-0.16205693197398657,0.08850217447926607,-0.08263177906414627,-0.12017849141852338,-1.750955888960131,-0.38767252044483436,-0.3790102367471443,0,4,1,4,0,2
-0.6644149034753,2.0369537598235095,0.7233485106287452,-0.6334634478057013,0.1294543066530414,-1.039408287280673,-1.0045711146618006,1,2,1,2,0,0
-0.4050495072663528,1.0756194237651966,0.7233485106287452,-0.36884797677194947,-0.6540499415191139,0.5218764894350353,0.5416916255782959,1,2,1,2,0,0
-0.6551222213334567,-0.35103510816297656,0.5218534382055223,-0.6192125078472999,-0.6540499415191139,-1.372624281683475,-1.337846174866112,1,3,1,3,0,2
0.5977857738742343,-0.6616578246671313,0.3203583657822995,0.8331905579571717,0.9129585548251966,-0.2722257809400466,-0.3020827707361134,0,0,1,1,2,3
-0.7711148073539648,-0.08952270256856965,1.5293288003216368,-0.7695065618579291,-0.027246542981389666,0.8988762604828219,0.9367159515162579,1,2,1,4,0,2
-0.685378751878625,-0.13494974016008635,0.3203583657822995,-0.6665482291188181,-0.4973490918846828,-1.1690953134333633,-1.1330396476555995,0,1,1,0,0,0
1.9700604837372695,-0.1459995601147796,-0.08263177906414627,2.066618828277485,0.1294543066530414,-0.8700744681703382,-0.9685043807061642,2,4,0,3,3,1
-0.6502546259258245,2.203928816916652,0.7233485106287452,-0.6276877364569219,1.0696594044596277,-0.6851185707004405,-0.6514328105826193,1,2,1,4,0,2
2.40150644032285,-1.2669424066297728,-1.0901071411802608,3.0875385886454265,-1.4375541896912691,-0.028980091001942574,-0.15023651274302977,3,4,0,1,3,1
0.914456043291215,-0.5511596251201988,-0.687116996333815,1.0100403282779498,-1.750955888960131,-0.3751608720111147,-0.4208850837851796,0,0,2,2,2,3
-0.6025190027805225,-0.8335439128512485,0.7233485106287452,-0.5499039716619472,0.7562577051907656,1.076226709240159,1.105332821742935,1,2,1,4,0,2
-0.5743643884341044,0.44086865525670643,0.7233485106287452,-0.5324512786732442,0.9129585548251966,0.8346537145319602,0.8626352710901065,0,2,1,0,0,0
-0.5344279806578494,-0.43206712116406043,0.5218534382055223,-0.47105295585687185,1.2263602540940588,-0.7870858481435034,-0.759124558105615,0,3,0,0,0,0
-0.5758578552069007,-0.03550136056784708,-0.28412685148736916,-0.6280644132840162,1.0696594044596277,0.5078264089336774,0.5362858060427298,1,1,1,4,0,2
-0.7317315354194861,1.88102852268506,0.9248435830519681,-0.7547533861300686,0.9129585548251966,-0.7487872811069528,-0.7109080002945903,1,1,1,1,0,0
-0.49061962198915965,0.3045875424821563,1.7308238727448595,-0.407771248905028,-0.34064824225025175,-0.7954269470993166,-0.7696680014788585,1,1,0,4,0,2
-0.7295743056365582,1.306437885041011,1.5293288003216368,-0.7268165214539075,0.1294543066530414,-0.302085348798298,-0.26486503024370545,0,3,1,4,0,2
1.7160605051935531,-0.19265435547903997,-0.485621923910592,2.3024185220385225,1.6964628029973519,-0.2912016412070607,-0.37751560447245286,0,1,0,3,3,3
2.5080957170331595,-1.3246470219487263,-1.0901071411802608,2.106546571949482,-1.280853340056838,-0.4128748348619627,-0.5390420509362013,3,4,1,2,1,1
1.8286789625792252,-1.2816754999026971,-1.4930972860267064,1.4773079322884397,-1.280853340056838,-0.16866692559428148,-0.26081974513388645,3,0,0,1,3,3
-0.14015275263964175,-0.1251276779781368,-1.0901071411802608,-0.09381111352192185,-1.750955888960131,-0.24649760247070726,-0.23911544954121883,0,4,2,4,0,2
-0.32622764981321783,-0.6690243713035935,-0.28412685148736916,-0.3754398212460999,-1.280853340056838,-1.0596456618431507,-1.0418642851942401,2,0,0,1,0,3
-0.6202746633015445,1.912950224776396,1.3278337278984138,-0.5804775741277686,0.1294543066530414,-0.5483967142748226,-0.516393482990551,1,1,1,4,0,2
-0.6448892082605936,1.5654947750899306,1.7308238727448595,-0.6332751093921541,1.3830611037284897,2.332647395985031,2.3623465018102365,1,3,1,2,0,0
1.5465796832732686,-1.3676185439947557,-0.8886120687570378,1.8072140533518712,-1.750955888960131,-0.9658712344475648,-1.0427945890212909,3,4,0,0,3,1
-0.5881374708943364,1.5998719927267542,0.5218534382055223,-0.6116161918342314,0.1294543066530414,-0.47626942464551403,-0.4459781437688765,1,3,0,3,0,2
-0.30288531729025436,-0.26018103297994316,-1.0901071411802608,-0.27857109721168016,-1.9076567385945622,-0.031223404671480645,-0.01588723033198732,2,0,0,4,0,3
2.994468062707135,-1.3688463017674994,-1.0901071411802608,3.3404770780392545,-1.9076567385945622,0.14927383695147997,-0.0021505819307584308,3,4,0,3,1,1
0.05792519230048196,-0.9207147147160508,-1.0901071411802608,-0.10567643357539258,-0.027246542981389666,-0.7199458755625565,-0.7219850413584243,2,4,2,0,0,0
-0.6172324161717743,0.289854449209232,1.9323189451680824,-0.6599563846446677,-0.18394739261582072,0.391518147471012,0.42221044216894943,1,3,1,2,0,0
-0.7304040093992229,1.4500855444520233,1.9323189451680824,-0.7122516841395942,-0.18394739261582072,-0.5712410319046437,-0.5336474062213806,1,1,1,4,0,2
-0.6852681247102698,-0.3031525550259725,0.9248435830519681,-0.7094893874075693,1.0696594044596277,2.4859171871600085,2.5174669822817095,1,3,1,4,0,2
-0.7165756133548132,0.20513916288991704,1.1263386554751909,-0.6890232798021118,-0.4973490918846828,0.5149451536830215,0.550502971736009,1,3,1,4,0,2
0.2877531345585702,-0.9489531434891558,-1.0901071411802608,0.3117442703162838,1.0696594044596277,-0.4714527336991993,-0.48540570506367875,2,0,1,4,2,3
1.7905125894966545,-0.2098429642974517,-0.28412685148736916,1.4926889027281238,0.4428560059219035,-1.0116465813328372,-1.1008338142674836,2,0,2,1,3,3
-0.10912183191598643,-0.751284142077421,-0.8886120687570378,-0.12639365906557953,-1.9076567385945622,0.023533588339585406,0.029015993128039576,0,4,1,1,0,0
0.271712195147055,-0.17914901997885935,-0.28412685148736916,0.06094028294265673,-1.4375541896912691,-0.8353114977401417,-0.8480062886089904,2,0,1,3,0,3
1.5962512818647878,-0.44311694111875366,-1.2916022136034835,2.1352367902798317,-0.967451640787976,-0.27563550583177565,-0.35591746967686605,0,1,2,4,3,3
0.20146394324145395,0.011153434796413314,-0.485621923910592,0.027039368504168916,0.4428560059219035,1.4299625902760416,1.4180266558394863,2,4,0,1,0,0
-0.7325612391821507,0.43841313971121904,0.5218534382055223,-0.7454620243950757,1.2263602540940588,-0.6535583361201454,-0.6157544016478839,1,1,0,3,0,2
-0.3878469825871072,0.007470161478182229,0.1188632933590766,-0.4488290230583077,0.7562577051907656,-0.8671514472418256,-0.846494894103181,2,1,1,0,0,0
-0.6917951276432311,-0.2945582506167666,0.1188632933590766,-0.6687455106102016,0.5995568555563345,2.3928252641726115,2.424819337187149,1,2,1,1,0,0
0.053002283308672044,-1.205554517992588,-0.687116996333815,0.23320715186712052,-0.027246542981389666,0.30123735944357194,0.2981894878318023,0,0,1,0,0,3
-0.08943019594874725,-0.17546574666062825,-0.8886120687570378,-0.15696726153140086,-1.5942550393257002,-0.6025075658174807,-0.5972488984935743,0,1,2,3,0,3
-0.4135124856455315,-0.9661417523075676,-1.0901071411802608,-0.47833537451402847,0.1294543066530414,0.3644809031695733,0.3849172716365101,2,1,1,4,0,2
-0.6730991361911892,1.813501845184157,0.3203583657822995,-0.6622164456072335,-0.6540499415191139,0.05650358612367992,0.09043001423932981,0,1,1,2,0,0
0.7390566678639232,-1.2141488224017938,-1.2916022136034835,0.5771758744754066,0.9129585548251966,-0.8945635095379252,-0.9307893606905877,2,0,2,0,2,3
-0.5589318984485433,-0.13126646684185525,1.1263386554751909,-0.5045144139970831,-0.18394739261582072,2.1869466905828334,2.212483774499453,0,3,1,3,0,2
-0.7729954692160045,-0.19633762879727107,0.5218534382055223,-0.7835063839316009,-0.34064824225025175,2.2290521776994856,2.2653490577405466,1,1,1,1,0,0
-0.17837443930638996,-0.6948072845312111,0.7233485106287452,-0.23851779459731873,0.5995568555563345,-0.8871622527179782,-0.877060822546916,0,4,0,0,0,0
-0.7684597553134381,0.7330750051697057,1.1263386554751909,-0.766053690942898,-0.18394739261582072,0.32489844464384815,0.36331075572536425,0,3,1,3,0,2
-0.5478691816130156,0.34019251789172344,-0.08263177906414627,-0.5895178179780319,1.2263602540940588,-0.6343531096175923,-0.6059010034556661,1,3,1,4,0,2
2.1310230136941977,-1.2129210646290502,-1.0901071411802608,2.445932393161454,-1.5942550393257002,-0.4543873263452704,-0.5614587413513854,3,0,0,0,3,3
2.924607005890778,-1.350429935176344,-1.2916022136034835,2.73540853478343,-1.5942550393257002,-1.3116520231191506,-1.4577492077585954,3,4,1,0,1,1
-0.40211788730493797,-0.6825297068037741,-0.8886120687570378,-0.3353237391605561,0.1294543066530414,-1.0859948074379728,-1.0643480245338963,0,1,0,3,0,2
1.5535491948796512,-0.4934550098012451,-0.28412685148736916,2.074403482704101,0.7562577051907656,-0.9428059420298466,-1.0201097029082182,2,4,1,4,3,1
-0.7624305746380755,1.6035552660449852,1.1263386554751909,-0.7631030557973258,0.7562577051907656,-0.7928479755241122,-0.753363938011384,0,3,1,4,0,2
0.7257814076612898,-0.6014976938026902,-0.485621923910592,1.0201478231383134,-1.750955888960131,2.139823117776467,2.1005316265672906,2,1,1,1,2,3
0.7948680742991604,-1.370074059540243,-1.4930972860267064,1.0171971879927415,-1.750955888960131,1.46618007829746,1.424228681353159,2,4,0,4,2,1
-0.09922070034818917,-0.2343981197523256,-1.2916022136034835,0.016617976287893067,1.5397619533629208,0.959135245997605,0.9629656054470993,2,0,2,4,0,3
0.03712728464968991,-1.2460705244931298,-0.8886120687570378,0.0016136826753030127,-1.9076567385945622,-0.828822111563922,-0.8296767888814202,2,1,1,4,0,3
1.9011397578519316,-1.258348102220567,-1.4930972860267064,2.128896063690411,-1.5942550393257002,-0.8508804302646407,-0.9458530190553276,3,0,1,1,3,3
2.689690213888347,-1.2030990024471007,-1.2916022136034835,2.941952994973476,-1.124152490422407,-0.7067768970635732,-0.8417539764019636,3,4,1,3,1,1
2.029799154649119,-0.8089887573963747,-0.8886120687570378,2.1025286857938092,-0.8107507911535449,-0.8067050527297119,-0.9082301913109002,2,0,1,1,3,3
0.10344827207867843,-0.4087397234819302,-1.0901071411802608,0.2586328376959863,0.1294543066530414,0.4256657450741533,0.41991681021096505,0,0,1,0,0,3
2.6475412627449866,-1.3688463017674994,-1.0901071411802608,2.559500456530388,-1.750955888960131,1.24042775954301,1.1051819616628724,2,0,1,1,1,3
-0.7338887652024141,-0.10671131138698137,0.7233485106287452,-0.7214174869322224,-0.18394739261582072,0.3204146144539862,0.35708638057020103,1,3,1,3,0,2
-0.2691440309418948,-0.5241489541198375,-0.687116996333815,-0.21265265247017617,-1.4375541896912691,-0.5751346636103755,-0.5608329513896455,2,0,1,0,0,3
-0.7039641161623116,0.9638934664455203,0.5218534382055223,-0.7118750073124999,-0.6540499415191139,0.3851294586664924,0.42021014925553074,0,3,1,1,0,0
-0.5348704893312705,0.34387579120995454,-0.485621923910592,-0.48643392629655613,-0.4973490918846828,-0.15828670486154425,-0.13107728257511692,0,1,0,0,0,0
-0.21797896557757915,0.02956980138756873,-0.485621923910592,-0.28089393764542847,-0.18394739261582072,-0.6065298663870511,-0.5947736756984779,0,1,1,4,0,2
1.8810609267954488,-1.3283302952669573,-0.8886120687570378,1.3288972624132818,-1.4375541896912691,0.1860731320093869,0.09083789519653532,3,4,1,4,3,1
1.7361946498342136,-0.24790345525250623,-0.687116996333815,1.825922335764222,-0.027246542981389666,-0.945191910309293,-1.0317175479574567,2,4,1,2,3,1
1.9498157119282535,-0.1656436844786787,-1.4930972860267064,1.5575400964595272,-1.5942550393257002,-0.4669856864046207,-0.5648894113202098,2,4,0,1,3,1
-0.6440041909137514,2.1891957236437274,0.3203583657822995,-0.6655437575798999,-0.34064824225025175,-0.5481030136073646,-0.5149016444210459,0,3,1,3,0,2
3.546940141473389,-1.2460705244931298,-1.2916022136034835,2.804403173612871,-1.4375541896912691,1.126273302975038,0.9457424129733195,2,0,1,0,1,3
1.7247447379094423,-0.020768267294922746,-0.485621923910592,1.6115304416763783,-0.6540499415191139,0.32737951599656656,0.23986530465660286,0,4,1,2,3,1
-0.553013344941536,1.0584308149467847,0.7233485106287452,-0.5974280313470124,-0.6540499415191139,-0.45307826051317085,-0.424589536862265,1,2,1,0,0,0
-0.7640899821634047,2.1044804373244124,1.1263386554751909,-0.7702599155121177,1.3830611037284897,-0.9087730275444749,-0.8690624445984274,1,3,1,2,0,0
-0.7066744817870159,-0.12267216243264939,1.3278337278984138,-0.7253725936167126,-0.027246542981389666,-0.4721743981963823,-0.43590124916175166,1,2,1,3,0,2
-0.7644771772526482,0.013608950341900702,-0.28412685148736916,-0.7550045040147982,1.3830611037284897,-0.19716987608379724,-0.15831590814192217,1,2,1,4,0,2
-0.6879784903349739,0.7981461671251215,1.3278337278984138,-0.6940456374967027,0.7562577051907656,-0.6772082327235661,-0.6416269053785694,0,2,0,4,0,2
-0.6287376416807231,-0.3277077104808464,0.9248435830519681,-0.6294455616500286,-0.6540499415191139,-0.17146966910659708,-0.1395030974171153,1,2,1,4,0,2
1.9530238998105565,-1.1674940270375334,-1.4930972860267064,1.7697974885271701,-1.4375541896912691,-0.3674351458823566,-0.4656234786392123,3,4,1,0,3,1
-0.7531378924962322,1.1075411258565326,0.7233485106287452,-0.7707621512815768,0.9129585548251966,-0.8810197130442808,-0.841896455366467,1,2,1,4,0,2
-0.6983774441603701,-0.20615969097922063,1.5293288003216368,-0.6942339759102498,-0.027246542981389666,-0.8701276140054021,-0.8337835355053386,1,2,1,4,0,2
-0.6156283222306228,2.0295872131870474,-0.08263177906414627,-0.5714373302775052,0.7562577051907656,2.822137319818526,2.849755864555243,1,2,0,0,0,0
-0.6875359816615528,1.9767936289590684,-0.08263177906414627,-0.6850681731176216,1.3830611037284897,-1.312835217236625,-1.2764936152689208,1,1,1,1,0,0
0.18558894458247183,-0.27368636848012384,-1.0901071411802608,0.22353911330503315,-0.4973490918846828,0.6419245393966685,0.6317606807858651,2,1,1,4,0,3
-0.32130474082140803,-0.19265435547903997,-0.687116996333815,-0.28484904432991864,1.0696594044596277,-1.1629415851628102,-1.145281663782137,0,0,1,4,0,2
2.589240745021755,-1.2116933068563065,-0.8886120687570378,2.7556235245041583,1.2263602540940588,-0.07494844118297339,-0.2056300991777594,2,4,1,0,1,1
2.638359207771498,-1.262031375538798,-1.2916022136034835,2.1467254335062083,-1.750955888960131,-1.0666665063700087,-1.1986079083789758,3,0,1,4,1,3
-0.46716666229784093,0.42613556198378205,0.1188632933590766,-0.5278683772769301,0.9129585548251966,0.60900209314921,0.6318472856466418,1,1,1,4,0,2
-0.736654444411296,0.2935377225274631,1.7308238727448595,-0.7529327814657795,-0.027246542981389666,0.1328154109769646,0.1698578463921338,1,1,1,3,0,2
-0.792189282925645,-0.8851097393064837,0.5218534382055223,-0.7933627609072353,-0.18394739261582072,1.204526349382761,1.2430541063138885,0,2,1,3,0,2
-0.5795638653468025,0.8006016826706089,1.3278337278984138,-0.5716256686910524,1.3830611037284897,0.4629629326921321,0.49166474680652344,1,2,1,0,0,0
-0.7602733448551475,-0.3142023749806657,1.1263386554751909,-0.7445203323273399,0.4428560059219035,0.817437261120481,0.8548296587994757,0,3,0,1,0,0
2.0947926160578443,-1.201871244674357,-1.0901071411802608,1.6878074991629755,-1.280853340056838,-0.880714823779967,-0.9854314404301923,3,4,1,2,3,1
0.9482526432237522,-0.8065332418508873,-0.08263177906414627,1.014811568087811,-0.18394739261582072,1.0019204403732318,0.9527937248636391,2,0,0,3,2,3
-0.7234898113770181,0.19900037402619858,1.1263386554751909,-0.7468431727610882,0.9129585548251966,-0.03788901124817506,-0.0013012955541113844,0,3,1,3,0,2
-0.632720219741513,0.38684731325598387,0.3203583657822995,-0.6008809022620436,0.28615515628747246,-0.6734796328214537,-0.6406938078463321,1,3,1,2,0,0
-0.5155660484532747,1.8036797830022073,1.1263386554751909,-0.5567469340208271,1.0696594044596277,-0.7040860395198131,-0.6771795975799195,1,3,1,2,0,0
-0.13506390289529907,-0.7107681355768791,-0.485621923910592,-0.019794116997890174,-0.8107507911535449,-0.41308182390379045,-0.40575158279078116,0,1,0,4,0,2
-0.3965865288871741,-1.1392555982644286,-0.687116996333815,-0.3910719095705137,-0.027246542981389666,-0.8238040258742074,-0.8027594394110439,2,4,2,1,0,0
-0.19994673713566904,0.3708864622103158,0.9248435830519681,-0.11559559002220936,1.2263602540940588,2.235337371983091,2.242683727563778,1,3,1,0,0,0
-0.6688953037936888,1.852790093911955,1.1263386554751909,-0.6357235087682671,1.2263602540940588,-0.7205920170309645,-0.6859211011079742,1,1,1,2,0,0
-0.35825421505207056,-0.047778938295284026,-0.485621923910592,-0.34643570555983816,1.6964628029973519,0.0006557049191977616,0.01874912656824375,2,4,1,1,0,0
0.6174774098414736,-0.15459386452398546,-1.2916022136034835,0.3687480301498891,-0.6540499415191139,-1.1677414932138415,-1.1974904263044404,2,4,0,0,2,1
-0.39564619795615424,-1.1036506228548613,-0.485621923910592,-0.4381565129573023,-0.4973490918846828,1.4315569653279576,1.449777115282229,0,0,1,3,0,3
-0.16985614734303367,-0.11653337356893093,-0.08263177906414627,-0.12934429421115162,-1.5942550393257002,0.1435900297488602,0.15199210172549593,2,4,2,2,0,0
-0.6248656907882884,1.1247297346749443,0.5218534382055223,-0.6394274975680279,0.9129585548251966,2.151800510710334,2.18071096541522,1,2,1,0,0,0
0.6966311487996744,-0.10671131138698137,-0.687116996333815,0.38456845688785013,0.4428560059219035,-0.1285977631053399,-0.16362394799596627,2,0,1,4,2,3
-0.4726427071314271,1.7238755277738673,-0.687116996333815,-0.4783981539852109,1.2263602540940588,0.43230617730792265,0.45564550583905467,0,3,0,3,0,2
-0.6970499181401068,1.3997474757695318,-0.28412685148736916,-0.7000724667302115,-0.6540499415191139,0.6255863908383503,0.6600218024508707,1,2,1,3,0,2
-0.40991710267398496,-0.3105191016624347,1.1263386554751909,-0.38247112201852695,0.28615515628747246,-0.08144062450840679,-0.06063680000676526,0,3,1,3,0,2
-0.19972548279895844,-1.0790954673999875,-0.485621923910592,-0.13731728705131446,0.4428560059219035,-0.8493559839430719,-0.8382227330464311,0,0,0,1,0,3
