TransactionAmount,AccountAgeDays,NumTransactionsLast7D,AvgTransactionAmount7D,TransactionHour,BalanceBefore,BalanceAfter,TransactionType,MerchantCategory,DeviceType,Location,Target
24.7,850,16,18.25,21,9578.67,9553.97,1,2,1,3,3
11.6,681,15,8.25,13,3178.36,3166.76,0,3,1,2,3
221.83,316,5,169.53,2,1668.02,1446.19,2,1,1,0,0
396.46,51,3,373.11,3,5947.21,5550.75,2,4,1,3,0
15.24,1076,8,15.15,8,6825.49,6810.25,0,3,0,0,0
60.98,2499,9,57.99,12,5443.72,5382.74,1,3,1,4,3
1563.86,118,3,1325.52,2,2107.85,543.99,3,0,1,0,1
1377.68,159,3,987.78,5,1055.99,-321.69,3,0,1,1,1
20.87,1992,17,16.4,16,18886.63,18865.76,1,3,1,1,2
24.91,1817,20,26.74,16,460.53,435.62,1,3,1,3,3
35.82,1472,11,36.07,21,11142.27,11106.45,1,3,1,4,3
283.25,209,10,268.93,23,5707.53,5424.28,0,4,1,4,3
966.03,103,2,724.47,5,11274.69,10308.66,3,4,0,0,1
207.33,580,6,165.7,14,3439.26,3231.93,2,0,0,2,0
21.45,1221,10,19.55,14,2288.19,2266.74,0,2,1,3,3
13.71,2421,15,9.98,9,10007.03,9993.32,1,3,1,4,3
75.34,480,15,67.54,8,4840.5,4765.16,0,2,1,3,3
173.79,154,4,123.29,16,1662.64,1488.85,2,0,2,3,0
56.12,295,4,51.95,8,7438.94,7382.82,2,4,1,2,0
133.18,134,8,100.55,19,2208.45,2075.27,2,0,1,2,0
181.12,779,4,190.26,0,4417.0,4235.88,2,0,0,4,0
32.08,2463,10,29.41,10,17564.96,17532.88,1,2,0,0,2
118.73,737,4,96.57,8,5575.58,5456.85,2,1,1,0,0
273.72,139,5,294.74,20,8206.02,7932.3,2,1,2,3,0
50.95,1079,6,49.41,14,7772.66,7721.71,1,3,1,1,0
34.33,2459,10,35.2,18,7771.46,7737.13,1,3,0,3,3
142.57,1036,4,121.69,14,2420.75,2278.18,0,4,1,3,0
30.67,2331,12,26.34,12,1229.75,1199.08,1,3,1,4,3
56.42,1769,10,59.03,14,24560.4,24503.98,1,2,1,4,2
21.72,1041,12,23.15,18,5639.75,5618.03,1,3,0,0,3
53.94,884,11,53.54,11,6634.62,6580.68,0,3,1,3,3
485.49,942,4,380.01,16,8136.2,7650.71,2,1,0,0,0
18.53,2690,16,16.45,18,2997.22,2978.69,1,3,1,4,3
458.64,969,7,457.88,6,2945.08,2486.44,2,4,1,2,0
224.95,684,6,173.78,20,9646.58,9421.63,0,0,0,2,0
121.33,474,6,86.87,7,3263.1,3141.77,2,1,2,3,0
689.48,151,0,625.1,2,8826.39,8136.91,3,4,0,4,1
18.38,2668,10,16.08,19,6380.97,6362.59,1,2,0,2,3
94.54,234,3,87.29,12,8570.76,8476.22,0,0,0,3,0
30.19,1600,12,22.67,9,2262.42,2232.23,1,2,1,2,3
321.17,1100,6,350.28,6,3798.78,3477.61,2,4,1,2,0
91.09,551,2,93.67,18,3082.08,2990.99,2,4,2,1,0
30.48,1244,9,26.71,10,5150.7,5120.22,0,3,1,4,3
41.55,494,12,30.71,10,3624.7,3583.15,0,2,1,3,3
36.83,393,14,37.43,15,1949.94,1913.11,1,2,1,1,3
15.48,952,9,12.4,14,2460.66,2445.18,1,3,1,4,3
291.27,1115,4,262.21,20,2298.83,2007.56,2,1,1,0,0
330.64,553,4,310.19,19,3267.17,2936.53,2,0,0,3,0
995.96,67,0,698.29,3,2542.09,1546.13,3,4,0,1,1
1293.53,45,2,1136.54,1,4737.95,3444.42,2,4,0,0,1
50.51,2818,18,53.12,13,3956.99,3906.48,1,1,1,3,3
597.16,147,1,486.93,5,10236.46,9639.3,3,4,1,1,1
39.58,1190,15,29.63,21,2533.62,2494.04,1,2,1,4,3
92.12,168,7,67.84,21,3274.67,3182.55,0,0,1,3,0
25.73,2893,18,18.63,14,1753.97,1728.24,1,3,1,2,3
13.66,897,11,10.94,14,2943.95,2930.29,1,2,1,1,3
18.07,2417,17,17.84,14,6622.29,6604.22,1,1,1,0,3
32.01,1946,11,30.26,9,17491.94,17459.93,1,3,1,2,2
19.71,755,18,16.13,9,5148.37,5128.66,1,3,1,4,3
210.41,1061,3,168.11,9,731.2,520.79,2,1,1,4,0
170.59,1008,3,147.22,22,3517.87,3347.28,2,0,1,4,0
189.38,489,3,134.02,1,12125.13,11935.75,2,0,1,0,0
1133.09,90,1,836.91,1,2013.21,880.12,3,4,0,0,1
37.73,2958,12,40.4,21,4617.69,4579.96,1,2,1,2,3
170.73,228,2,129.86,21,2543.94,2373.21,0,4,2,0,0
236.78,325,4,224.87,4,3012.16,2775.38,2,0,1,1,0
24.25,895,18,24.67,8,15772.7,15748.45,1,3,1,2,3
69.89,1392,8,52.46,10,10403.99,10334.1,1,3,1,0,3
283.2,1088,4,277.27,18,21310.06,21026.86,2,4,1,1,2
29.14,2312,10,26.45,18,4017.98,3988.84,1,2,1,4,3
49.89,948,10,50.66,17,4743.68,4693.79,1,2,0,3,3
140.87,987,3,145.01,8,8810.3,8669.43,0,4,1,4,0
69.2,1753,15,58.11,20,458.21,389.01,1,1,1,4,3
31.34,2529,12,31.98,21,2321.72,2290.38,1,3,1,1,3
24.39,2660,11,24.74,16,10457.7,10433.31,1,1,1,3,3
788.9,68,0,686.06,4,15228.25,14439.35,3,4,0,4,1
45.16,623,16,39.03,20,9624.86,9579.7,1,3,1,1,3
445.81,650,7,351.58,22,1090.42,644.61,0,4,1,2,3
79.2,678,4,75.77,6,3275.6,3196.4,2,1,1,4,0
217.06,522,5,229.69,4,6901.19,6684.13,0,0,0,0,0
609.93,176,1,595.63,3,1896.63,1286.7,3,4,1,4,1
46.88,1026,10,40.66,13,12662.11,12615.23,1,2,1,4,3
304.52,761,4,302.16,19,7055.58,6751.06,0,4,2,3,0
254.93,651,3,224.64,23,11714.49,11459.56,2,4,0,3,0
26.21,1320,13,24.16,16,12300.43,12274.22,1,3,0,1,3
106.0,366,2,91.69,23,6812.63,6706.63,2,4,2,0,0
24.31,2994,7,21.8,10,2625.68,2601.37,1,1,1,1,3
13.06,501,15,9.59,14,20549.81,20536.75,1,2,1,4,2
36.21,1104,11,36.01,12,3630.93,3594.72,0,2,1,4,3
51.81,2862,14,50.19,16,3215.62,3163.81,1,1,1,2,3
579.6,173,0,409.69,4,4803.31,4223.71,3,4,1,1,1
40.63,874,13,38.04,8,4214.47,4173.84,1,3,1,1,3
37.31,1967,17,33.56,19,10788.05,10750.74,0,2,1,0,3
35.55,1826,10,29.85,17,7639.83,7604.28,1,3,1,4,3
35.25,1148,17,27.35,18,5688.74,5653.49,0,1,1,3,3
63.82,1593,15,55.62,20,2504.06,2440.24,1,3,1,4,3
179.1,221,4,193.57,21,6082.58,5903.48,2,0,0,1,0
100.36,652,4,86.32,9,17129.6,17029.24,2,1,0,0,2
37.62,1191,9,34.98,8,7471.64,7434.02,1,2,1,1,0
1837.7,164,3,1840.98,2,2274.59,436.89,2,4,0,2,1
332.39,513,9,262.33,12,2772.49,2440.1,0,0,0,1,0
495.03,773,6,415.72,23,1101.34,606.31,0,0,1,1,0
842.74,93,4,812.36,3,16956.96,16114.22,3,0,0,0,1
810.9,54,0,765.27,3,5860.07,5049.17,3,4,1,2,1
283.95,806,7,236.71,15,10458.93,10174.98,0,0,0,2,0
19.07,1961,22,17.6,20,8171.37,8152.3,0,3,1,0,3
838.55,130,1,777.97,2,16536.85,15698.3,2,4,0,1,1
15.26,1537,16,16.43,8,31656.63,31641.37,1,1,1,3,2
13.46,1957,13,13.62,12,3246.3,3232.84,1,3,1,1,3
78.45,2358,7,57.12,20,16060.75,15982.3,1,2,1,4,3
158.31,580,4,152.14,6,5589.56,5431.25,2,1,0,4,0
37.01,524,10,34.79,13,2880.3,2843.29,1,3,1,4,0
43.29,1573,15,44.68,13,1318.35,1275.06,1,1,1,3,3
70.91,696,9,50.39,21,2412.55,2341.64,1,3,1,4,3
696.59,45,4,571.2,4,10475.1,9778.51,3,4,0,3,1
317.85,916,9,325.32,12,2234.08,1916.23,2,1,0,4,0
28.05,1513,16,26.52,18,2165.0,2136.95,1,1,1,3,3
52.05,2561,13,45.61,10,6821.48,6769.43,1,3,1,0,3
54.7,2345,5,53.95,14,19815.51,19760.81,1,1,1,4,2
40.25,1961,8,33.59,8,4423.64,4383.39,1,3,1,3,3
195.29,287,4,163.69,18,3367.08,3171.79,2,0,0,0,0
21.53,1018,11,15.4,13,2024.97,2003.44,1,2,1,4,3
18.47,890,13,18.39,13,7678.97,7660.5,1,3,0,2,3
21.4,1091,14,16.33,9,10085.11,10063.71,0,3,1,1,3
48.64,1323,6,36.52,8,10127.05,10078.41,0,2,1,3,3
241.65,990,9,191.41,23,2416.7,2175.05,2,0,0,1,0
223.3,927,7,214.03,20,5277.32,5054.02,0,0,0,1,0
35.87,1611,17,27.17,20,9182.69,9146.82,1,3,1,0,3
492.46,160,2,514.54,1,6260.95,5768.49,3,0,1,3,1
18.48,2339,16,18.46,9,12431.98,12413.5,1,1,1,0,3
471.3,728,6,369.21,4,4606.86,4135.56,2,1,0,3,0
79.63,1973,14,67.31,9,6528.11,6448.48,1,3,1,0,3
37.23,1115,8,32.22,16,3235.93,3198.7,0,4,1,0,3
486.97,66,2,344.17,4,1921.03,1434.06,2,0,0,4,0
84.01,2062,12,92.41,18,3597.39,3513.38,1,3,1,2,3
127.6,1165,3,103.55,22,4683.48,4555.88,2,0,1,4,0
23.78,2411,8,20.22,21,7832.24,7808.46,1,3,1,0,3
93.61,796,1,91.48,22,6243.81,6150.2,2,4,0,3,0
233.01,784,4,219.75,22,5291.38,5058.37,2,1,0,1,0
57.02,1058,2,57.1,2,2586.7,2529.68,0,4,0,2,0
33.61,2192,12,36.01,8,2141.97,2108.36,1,1,1,4,3
237.9,512,7,257.95,11,1704.4,1466.5,2,0,1,2,0
59.28,1054,11,52.76,6,6284.02,6224.74,2,1,1,2,0
1448.67,12,3,1549.86,2,11826.09,10377.42,2,0,1,0,1
1312.87,10,0,1426.0,3,2382.86,1069.99,3,4,0,4,1
256.24,266,7,243.23,2,5236.41,4980.17,2,4,1,1,0
35.72,1045,9,37.76,13,1891.42,1855.7,0,1,1,2,3
14.24,1799,7,12.8,15,15254.67,15240.43,1,3,0,3,2
36.5,1742,13,37.35,15,14736.51,14700.01,1,3,0,0,3
305.15,136,6,244.15,4,7164.17,6859.02,2,4,2,1,0
126.31,523,8,133.75,15,17078.7,16952.39,2,4,1,1,2
144.94,972,3,158.73,10,9185.64,9040.7,2,4,1,3,0
66.59,1076,13,58.36,8,31735.22,31668.63,1,3,1,2,2
157.5,497,3,156.15,21,8631.17,8473.67,2,1,2,0,0
1360.59,114,1,1311.59,0,8855.58,7494.99,2,4,1,1,1
24.57,1522,10,24.43,18,1822.34,1797.77,0,3,1,2,3
40.96,412,12,34.35,17,6291.43,6250.47,1,1,1,0,0
328.43,132,1,354.54,1,4244.57,3916.14,3,4,0,4,1
1601.98,44,2,1694.81,1,4943.04,3341.06,3,0,1,1,1
32.63,2055,11,31.0,21,4693.45,4660.82,1,3,1,3,3
40.06,2701,8,31.67,15,2038.48,1998.42,1,3,1,1,3
39.12,1349,10,38.34,18,4583.59,4544.47,0,3,1,1,3
221.02,241,2,217.91,19,15012.22,14791.2,2,1,0,3,0
72.41,246,4,69.72,7,3383.44,3311.03,0,4,1,2,0
936.47,146,2,951.21,4,2226.69,1290.22,3,4,1,3,1
58.88,2147,12,47.53,13,4911.2,4852.32,1,3,1,0,3
233.37,783,2,233.86,10,902.56,669.19,0,4,0,1,0
30.89,1067,16,29.74,20,11545.41,11514.52,0,3,1,4,3
29.53,1449,14,29.67,12,5624.48,5594.95,1,2,1,0,3
256.21,688,5,245.71,14,1899.61,1643.4,2,4,1,0,0
206.78,280,3,181.1,1,7640.05,7433.27,0,4,0,0,0
7.62,2122,8,6.11,11,3236.34,3228.72,1,2,1,3,3
34.04,1765,13,29.45,12,4377.37,4343.33,1,1,1,0,3
178.5,541,2,164.59,20,23294.66,23116.16,2,4,1,3,2
23.95,414,12,24.67,11,1047.44,1023.49,0,3,1,4,3
151.24,1096,4,117.62,20,7681.09,7529.85,2,4,1,0,0
480.87,156,4,380.92,2,3790.71,3309.84,3,4,1,3,1
156.55,1190,5,135.02,14,5231.13,5074.58,2,0,1,3,0
32.75,665,9,32.48,20,5137.18,5104.43,1,2,1,0,0
34.87,1247,12,37.43,14,1285.42,1250.55,1,3,1,2,3
29.89,2929,14,29.64,20,1698.19,1668.3,1,3,1,2,3
15.3,1876,10,13.75,16,4089.04,4073.74,1,1,1,1,3
202.7,219,5,150.84,7,3905.53,3702.83,2,0,2,2,0
221.86,440,3,176.9,9,2950.06,2728.2,2,4,0,1,0
46.1,1207,10,44.89,20,3657.82,3611.72,1,3,1,4,3
35.77,971,11,25.14,13,7608.44,7572.67,1,3,1,0,3
93.53,875,9,79.81,11,1988.58,1895.05,1,3,1,0,0
15.69,1547,13,13.03,11,9779.56,9763.87,1,1,1,4,3
1391.59,177,3,1446.25,4,4932.66,3541.07,3,4,0,0,1
27.33,1956,12,20.57,18,7637.04,7609.71,1,2,1,0,3
178.63,831,3,137.56,5,1967.88,1789.25,2,0,1,4,0
1312.45,167,1,1365.04,0,1780.2,467.75,3,4,0,3,1
38.23,2321,11,31.07,20,2816.66,2778.43,0,3,1,2,3
1869.95,89,3,1753.5,2,5274.12,3404.17,3,0,1,0,1
431.19,1138,3,429.52,19,1569.77,1138.58,0,4,0,4,0
347.03,613,2,379.88,9,7283.71,6936.68,2,4,0,1,0
26.58,1891,13,25.3,9,6632.39,6605.81,1,1,1,3,3
60.03,2926,10,49.5,10,3305.35,3245.32,1,3,1,1,3
27.47,1414,13,27.7,16,4672.1,4644.63,0,3,0,4,3
108.1,1129,1,97.45,14,6320.26,6212.16,2,1,0,4,0
395.21,78,1,412.37,3,3415.39,3020.18,3,0,1,1,0
159.73,975,6,128.15,20,3259.63,3099.9,0,0,1,1,0
798.98,133,3,594.54,0,10827.05,10028.07,3,4,0,4,1
50.72,2006,7,47.66,18,4829.27,4778.55,1,3,1,1,3
17.86,468,16,17.24,14,6537.46,6519.6,0,3,0,4,3
304.38,1023,7,213.52,17,4179.37,3874.99,2,4,0,1,0
63.47,2171,16,46.8,21,18244.83,18181.36,0,3,1,4,3
2255.5,24,2,1600.49,2,8375.43,6119.93,3,4,0,3,1
447.67,488,6,460.22,13,4033.06,3585.39,2,0,1,2,0
64.48,2058,16,61.88,8,12004.04,11939.56,1,1,1,1,3
31.21,1657,15,30.95,15,3656.0,3624.79,1,3,0,3,3
186.79,956,6,157.73,1,2506.25,2319.46,2,0,2,4,0
29.32,795,11,22.92,8,5284.67,5255.35,0,2,1,2,3
127.52,1073,6,105.43,4,4481.46,4353.94,2,4,1,4,0
204.01,894,4,197.78,0,11821.79,11617.78,2,0,1,0,0
213.28,107,0,169.3,1,4399.67,4186.39,3,0,0,1,0
43.37,1819,10,46.37,17,4078.98,4035.61,1,3,1,0,3
458.4,151,2,329.06,1,8331.34,7872.94,3,4,0,2,1
91.04,137,5,94.92,0,2989.6,2898.56,2,0,1,4,0
94.85,171,2,89.05,1,24466.29,24371.44,2,4,0,3,2
253.86,501,6,225.52,15,6013.29,5759.43,0,0,2,0,0
102.5,171,8,92.69,15,2110.17,2007.67,0,1,1,0,0
95.85,615,6,104.82,6,3132.43,3036.58,2,0,0,2,0
23.51,545,15,18.87,19,12560.14,12536.63,1,1,1,4,3
1136.78,50,2,1171.05,3,1965.21,828.43,3,4,1,3,1
13.45,500,12,13.98,17,1625.7,1612.25,1,2,0,2,0
138.34,550,3,141.53,17,2317.65,2179.31,2,0,1,0,0
45.78,1138,12,46.65,8,2898.4,2852.62,1,3,1,4,3
822.62,162,2,890.37,5,1800.16,977.54,2,0,0,2,1
220.87,862,4,168.51,7,1353.16,1132.29,2,1,1,1,0
87.79,615,5,69.8,21,2536.59,2448.8,2,4,1,3,0
23.45,1477,12,22.82,16,1289.73,1266.28,0,3,1,2,3
52.59,2780,12,45.06,10,4631.02,4578.43,0,3,1,1,3
275.26,738,2,274.31,7,5494.86,5219.6,2,0,1,0,0
12.56,1978,11,9.76,9,2695.23,2682.67,1,2,1,3,3
29.21,1459,8,27.64,21,14991.81,14962.6,1,1,0,3,3
341.19,182,6,354.44,0,5481.38,5140.19,2,0,0,4,0
238.8,542,7,187.43,17,17040.17,16801.37,2,0,0,4,2
55.95,1465,8,59.33,20,3169.94,3113.99,1,2,1,2,3
42.81,1093,11,43.41,8,2088.22,2045.41,1,3,1,3,3
167.54,986,2,174.73,15,4585.51,4417.97,2,0,0,4,0
17.68,495,15,18.25,14,11358.55,11340.87,0,3,1,3,3
148.01,451,6,151.34,6,2206.32,2058.31,0,0,1,2,0
279.1,667,7,269.17,12,4647.26,4368.16,2,4,0,0,0
2096.21,41,1,2000.16,2,1875.45,-220.76,2,0,0,4,1
14.72,2473,15,14.73,12,2974.81,2960.09,1,2,0,3,3
854.45,51,3,676.91,1,10318.05,9463.6,3,0,1,3,1
97.46,622,3,81.59,15,12760.17,12662.71,2,0,1,0,0
25.85,1598,14,18.12,10,9435.34,9409.49,0,1,1,2,3
102.15,788,5,88.2,19,18153.31,18051.16,2,4,1,1,2
48.4,949,13,40.07,20,2478.43,2430.03,1,3,0,0,3
119.93,1146,11,116.97,16,2965.37,2845.44,0,4,0,2,3
105.73,488,4,112.24,18,6269.81,6164.08,2,0,0,4,0
237.64,365,3,252.89,17,2833.97,2596.33,2,0,1,3,0
38.58,1212,10,33.3,14,2096.85,2058.27,1,2,0,4,3
35.46,2335,6,29.05,21,1102.04,1066.58,1,3,0,1,3
23.64,1518,21,25.73,14,4803.02,4779.38,1,3,1,1,3
218.25,948,5,217.71,17,16755.53,16537.28,2,4,1,0,2
20.4,2685,17,19.42,17,11899.94,11879.54,1,3,0,0,3
381.95,626,3,345.0,5,4026.78,3644.83,2,0,1,1,0
51.4,2424,16,52.28,19,2555.04,2503.64,1,2,1,0,3
57.06,1700,10,46.07,8,3363.61,3306.55,1,3,1,4,3
26.35,2974,14,23.1,10,7333.18,7306.83,0,3,1,3,3
21.73,933,7,22.45,19,8084.15,8062.42,1,2,1,4,0
32.74,1222,11,35.69,20,1622.69,1589.95,1,3,1,1,3
36.95,1998,17,32.32,18,5047.0,5010.05,1,3,1,4,3
30.43,1761,9,25.42,15,10607.17,10576.74,1,2,1,4,3
325.14,435,6,234.16,3,8332.07,8006.93,0,4,1,2,0
440.02,1032,3,417.62,5,10586.59,10146.57,2,0,0,1,0
21.27,2661,7,21.21,15,13314.27,13293.0,0,3,0,1,3
31.19,1808,11,28.65,9,2205.11,2173.92,1,2,1,4,3
25.88,1556,21,24.45,17,3245.84,3219.96,1,1,1,4,3
1002.42,152,5,849.7,2,1851.53,849.11,3,4,1,1,1
30.22,2789,9,30.37,17,27572.6,27542.38,1,1,1,2,2
22.26,400,12,18.1,20,4268.9,4246.64,1,3,1,4,3
551.31,16,5,409.79,2,5380.5,4829.19,3,4,1,4,1
150.12,632,2,108.21,9,12694.2,12544.08,0,4,0,4,0
186.45,1041,4,168.97,23,13018.73,12832.28,0,4,0,2,3
31.05,1832,11,31.14,9,17642.57,17611.52,1,3,1,1,2
686.88,77,6,493.99,0,4544.82,3857.94,3,4,0,4,1
41.1,2419,13,39.93,21,3348.15,3307.05,1,2,1,0,3
322.78,156,0,264.08,5,6973.77,6650.99,3,4,0,0,1
968.34,132,3,961.16,4,1141.39,173.05,3,4,0,4,1
44.97,1081,16,34.97,12,4459.78,4414.81,1,3,1,2,3
34.53,2588,14,30.56,8,5186.37,5151.84,1,3,1,1,3
26.81,2652,21,21.65,16,3496.83,3470.02,1,2,1,4,3
40.12,1975,14,39.36,8,2370.13,2330.01,1,1,1,1,3
28.62,1615,12,31.24,20,3921.23,3892.61,1,3,1,3,3
340.61,836,3,243.14,6,995.01,654.4,2,0,0,1,0
31.11,2876,13,26.97,20,7642.32,7611.21,1,1,1,4,3
147.25,145,3,153.74,12,6968.69,6821.44,0,0,2,0,0
683.28,19,2,703.69,4,4979.63,4296.35,3,0,1,0,1
44.78,825,9,47.79,9,15957.12,15912.34,1,3,1,4,2
1241.43,43,1,1017.05,3,1443.5,202.07,3,0,0,1,1
26.52,766,10,24.12,16,3833.46,3806.94,1,1,1,4,0
48.98,2369,7,36.76,19,5227.28,5178.3,1,3,1,2,3
30.66,2599,15,33.57,17,2744.18,2713.52,1,2,1,1,3
1178.9,40,1,1215.92,5,21791.74,20612.84,2,4,1,3,1
1409.31,54,1,1365.73,1,6598.39,5189.08,3,4,1,0,1
224.4,1019,4,190.95,21,4090.28,3865.88,2,4,2,1,0
45.7,2543,8,44.87,15,13393.32,13347.62,1,3,0,0,3
52.63,971,11,42.96,8,3735.03,3682.4,1,3,1,4,3
1156.26,161,3,978.0,5,6600.33,5444.07,3,4,1,2,1
21.47,2563,13,22.5,21,10053.83,10032.36,1,3,1,2,3
18.94,2947,11,17.28,9,5819.88,5800.94,1,3,1,1,3
342.63,565,3,342.05,21,6272.95,5930.32,0,0,0,0,0
34.22,2748,11,36.4,17,9320.61,9286.39,1,2,1,2,3
602.66,129,4,649.59,5,7551.5,6948.84,3,4,1,1,1
17.42,1773,7,14.94,21,11821.23,11803.81,1,3,1,2,3
158.21,157,4,126.48,1,3549.87,3391.66,2,4,0,1,0
192.05,833,4,178.27,19,3125.2,2933.15,0,4,0,3,0
1012.52,12,1,998.24,5,8494.54,7482.02,3,4,0,1,1
17.0,2808,16,17.29,14,12750.23,12733.23,1,3,1,1,3
15.46,745,9,13.36,15,1660.33,1644.87,1,2,1,0,0
18.24,2170,10,15.83,8,3589.55,3571.31,0,3,1,2,3
133.85,645,4,106.76,23,8433.29,8299.44,0,0,0,4,0
26.17,2021,13,18.34,21,4877.3,4851.13,1,1,1,1,3
69.21,1276,8,60.27,8,2536.02,2466.81,1,1,0,3,0
39.37,2185,4,40.87,14,4038.85,3999.48,1,3,1,3,3
174.09,436,5,130.6,12,11402.96,11228.87,2,0,1,0,0
395.37,45,0,401.61,2,11946.01,11550.64,3,4,1,1,1
21.96,2708,11,19.98,12,4412.67,4390.71,1,3,1,2,3
327.27,215,7,300.3,19,2306.81,1979.54,2,0,1,2,0
54.49,1665,12,56.86,21,6278.94,6224.45,1,3,1,3,3
727.72,4,3,644.13,5,10100.81,9373.09,3,4,0,1,1
92.89,956,4,89.56,14,11612.48,11519.59,0,4,1,3,0
168.51,1270,11,177.5,19,4632.81,4464.3,1,1,1,0,3
1520.19,121,1,1337.3,0,6028.66,4508.47,3,0,0,2,1
17.35,2935,7,14.94,8,3153.04,3135.69,1,3,0,2,3
324.39,1151,2,332.11,5,17667.23,17342.84,2,4,0,1,2
57.03,2513,11,57.26,10,1389.59,1332.56,1,3,1,0,3
202.49,810,3,142.65,5,9142.77,8940.28,0,1,1,4,0
436.76,122,2,329.23,0,2052.69,1615.93,3,0,0,4,1
7.79,1966,12,7.6,15,1919.15,1911.36,1,2,1,4,3
87.55,352,7,83.32,23,15615.18,15527.63,2,4,0,0,2
162.6,964,4,168.12,11,14511.42,14348.82,2,0,1,2,0
10.19,2661,12,10.17,21,8310.39,8300.2,1,2,1,3,3
43.91,2785,9,47.03,21,18596.56,18552.65,1,3,1,0,2
11.17,2368,9,10.99,21,2757.05,2745.88,1,2,1,2,3
18.27,1274,9,16.95,20,5243.62,5225.35,1,3,1,1,3
854.19,33,5,821.43,4,20802.72,19948.53,2,0,1,0,2
18.53,810,15,13.89,16,3701.17,3682.64,1,2,0,3,3
37.62,2342,17,36.96,16,3598.14,3560.52,0,3,1,2,3
146.6,1152,5,105.45,19,2191.83,2045.23,2,0,2,3,0
23.21,2060,10,20.05,16,3281.91,3258.7,0,3,1,0,3
30.52,2720,7,32.73,11,8965.43,8934.91,1,3,1,4,3
476.17,100,9,413.91,2,19461.94,18985.77,2,0,1,2,2
348.75,805,7,312.25,2,1195.05,846.3,2,1,0,0,0
83.74,737,4,91.87,0,13540.08,13456.34,0,1,1,4,0
37.09,1322,13,29.25,10,14815.31,14778.22,1,1,1,2,3
30.04,1835,20,23.26,11,1989.4,1959.36,1,2,0,3,3
644.64,170,0,527.05,1,15048.16,14403.52,3,4,1,0,1
763.24,62,3,602.68,5,1041.46,278.22,3,4,0,4,1
516.0,99,1,433.47,5,1907.8,1391.8,2,4,1,1,0
65.27,1029,3,45.81,1,18684.83,18619.56,2,4,1,1,2
15.46,1574,13,14.78,9,2949.44,2933.98,0,3,1,1,3
219.44,1103,3,176.58,14,15935.7,15716.26,0,0,2,0,2
125.03,570,5,98.86,1,5506.42,5381.39,0,0,0,4,0
348.88,962,5,353.54,12,4997.28,4648.4,2,1,1,2,0
1344.6,42,4,1138.91,2,4294.12,2949.52,3,0,0,1,1
26.53,939,8,19.8,18,4504.55,4478.02,1,2,1,4,3
431.37,35,2,387.32,3,1899.7,1468.33,2,4,0,2,1
131.54,513,3,124.2,4,25503.35,25371.81,2,4,2,1,2
1148.11,115,2,1061.97,0,4214.04,3065.93,3,0,1,0,1
197.14,1131,6,172.53,5,5273.88,5076.74,2,1,0,1,0
233.09,885,5,235.15,8,7269.34,7036.25,2,0,0,2,0
446.72,795,4,345.68,1,3059.96,2613.24,2,1,0,4,0
31.18,2465,10,33.09,18,2929.33,2898.15,1,3,1,3,3
19.35,1920,13,15.55,11,2825.33,2805.98,1,3,0,3,3
48.83,1654,8,45.61,16,6957.38,6908.55,1,3,1,2,3
17.63,2864,15,18.89,8,7225.76,7208.13,0,2,1,4,3
280.52,943,8,214.11,18,12263.85,11983.33,2,4,0,0,0
282.41,387,2,264.92,1,5422.83,5140.42,2,1,0,4,0
1119.39,97,1,812.71,4,18499.26,17379.87,2,0,0,0,1
283.73,126,3,205.3,3,4764.56,4480.83,0,0,0,3,0
31.0,1414,12,27.05,16,1886.98,1855.98,1,3,1,0,3
498.64,336,10,426.49,21,4173.57,3674.93,2,4,0,0,0
153.25,338,9,145.46,5,2366.92,2213.67,0,0,1,1,0
40.7,2462,16,35.12,14,4986.17,4945.47,1,2,1,1,3
40.63,838,16,35.06,9,14125.67,14085.04,1,3,1,2,3
14.66,2655,13,13.4,19,2409.57,2394.91,0,2,1,0,3
674.19,68,1,531.26,2,17433.82,16759.63,3,0,0,2,1
187.6,1066,3,178.53,3,1607.21,1419.61,0,4,0,3,0
35.3,2599,6,31.51,8,9229.43,9194.13,1,3,1,4,3
16.45,2058,9,15.53,10,21288.58,21272.13,1,2,1,0,2
217.53,886,6,223.33,6,9586.56,9369.03,2,4,0,4,0
58.04,2766,9,46.49,20,6934.34,6876.3,1,2,1,4,3
75.94,509,4,73.69,16,5373.16,5297.22,2,4,0,3,0
1469.43,123,0,1483.35,2,9497.34,8027.91,3,4,1,4,1
174.28,787,5,169.41,6,3409.21,3234.93,2,0,0,2,0
1098.98,54,0,918.99,2,3947.63,2848.65,3,0,0,3,1
1195.58,92,4,865.28,1,5196.61,4001.03,3,4,1,3,1
31.46,1106,16,31.63,17,1628.7,1597.24,1,3,1,0,3
820.28,133,0,755.28,1,11631.36,10811.08,3,0,1,0,1
171.19,1128,5,178.98,14,2127.34,1956.15,2,0,1,0,0
28.67,2439,11,22.36,18,4962.91,4934.24,1,3,1,1,3
404.17,315,7,299.6,18,1686.38,1282.21,2,4,2,4,0
28.23,2286,8,31.03,19,13957.93,13929.7,1,3,1,1,3
339.51,763,5,362.83,4,34034.97,33695.46,0,4,0,4,2
13.55,2957,9,13.77,13,10742.52,10728.97,1,1,1,2,3
455.98,86,2,487.17,0,4706.85,4250.87,3,0,1,2,1
1149.66,158,2,1053.75,0,6771.52,5621.86,3,4,1,3,1
29.3,987,8,25.44,16,9801.74,9772.44,1,1,1,1,0
1410.99,49,1,1092.92,0,9863.43,8452.44,3,4,1,4,1
56.54,1802,4,45.89,8,1860.27,1803.73,1,2,1,0,0
15.17,522,8,13.73,16,3627.45,3612.28,0,3,1,0,0
11.81,662,10,10.21,21,1029.29,1017.48,1,1,1,1,0
57.67,2075,11,51.47,13,3309.8,3252.13,0,1,1,0,3
60.25,419,6,65.96,16,1246.4,1186.15,0,4,2,1,0
29.25,2587,6,29.85,13,4194.66,4165.41,1,2,0,1,3
577.92,27,0,439.55,0,3809.53,3231.61,3,4,0,4,1
84.1,2531,7,70.9,12,3103.75,3019.65,1,3,1,0,3
847.84,129,1,837.12,5,13468.69,12620.85,3,0,0,0,1
35.84,1720,10,38.16,18,6745.72,6709.88,1,2,1,1,3
1725.76,72,2,1244.6,0,975.0,-750.76,3,4,0,3,1
222.94,738,1,170.81,11,1208.3,985.36,2,0,1,3,0
1134.38,173,1,1024.45,5,6708.05,5573.67,3,0,1,1,1
27.41,1903,13,29.54,15,11856.47,11829.06,1,3,1,2,3
361.99,551,4,293.19,19,4498.34,4136.35,0,0,1,1,0
20.02,1336,14,20.0,13,2202.1,2182.08,0,3,1,3,3
370.83,143,0,271.6,4,20543.52,20172.69,2,4,0,2,2
126.44,690,9,117.2,23,2659.29,2532.85,0,1,1,3,3
30.44,2058,11,24.79,13,987.37,956.93,1,3,1,0,3
13.82,2656,19,14.67,9,15311.05,15297.23,1,1,1,0,3
28.16,2761,18,29.23,10,9243.95,9215.79,1,2,0,3,3
44.54,1370,11,44.18,10,4553.6,4509.06,0,3,1,2,3
86.56,512,4,60.93,18,4944.12,4857.56,2,1,1,2,0
41.11,2352,8,36.84,15,4495.25,4454.14,0,3,1,3,3
134.63,1032,2,138.91,20,4279.76,4145.13,2,1,1,4,0
774.74,49,3,554.05,5,3300.4,2525.66,2,0,0,0,1
216.82,976,5,231.36,8,9421.58,9204.76,2,0,0,3,0
213.19,861,5,183.47,2,6842.79,6629.6,2,4,2,0,0
1387.69,35,2,1500.15,4,7126.03,5738.34,3,4,1,0,1
282.82,658,6,259.77,2,5322.94,5040.12,0,4,1,2,0
14.15,1278,11,9.94,8,1642.45,1628.3,1,3,0,2,3
34.12,2734,13,31.99,9,5276.73,5242.61,1,3,1,4,3
164.01,141,6,162.65,3,6434.73,6270.72,0,4,1,0,0
83.04,664,4,78.83,18,2002.63,1919.59,2,1,1,4,0
203.66,645,4,184.52,4,5001.45,4797.79,2,0,0,4,0
1637.23,89,4,1200.81,4,1418.33,-218.9,2,4,0,4,1
168.52,1059,2,160.2,15,16654.48,16485.96,0,1,1,1,2
346.22,879,5,296.79,19,14315.17,13968.95,0,1,0,4,0
16.45,2314,9,15.0,17,1489.92,1473.47,1,1,1,0,3
291.0,348,4,254.15,21,9408.93,9117.93,2,4,1,3,0
17.74,1851,11,13.72,12,6307.31,6289.57,1,3,1,1,3
31.09,701,10,31.35,12,10450.31,10419.22,1,3,1,1,0
85.43,616,5,76.7,0,4114.86,4029.43,0,4,0,3,0
83.18,920,3,81.07,15,1908.54,1825.36,2,0,0,3,0
21.88,1514,15,15.68,18,2371.7,2349.82,1,2,1,2,3
634.0,12,1,611.28,1,2402.92,1768.92,3,4,1,0,1
17.99,1213,19,13.71,8,1183.34,1165.35,1,2,1,0,3
1561.89,77,2,1597.39,2,4028.32,2466.43,3,4,0,2,1
136.37,194,4,106.31,12,12773.02,12636.65,0,4,1,0,0
21.6,2483,11,19.59,17,5608.63,5587.03,1,3,1,4,3
69.75,1100,9,68.27,12,1175.71,1105.96,1,2,1,1,0
337.51,1075,5,264.28,2,5781.31,5443.8,2,0,1,2,0
31.89,2922,13,28.07,18,3162.31,3130.42,1,1,1,2,3
218.6,349,9,188.55,17,15766.67,15548.07,0,0,2,1,2
598.01,367,6,528.31,23,5500.51,4902.5,0,1,0,3,0
26.12,1981,23,22.66,8,4928.76,4902.64,1,3,0,0,3
47.26,2787,12,47.58,13,22589.02,22541.76,1,3,1,4,2
167.8,497,2,139.85,19,3762.78,3594.98,2,0,0,1,0
111.41,1329,13,115.81,17,1219.02,1107.61,1,3,1,3,3
206.84,645,4,157.4,7,1828.83,1621.99,2,1,1,1,0
19.65,770,13,17.68,14,1709.99,1690.34,1,3,1,1,3
451.35,29,1,424.33,4,4207.33,3755.98,2,4,0,2,1
270.94,564,12,190.22,12,1031.99,761.05,2,4,0,0,0
159.09,470,6,122.42,19,6019.0,5859.91,2,4,1,1,0
50.38,1960,11,49.83,15,2365.9,2315.52,1,2,1,2,3
146.96,614,6,148.94,12,1311.72,1164.76,0,1,1,0,0
23.77,2801,13,23.66,18,43538.69,43514.92,1,3,1,2,2
33.13,829,15,33.25,15,3864.06,3830.93,1,3,1,4,3
1119.92,152,3,1071.67,4,6135.06,5015.14,2,4,0,0,1
35.07,1007,12,25.79,9,11433.29,11398.22,1,1,1,1,3
111.87,575,10,104.71,2,1066.25,954.38,2,4,0,2,0
820.52,156,1,607.99,5,5651.89,4831.37,3,0,1,2,1
11.15,1963,8,9.82,9,2007.15,1996.0,1,1,1,3,3
1654.65,114,2,1517.58,5,2389.11,734.46,2,0,0,3,1
42.84,1353,11,33.56,20,4241.76,4198.92,1,3,1,0,3
766.82,22,2,835.37,3,2202.98,1436.16,3,4,0,2,1
16.06,1686,13,16.16,11,4732.05,4715.99,1,3,1,4,3
163.48,799,6,165.8,19,3626.19,3462.71,2,1,0,1,0
34.96,391,15,35.78,8,6619.45,6584.49,1,1,1,0,0
415.26,87,0,293.58,4,4269.71,3854.45,3,4,0,4,1
366.55,1051,7,270.79,6,11675.52,11308.97,2,4,2,2,0
17.08,906,10,12.99,17,18284.85,18267.77,1,3,1,0,2
17.72,778,6,18.36,20,20322.5,20304.78,1,2,0,2,2
1337.67,27,1,1148.87,3,4685.54,3347.87,3,0,0,3,1
13.47,1246,11,14.09,8,6698.83,6685.36,1,2,1,4,3
100.05,1569,13,102.77,17,4275.34,4175.29,1,3,1,4,3
44.85,1060,16,34.15,11,10193.27,10148.42,0,3,1,3,3
196.71,442,4,173.27,12,2509.64,2312.93,2,4,1,1,0
84.64,1092,10,88.96,13,1905.42,1820.78,1,3,1,2,3
724.25,6,4,664.35,5,2870.54,2146.29,2,4,1,4,1
518.05,60,0,566.5,5,3244.78,2726.73,3,4,0,0,1
12.6,1747,11,9.04,9,5528.24,5515.64,0,1,1,2,3
58.96,811,8,59.57,20,4776.89,4717.93,0,2,1,4,3
129.51,614,2,92.71,3,6253.59,6124.08,2,0,0,4,0
97.5,1129,6,94.99,2,6402.53,6305.03,2,4,0,0,0
471.99,773,3,454.73,16,3011.82,2539.83,0,0,0,1,0
23.59,1965,14,18.72,14,10658.83,10635.24,0,3,1,0,3
389.31,135,0,307.82,0,14365.05,13975.74,2,4,1,4,1
1053.95,70,2,950.16,3,8955.72,7901.77,3,4,1,4,1
732.66,296,5,743.79,22,7948.24,7215.58,2,0,1,3,0
445.19,78,1,398.95,0,2900.56,2455.37,2,4,0,0,1
128.03,1150,2,131.83,23,6124.62,5996.59,2,1,0,3,0
921.93,26,2,920.82,2,8254.38,7332.45,2,0,0,2,1
180.19,966,6,178.82,14,10146.73,9966.54,2,4,1,1,0
20.24,1013,15,16.26,15,3365.23,3344.99,1,2,1,0,3
171.14,556,1,144.44,0,27323.06,27151.92,2,4,1,1,2
2156.74,90,0,1981.56,3,5850.02,3693.28,3,4,0,0,1
24.91,2281,13,26.48,16,1997.02,1972.11,1,1,1,1,3
37.83,389,19,38.0,12,1769.26,1731.43,0,2,0,1,3
132.62,756,2,138.39,0,4630.41,4497.79,2,4,1,3,0
62.48,425,8,51.42,16,20198.82,20136.34,1,3,1,2,2
824.81,177,0,805.87,1,1288.38,463.57,3,0,1,2,1
32.24,1972,9,31.86,8,10790.91,10758.67,1,3,0,4,3
139.95,714,4,116.76,10,2422.19,2282.24,0,0,1,4,0
271.41,986,5,227.15,8,4917.51,4646.1,0,0,0,0,0
22.62,1371,10,20.54,16,12498.54,12475.92,1,2,1,1,3
1184.33,61,7,1264.25,5,821.28,-363.05,3,4,0,2,1
1360.44,171,1,1447.13,1,895.18,-465.26,3,0,1,1,1
632.8,598,6,617.63,10,3171.18,2538.38,0,0,1,3,0
31.03,2874,17,28.25,21,3894.05,3863.02,0,2,1,1,3
154.92,771,2,150.12,3,10209.31,10054.39,2,0,1,0,0
25.24,968,14,25.7,17,2000.38,1975.14,1,3,0,1,3
68.13,2697,10,52.6,17,2647.5,2579.37,0,3,1,3,3
20.76,1429,15,15.45,17,38740.82,38720.06,1,3,1,3,2
130.93,149,5,110.48,10,7380.19,7249.26,0,0,2,1,0
31.41,536,16,26.12,12,5888.07,5856.66,1,2,1,0,3
21.68,1036,7,23.29,8,2107.02,2085.34,1,2,0,4,0
62.12,581,16,48.05,13,3155.74,3093.62,0,1,1,3,3
24.02,2956,14,24.74,20,6154.83,6130.81,1,1,1,0,3
522.22,469,6,441.04,12,5079.05,4556.83,2,4,0,1,0
467.93,109,2,513.03,0,8285.16,7817.23,3,4,1,1,1
11.3,2960,10,8.92,9,1876.7,1865.4,1,3,1,1,3
11.05,2126,11,7.76,16,3353.47,3342.42,1,3,1,0,3
122.17,669,8,118.12,1,9589.75,9467.58,0,0,1,3,0
350.33,790,2,359.0,11,1941.11,1590.78,0,0,1,4,0
35.74,1938,20,26.02,14,4476.47,4440.73,1,3,1,4,3
455.39,49,3,433.47,4,4559.1,4103.71,3,4,1,0,1
182.99,802,8,154.17,10,3570.41,3387.42,2,4,0,4,0
129.26,1118,3,93.09,1,3875.15,3745.89,0,0,2,0,0
452.11,177,3,318.46,3,3667.17,3215.06,3,4,0,1,1
28.43,851,9,26.87,19,2339.12,2310.69,0,2,0,0,3
25.24,824,8,22.78,19,2438.1,2412.86,1,3,1,3,3
62.23,2086,20,63.39,21,1977.57,1915.34,1,3,1,4,3
33.86,825,15,37.1,15,10775.7,10741.84,1,3,1,3,3
879.5,62,2,715.59,3,17393.87,16514.37,2,4,1,3,1
439.62,50,1,358.84,1,8268.91,7829.29,3,4,1,0,1
19.54,2659,12,15.23,17,6662.69,6643.15,1,3,1,0,3
90.67,707,6,79.75,18,3528.36,3437.69,0,0,2,4,0
26.41,1259,7,27.03,14,5934.41,5908.0,1,3,1,0,3
30.23,679,9,21.33,17,5381.2,5350.97,1,3,1,0,0
54.59,2296,15,58.73,16,80729.45,80674.86,0,1,1,3,2
1194.01,165,1,1015.39,0,3745.67,2551.66,3,4,0,1,1
146.73,757,3,136.46,2,6130.63,5983.9,0,0,0,2,0
23.31,1217,14,19.61,18,3947.72,3924.41,1,3,1,0,3
169.65,256,4,186.07,1,1919.4,1749.75,0,0,0,2,0
43.23,434,11,31.74,15,4927.31,4884.08,1,1,1,4,0
23.08,1776,11,23.91,13,3960.43,3937.35,1,3,0,1,3
8.33,1645,13,7.77,14,4201.19,4192.86,0,2,1,3,3
170.66,192,7,143.11,2,7609.62,7438.96,2,1,0,4,0
35.74,644,2,29.06,16,24449.96,24414.22,2,4,2,3,2
185.88,768,1,162.5,16,3109.46,2923.58,2,0,1,0,0
32.83,1719,6,31.43,17,8855.36,8822.53,1,1,1,3,3
186.95,560,6,140.91,17,33550.13,33363.18,2,0,1,4,2
219.32,1085,7,213.15,13,7289.63,7070.31,0,0,1,0,0
465.13,710,3,476.59,10,18882.17,18417.04,2,0,0,4,2
100.1,137,4,95.42,3,5909.33,5809.23,2,0,1,3,0
99.55,874,4,91.29,3,3599.48,3499.93,0,0,1,3,0
35.16,713,14,26.09,15,5006.72,4971.56,1,2,1,2,3
19.44,1920,14,14.47,21,563.64,544.2,1,3,1,1,3
20.69,1731,19,21.07,19,7869.94,7849.25,1,1,1,0,3
38.8,2828,11,42.07,14,11635.9,11597.1,0,1,1,0,3
446.49,881,4,316.66,8,3231.84,2785.35,2,4,0,1,0
114.96,1108,7,125.68,22,2573.36,2458.4,0,0,0,1,0
382.65,434,7,366.22,0,15385.34,15002.69,0,4,0,4,2
138.46,1133,4,139.28,6,6713.03,6574.57,2,1,0,0,0
550.1,122,1,386.62,5,2755.59,2205.49,3,4,1,4,1
60.45,1996,8,52.77,11,2789.61,2729.16,1,3,1,3,3
176.66,130,8,175.98,14,4675.86,4499.2,0,4,0,2,0
33.2,2677,9,29.34,11,13289.64,13256.44,1,1,1,1,3
234.94,554,7,240.82,23,7723.61,7488.67,2,1,1,0,0
215.28,100,4,233.83,5,2180.38,1965.1,2,1,1,0,0
24.03,612,10,24.53,14,3096.97,3072.94,1,2,1,4,0
259.95,132,2,245.93,2,5161.06,4901.11,2,4,0,3,0
18.68,2790,12,13.31,16,2890.72,2872.04,1,3,1,3,3
23.09,2091,10,24.05,18,7232.72,7209.63,0,2,1,2,3
29.05,816,15,21.61,21,23016.57,22987.52,1,3,1,3,2
28.12,488,15,27.51,11,1049.6,1021.48,1,3,1,0,3
513.55,2,2,410.75,3,9904.04,9390.49,3,4,1,0,1
31.5,2386,11,30.48,10,1551.36,1519.86,1,2,0,4,3
2019.05,116,1,1511.96,2,15987.77,13968.72,2,4,1,1,1
43.79,1963,9,36.98,12,2631.3,2587.51,1,1,1,0,3
142.78,473,4,109.95,14,3186.01,3043.23,2,0,1,3,0
29.54,2381,11,29.57,8,4317.01,4287.47,0,1,1,4,3
1542.83,5,2,1314.14,2,4609.11,3066.28,3,0,0,1,1
129.95,204,6,128.81,9,5571.26,5441.31,2,4,1,1,0
60.11,188,6,60.98,5,3232.74,3172.63,0,4,0,2,0
846.1,42,2,711.61,4,9364.3,8518.2,3,4,0,0,1
18.14,1708,12,17.07,9,7478.52,7460.38,1,3,1,1,3
275.23,801,4,234.78,13,2571.3,2296.07,2,4,1,0,0
31.52,1405,10,27.13,20,4277.95,4246.43,1,1,1,2,3
32.09,1420,14,28.54,12,13342.41,13310.32,1,2,1,2,3
1239.4,128,1,1286.72,2,5114.14,3874.74,3,4,0,0,1
345.47,441,6,245.77,19,3433.68,3088.21,2,4,2,1,0
30.75,1332,9,33.05,13,1834.39,1803.64,1,3,1,4,3
15.51,992,15,13.91,14,5682.21,5666.7,1,3,1,4,3
21.71,2050,5,17.7,8,912.51,890.8,1,3,1,4,3
20.44,2816,15,18.83,10,5452.29,5431.85,0,3,1,0,3
23.0,983,15,19.08,16,8411.34,8388.34,1,2,1,4,3
34.35,1385,13,32.96,13,7335.25,7300.9,1,2,1,4,3
30.4,1112,14,29.29,13,2373.5,2343.1,1,2,0,1,3
107.61,1128,5,92.96,16,2730.63,2623.02,2,4,1,3,0
164.58,1152,3,130.94,22,3974.13,3809.55,2,0,1,1,0
740.58,643,4,810.39,14,2058.01,1317.43,0,0,0,0,0
45.83,894,8,36.65,14,5045.95,5000.12,1,3,1,1,0
947.55,58,3,878.65,0,1118.11,170.56,3,0,0,0,1
73.5,210,4,56.08,4,18355.25,18281.75,0,4,2,4,2
134.82,447,8,140.63,10,4072.7,3937.88,2,4,1,3,0
380.05,607,5,351.56,4,3675.74,3295.69,2,0,1,1,0
251.21,1058,1,265.35,16,7558.24,7307.03,0,4,1,4,0
124.13,1191,3,97.54,12,10240.73,10116.6,2,4,0,4,0
117.72,941,5,118.27,5,1143.08,1025.36,0,4,0,4,0
237.71,1091,6,169.25,19,10198.28,9960.57,2,1,1,1,0
121.78,352,3,107.19,18,4221.43,4099.65,2,0,2,1,0
67.62,719,7,74.19,17,1396.46,1328.84,1,3,1,4,0
510.66,103,2,498.37,3,3077.01,2566.35,3,0,0,2,1
21.13,2307,12,19.78,13,5031.35,5010.22,1,2,1,1,3
348.45,663,6,322.53,16,1596.67,1248.22,0,4,1,3,0
195.97,445,5,174.19,11,6725.55,6529.58,2,0,1,2,0
1442.01,28,1,1233.18,4,31212.73,29770.72,3,0,0,3,2
152.59,590,3,114.45,9,5340.19,5187.6,2,0,1,3,0
262.09,239,3,249.11,7,9101.42,8839.33,0,0,1,0,0
220.78,780,3,155.71,3,9192.45,8971.67,0,4,1,0,0
855.2,162,1,934.72,1,13894.16,13038.96,3,4,0,0,1
1653.27,117,2,1528.62,0,4681.79,3028.52,2,0,0,0,1
228.87,742,9,230.21,6,3106.38,2877.51,0,4,1,2,0
23.83,1419,17,20.65,11,4690.97,4667.14,1,3,1,4,3
84.75,1070,6,60.73,18,1239.77,1155.02,2,4,0,0,0
181.16,619,7,177.49,19,2560.79,2379.63,2,4,1,3,0
29.52,1479,13,21.93,17,650.68,621.16,1,2,1,2,3
58.86,2655,19,41.64,20,3357.56,3298.7,0,3,1,4,3
6.26,2420,15,4.39,14,22327.03,22320.77,0,2,1,2,2
22.43,1443,17,21.17,9,6994.54,6972.11,1,2,1,1,3
381.8,30,1,375.06,1,7799.42,7417.62,3,0,0,2,1
40.19,702,5,31.65,11,888.95,848.76,1,3,0,1,0
36.1,408,11,36.04,12,2124.05,2087.95,1,1,0,3,0
60.7,310,3,56.56,22,3786.12,3725.42,2,4,1,4,0
53.47,702,11,43.17,15,3457.26,3403.79,1,1,1,2,0
7.75,957,13,8.22,11,2149.99,2142.24,1,2,1,0,3
30.82,994,13,32.32,8,3995.7,3964.88,1,1,1,0,3
14.56,733,8,13.31,20,1894.99,1880.43,0,3,1,3,3
35.25,2149,14,35.38,19,4676.63,4641.38,1,2,1,4,3
31.91,2314,14,34.49,16,6275.42,6243.51,1,2,1,4,3
114.82,351,10,114.74,0,10874.67,10759.85,0,1,0,3,0
213.62,643,7,178.81,23,24216.67,24003.05,2,4,2,4,2
30.94,2296,7,24.89,14,5233.44,5202.5,1,1,1,0,3
63.06,278,4,49.95,21,1601.57,1538.51,0,0,1,1,0
152.28,973,9,129.86,23,4310.71,4158.43,2,4,1,1,3
139.08,283,6,99.69,15,5151.52,5012.44,0,4,2,1,0
1192.66,97,1,1139.5,0,17618.09,16425.43,3,4,0,2,1
363.38,290,2,299.84,4,28714.51,28351.13,2,1,2,1,2
167.38,998,8,137.39,7,5191.37,5023.99,0,4,1,3,3
42.61,1347,11,36.36,20,10569.8,10527.19,1,3,1,4,3
17.62,2073,19,15.3,17,4444.26,4426.64,1,2,1,2,3
129.6,841,7,110.82,6,14985.45,14855.85,2,4,0,0,0
11.9,1829,8,11.67,16,11131.18,11119.28,1,1,1,2,3
2199.96,128,2,1828.24,4,3086.97,887.01,2,0,1,3,1
210.93,97,5,190.75,1,20757.33,20546.4,2,0,1,0,2
16.45,1103,4,13.3,21,8704.12,8687.67,1,3,1,1,0
459.22,132,2,348.64,0,1869.59,1410.37,2,4,1,2,1
1009.59,121,1,1050.49,3,8144.84,7135.25,3,0,1,4,1
24.03,2115,10,22.82,13,2850.4,2826.37,1,1,1,2,3
1053.02,82,2,866.12,3,14381.11,13328.09,3,0,0,2,1
28.02,860,13,20.59,20,16939.25,16911.23,1,1,1,3,2
29.08,1872,13,29.0,9,5502.55,5473.47,1,2,1,3,3
442.17,410,3,409.27,18,1111.05,668.88,2,4,1,2,0
283.63,509,7,202.85,10,2815.75,2532.12,2,4,0,2,0
55.15,1061,13,56.28,11,1050.13,994.98,1,2,0,4,3
1110.75,128,3,1146.86,2,3682.02,2571.27,2,0,0,4,1
81.79,221,6,59.33,17,8087.93,8006.14,2,4,0,0,0
50.23,332,6,40.3,8,14038.25,13988.02,2,4,0,2,0
47.82,2482,19,50.2,9,3209.39,3161.57,1,3,1,4,3
28.02,1393,7,27.29,14,697.08,669.06,1,3,0,1,0
36.63,406,12,31.95,9,2553.59,2516.96,0,2,1,1,3
401.41,117,0,437.68,3,2520.09,2118.68,3,0,0,0,1
31.12,1236,9,28.61,12,5869.94,5838.82,1,2,1,1,3
32.75,809,14,35.36,15,16684.32,16651.57,1,2,1,2,2
1792.24,40,2,1531.21,4,4030.13,2237.89,2,4,0,4,1
174.91,642,5,165.55,1,1243.51,1068.6,2,4,0,0,0
102.68,726,4,99.57,9,12895.25,12792.57,0,0,2,3,0
409.02,44,2,433.14,1,5838.81,5429.79,2,0,1,2,0
868.26,74,2,889.26,1,2303.48,1435.22,3,4,0,1,1
958.72,132,3,792.07,3,1560.87,602.15,2,4,1,1,1
1114.17,70,1,786.59,4,3654.34,2540.17,3,4,1,1,1
826.55,170,4,778.02,0,21921.94,21095.39,3,4,0,2,1
267.54,458,6,236.01,22,10627.16,10359.62,2,1,0,0,0
1295.97,44,1,1261.38,0,2652.8,1356.83,2,4,0,0,1
1394.21,157,1,1348.7,2,3129.82,1735.61,2,0,0,2,1
358.06,144,3,356.25,2,1495.43,1137.37,3,4,0,0,1
362.47,969,5,363.54,11,3137.03,2774.56,2,4,2,4,0
26.83,716,13,19.76,13,2324.55,2297.72,1,3,1,0,3
27.8,587,8,27.77,19,3903.77,3875.97,0,2,1,2,3
12.82,949,15,12.67,17,5199.81,5186.99,1,2,1,3,3
23.62,2548,13,25.12,19,4899.32,4875.7,1,1,0,3,3
20.97,1107,10,15.76,17,13618.19,13597.22,1,2,1,1,3
20.79,1971,12,21.08,21,7975.01,7954.22,1,3,1,1,3
287.23,1140,4,248.09,10,10333.0,10045.77,2,4,0,2,0
220.37,1049,4,207.07,3,4585.17,4364.8,2,1,2,0,0
29.85,2918,25,23.87,10,3783.01,3753.16,0,3,1,0,3
62.75,2529,11,66.11,20,10317.64,10254.89,1,3,0,3,3
16.35,2051,7,15.4,17,880.06,863.71,0,3,1,3,3
627.05,106,2,586.64,4,11346.38,10719.33,3,4,0,1,1
785.21,18,3,598.03,3,3165.34,2380.13,3,0,0,0,1
254.44,1160,8,221.19,7,2292.7,2038.26,2,4,0,0,0
532.54,250,4,574.83,5,3156.34,2623.8,2,4,0,0,1
1100.91,67,2,913.9,0,3831.36,2730.45,3,4,0,1,1
14.17,1720,15,13.01,16,1169.28,1155.11,1,2,0,2,3
43.78,2018,12,39.75,9,5198.43,5154.65,1,3,1,3,3
15.95,516,11,15.45,14,3555.47,3539.52,1,1,1,2,0
18.29,1847,8,20.06,9,7062.5,7044.21,1,3,1,0,3
393.05,726,9,288.31,21,1049.09,656.04,0,4,1,2,3
82.18,778,14,69.08,12,5167.79,5085.61,1,1,1,2,3
20.66,734,8,17.99,18,4609.78,4589.12,1,1,1,0,0
43.67,1380,21,33.22,16,1971.88,1928.21,1,2,1,2,3
142.35,805,5,113.55,13,6929.25,6786.9,2,4,0,1,0
59.89,2091,10,56.0,10,2546.17,2486.28,1,3,1,4,3
34.87,2932,12,27.64,10,86793.06,86758.19,0,3,0,2,2
8.85,2574,8,7.16,18,6828.88,6820.03,1,3,1,2,3
401.69,909,9,353.36,16,8667.93,8266.24,2,1,1,3,0
77.18,1243,12,80.81,12,12537.41,12460.23,1,3,1,0,3
504.32,58,2,403.02,1,1726.54,1222.22,2,0,1,1,0
46.6,2137,15,42.08,8,7179.61,7133.01,1,2,1,1,3
58.22,471,9,52.9,10,5020.6,4962.38,1,3,1,1,0
149.98,203,6,151.12,8,11229.22,11079.24,0,0,2,0,0
36.29,2090,12,29.83,21,2414.7,2378.41,1,1,1,4,3
1179.25,103,1,872.41,1,11267.78,10088.53,3,0,0,0,1
29.22,1399,12,25.82,16,7844.4,7815.18,1,2,0,0,3
116.27,460,6,112.66,23,11253.19,11136.92,2,0,0,3,0
79.02,903,2,83.82,0,1731.16,1652.14,0,4,0,1,0
52.78,1236,9,55.18,18,2646.45,2593.67,1,2,1,2,3
16.95,513,10,16.25,9,5111.38,5094.43,1,3,1,3,0
2319.13,174,2,2081.45,4,4469.57,2150.44,2,4,1,4,1
36.55,2750,14,36.03,10,5547.74,5511.19,1,1,1,1,3
526.06,908,2,541.9,17,3453.52,2927.46,2,1,0,1,0
112.64,371,5,110.1,11,4793.84,4681.2,2,0,1,3,0
33.14,2391,20,33.5,20,4980.56,4947.42,1,3,0,2,3
248.67,317,8,188.51,11,10283.87,10035.2,2,4,1,4,0
23.42,2227,7,17.27,10,4952.85,4929.43,1,2,1,4,3
40.12,2122,15,43.35,21,13305.96,13265.84,1,2,0,4,3
19.97,2375,15,17.06,19,4079.0,4059.03,1,3,1,2,3
151.6,275,6,110.87,13,5104.35,4952.75,2,0,2,2,0
206.7,366,5,216.24,6,6746.03,6539.33,2,4,2,2,0
576.01,114,1,616.97,5,4181.84,3605.83,3,0,0,3,1
18.15,2584,11,19.89,12,5260.69,5242.54,1,3,1,2,3
40.45,530,6,36.64,3,5011.68,4971.23,2,0,0,4,0
115.59,233,8,118.6,20,2888.75,2773.16,0,4,1,1,3
15.01,2714,11,16.27,9,5501.28,5486.27,1,2,1,0,3
42.28,1056,14,44.92,9,6194.89,6152.61,1,2,1,3,3
66.72,841,13,69.95,21,6333.45,6266.73,1,2,1,1,3
379.68,155,2,371.41,1,1769.44,1389.76,2,4,0,4,1
1617.48,79,3,1379.03,5,18250.79,16633.31,3,4,0,0,1
46.35,397,11,49.99,15,3744.81,3698.46,1,2,1,1,0
13.86,1825,13,12.04,8,1453.27,1439.41,0,2,1,3,3
184.54,623,4,180.98,23,79704.54,79520.0,0,1,0,3,2
37.56,2851,14,33.89,8,1457.98,1420.42,1,1,0,0,3
353.64,76,3,380.4,2,14248.82,13895.18,3,0,1,1,0
136.14,981,4,126.47,21,3485.04,3348.9,0,0,2,1,0
20.84,1638,11,18.4,17,15271.02,15250.18,0,3,1,2,3
174.37,442,3,161.41,1,1607.65,1433.28,2,1,1,2,0
127.8,683,6,116.3,22,5773.63,5645.83,2,0,1,4,0
139.51,699,2,111.36,5,5201.59,5062.08,2,0,1,2,0
197.85,114,5,174.13,3,4372.0,4174.15,2,1,1,3,0
47.19,846,12,43.21,21,2453.72,2406.53,1,3,1,0,3
34.42,724,6,27.22,18,2277.74,2243.32,0,0,2,0,0
98.68,2827,15,106.85,18,3390.37,3291.69,1,2,0,4,3
24.81,1329,7,19.64,18,5532.83,5508.02,1,1,0,1,0
27.12,1540,11,21.77,21,5755.96,5728.84,1,2,0,3,3
19.7,1523,8,18.62,18,17233.5,17213.8,1,3,1,0,2
72.89,437,1,68.79,5,3399.52,3326.63,2,4,0,1,0
1649.63,83,4,1463.58,3,10144.98,8495.35,3,4,1,3,1
25.05,782,6,21.43,20,4160.64,4135.59,1,3,1,4,0
529.05,115,7,515.14,15,3860.39,3331.34,2,0,2,3,0
64.05,2879,8,59.62,19,565.88,501.83,1,1,1,0,3
35.23,1158,17,25.06,10,3293.28,3258.05,0,1,1,2,3
15.46,1454,8,12.08,12,3421.88,3406.42,1,2,1,4,3
48.78,365,14,50.69,14,4104.42,4055.64,1,1,1,3,3
32.57,952,10,23.0,17,5679.52,5646.95,1,3,1,1,3
139.42,336,4,122.75,14,8269.07,8129.65,0,4,2,2,0
24.78,475,12,18.57,10,10237.46,10212.68,1,3,1,2,3
39.63,1352,11,32.63,19,3404.27,3364.64,1,3,1,4,3
680.47,99,3,683.93,0,5643.13,4962.66,3,0,0,3,1
480.58,501,9,481.08,8,9191.2,8710.62,2,0,0,3,0
27.27,2763,11,19.96,18,1837.48,1810.21,1,3,1,0,3
17.21,2425,18,17.08,8,6727.99,6710.78,1,3,1,1,3
91.56,1095,5,86.34,9,15632.4,15540.84,2,4,1,3,2
12.62,2715,6,12.92,9,2695.48,2682.86,1,2,1,0,3
573.95,392,3,517.45,9,2704.76,2130.81,2,0,1,1,0
254.64,1013,5,219.47,23,6946.49,6691.85,0,0,1,3,0
637.07,93,1,614.52,5,4476.83,3839.76,3,4,0,1,1
18.29,1999,17,16.05,20,47762.32,47744.03,0,1,0,0,2
430.37,1064,3,425.23,6,11167.5,10737.13,2,4,1,4,0
39.62,555,10,36.42,20,639.29,599.67,1,2,1,3,3
622.71,59,1,670.41,0,5314.57,4691.86,3,4,1,3,1
164.11,106,10,152.35,19,3676.79,3512.68,2,1,1,0,0
71.65,2349,14,54.87,12,12670.66,12599.01,1,3,1,4,3
645.14,142,3,492.15,0,5009.33,4364.19,3,0,1,4,1
28.99,2062,20,22.47,14,13292.24,13263.25,1,3,1,4,3
151.51,460,17,120.87,19,5709.64,5558.13,1,3,1,4,3
20.09,1802,13,16.46,19,6980.66,6960.57,1,2,1,2,3
250.26,96,4,209.63,17,1016.35,766.09,2,1,1,1,0
24.66,438,7,18.84,14,1570.05,1545.39,1,3,1,3,0
250.66,380,6,242.35,17,2847.2,2596.54,0,4,0,2,0
67.52,1937,12,69.54,8,5268.37,5200.85,0,1,1,3,3
105.67,1491,9,108.38,17,2134.32,2028.65,1,3,0,1,3
22.64,1688,12,16.56,20,6037.17,6014.53,0,1,1,3,3
39.59,1154,16,39.31,17,2481.15,2441.56,0,3,1,4,3
17.77,2057,11,13.59,11,5575.17,5557.4,1,1,1,2,3
220.1,858,6,169.68,11,5599.72,5379.62,2,0,0,0,0
20.67,2120,9,18.39,13,8594.94,8574.27,1,2,1,1,3
193.63,597,8,177.63,18,7620.21,7426.58,2,4,0,1,0
292.26,1109,4,276.93,11,7947.38,7655.12,2,4,0,2,0
127.7,112,3,135.54,11,2509.82,2382.12,2,0,0,3,0
395.02,127,3,307.05,4,3986.79,3591.77,3,4,0,4,1
41.81,1586,8,37.59,10,15864.85,15823.04,1,1,1,1,2
37.71,2266,10,33.97,17,4678.65,4640.94,1,3,1,0,3
1544.56,30,1,1201.05,1,3995.42,2450.86,2,4,0,4,1
23.35,932,20,22.1,21,3276.41,3253.06,1,3,1,4,3
15.6,684,12,12.85,21,2048.4,2032.8,1,2,1,2,3
268.59,169,1,267.48,2,2374.04,2105.45,3,0,1,3,0
15.63,775,9,14.93,9,3590.07,3574.44,1,2,1,3,0
30.43,1052,10,31.49,8,8293.9,8263.47,1,3,1,3,3
15.04,2217,12,11.84,9,5230.05,5215.01,1,1,1,4,3
379.81,1074,5,369.56,3,7497.08,7117.27,2,0,1,4,0
136.44,1704,13,127.79,18,3474.08,3337.64,1,2,1,4,3
1499.79,77,4,1351.53,1,542.05,-957.74,3,0,0,0,1
15.63,749,16,12.9,21,865.84,850.21,0,3,0,0,3
21.96,811,9,18.49,21,2180.38,2158.42,1,3,1,1,3
699.58,169,1,528.78,5,2924.19,2224.61,2,4,1,4,1
35.81,571,12,27.46,11,4659.72,4623.91,1,2,0,4,0
342.93,652,2,263.94,23,44983.7,44640.77,2,4,2,1,2
104.51,968,3,80.31,3,11588.06,11483.55,0,1,1,4,0
23.33,2134,7,20.59,21,16269.15,16245.82,1,3,1,4,3
50.69,704,1,40.96,22,19378.39,19327.7,2,4,0,3,2
26.93,1064,14,23.03,16,8612.17,8585.24,0,3,1,4,3
121.49,2415,14,85.66,14,19795.14,19673.65,0,3,1,4,2
83.38,476,4,88.77,22,3200.71,3117.33,2,0,1,1,0
61.58,1565,10,58.94,13,4012.73,3951.15,1,3,0,2,3
14.79,407,11,15.64,20,3652.61,3637.82,1,2,1,2,3
39.54,1073,9,41.81,10,5153.67,5114.13,1,1,1,2,0
359.24,108,3,379.97,4,19311.05,18951.81,0,0,1,4,2
32.79,434,17,30.63,11,1550.35,1517.56,1,1,1,1,3
14.05,2892,12,10.81,17,4965.66,4951.61,1,1,1,2,3
25.75,2735,14,21.78,9,4401.89,4376.14,1,3,1,3,3
30.0,2957,9,21.91,17,4248.87,4218.87,0,2,1,2,3
46.2,406,11,39.75,12,12536.29,12490.09,1,2,1,4,0
40.15,1655,19,38.03,20,4430.77,4390.62,1,3,1,3,3
12.99,1315,11,14.08,10,10291.25,10278.26,1,3,1,4,3
530.98,154,2,534.59,3,3566.5,3035.52,2,4,1,0,1
252.56,915,1,242.72,4,11115.13,10862.57,2,4,1,1,0
281.61,302,3,254.49,8,1834.48,1552.87,2,4,1,0,0
80.08,590,6,59.4,20,7204.3,7124.22,1,3,1,2,0
1536.19,9,3,1110.22,1,23858.61,22322.42,3,0,0,3,1
547.88,109,3,593.04,1,3553.88,3006.0,3,4,1,1,1
56.29,435,4,49.13,23,13210.27,13153.98,2,1,0,0,0
400.34,741,7,311.78,23,14661.33,14260.99,0,4,2,3,3
185.98,840,8,165.88,17,10796.54,10610.56,2,4,0,0,0
125.96,977,4,92.95,2,1623.59,1497.63,2,0,0,4,0
149.75,714,7,136.44,19,5799.33,5649.58,2,1,0,0,0
1139.42,168,2,927.57,4,5604.63,4465.21,3,4,0,1,1
247.51,537,6,243.27,14,2926.12,2678.61,2,4,1,1,0
58.89,384,5,57.47,0,5161.16,5102.27,0,4,1,1,0
168.07,398,4,136.2,2,5344.52,5176.45,2,0,1,1,0
38.56,1752,16,30.7,16,2313.93,2275.37,1,3,1,0,3
34.39,1304,16,36.41,18,2544.07,2509.68,1,3,1,2,3
26.63,2965,12,21.89,20,7968.07,7941.44,0,3,1,0,3
159.54,1107,4,128.66,17,4513.73,4354.19,2,4,0,0,0
277.3,193,5,245.12,20,2816.21,2538.91,2,0,0,2,0
31.11,1076,15,24.55,10,9190.87,9159.76,1,3,1,3,3
36.06,1726,16,25.92,12,4603.89,4567.83,0,3,1,1,3
269.59,610,9,243.04,5,765.34,495.75,2,0,1,1,0
40.67,571,5,34.11,12,12460.7,12420.03,1,2,1,0,0
1382.67,72,1,998.83,5,4544.89,3162.22,3,0,1,0,1
129.65,952,4,123.03,10,6438.06,6308.41,2,1,2,3,0
141.48,734,3,117.58,0,5807.6,5666.12,2,0,2,0,0
127.01,307,8,99.72,4,7868.54,7741.53,2,4,0,3,0
42.06,2521,9,40.3,20,3714.01,3671.95,0,2,1,1,3
26.63,962,13,21.94,20,17779.84,17753.21,1,3,1,1,2
557.4,161,2,473.08,4,1344.36,786.96,2,0,1,2,0
176.16,694,8,153.42,3,11044.16,10868.0,2,0,0,0,0
29.23,1501,16,23.4,8,3491.18,3461.95,1,2,1,1,3
44.37,881,5,45.06,5,8123.97,8079.6,2,0,1,0,0
187.47,1125,3,132.89,9,6328.06,6140.59,0,4,1,2,0
426.35,142,1,453.41,0,7187.17,6760.82,2,4,0,1,1
66.89,2479,17,72.75,12,48961.66,48894.77,0,3,1,0,2
611.6,98,2,506.59,1,1858.66,1247.06,3,4,1,3,1
420.8,605,6,458.57,14,10870.96,10450.16,2,0,1,4,0
138.54,1151,8,143.94,14,3017.5,2878.96,2,4,0,0,0
982.83,86,2,964.25,5,8631.38,7648.55,3,4,0,3,1
200.46,1002,9,177.75,2,11362.74,11162.28,0,0,1,1,0
43.37,937,12,34.49,19,1638.33,1594.96,0,2,1,3,3
744.86,102,2,588.21,1,4017.81,3272.95,3,0,1,2,1
31.16,1215,9,28.63,18,25569.44,25538.28,1,2,1,2,2
19.63,954,9,20.3,21,9485.76,9466.13,0,3,1,2,3
19.34,1461,13,20.92,13,25930.21,25910.87,1,3,1,0,2
13.1,2094,10,13.28,19,6111.81,6098.71,1,2,1,4,3
731.12,113,3,570.47,4,6696.01,5964.89,2,4,0,2,1
871.55,70,1,649.02,4,8926.68,8055.13,3,4,1,0,1
183.6,776,4,169.94,4,9608.97,9425.37,2,4,1,4,0
15.99,2990,16,15.22,20,2454.95,2438.96,1,3,1,4,3
22.47,758,15,24.64,16,5816.88,5794.41,1,2,1,4,3
335.86,169,3,305.42,1,1357.26,1021.4,3,4,1,3,1
900.32,22,2,858.4,5,4355.1,3454.78,3,0,0,0,1
35.22,752,9,36.03,17,6631.35,6596.13,1,3,1,3,3
117.23,92,4,127.96,11,5397.27,5280.04,0,0,0,0,0
98.64,340,4,87.94,20,2564.48,2465.84,0,0,0,0,0
24.71,2832,15,17.49,10,5079.0,5054.29,1,2,0,0,3
11.87,2713,12,9.59,21,2811.36,2799.49,0,3,1,0,3
1505.82,172,1,1063.5,3,6925.51,5419.69,3,0,0,0,1
646.92,577,1,654.53,22,3369.41,2722.49,2,0,1,1,0
32.38,2116,11,31.99,16,1307.43,1275.05,1,3,1,4,3
19.04,1099,18,19.22,18,5772.9,5753.86,1,3,1,4,3
637.86,65,1,491.42,0,1746.66,1108.8,3,4,1,1,1
124.75,537,8,97.73,11,1123.91,999.16,2,0,0,2,0
2291.98,156,2,1917.63,4,6221.41,3929.43,3,4,0,1,1
876.77,29,0,735.93,1,4336.55,3459.78,3,4,1,0,1
29.09,1844,11,27.81,19,1030.98,1001.89,1,3,1,1,3
139.76,367,5,133.16,4,9012.74,8872.98,2,4,0,0,0
285.29,261,10,239.98,18,801.99,516.7,2,0,1,0,0
105.33,1163,3,82.75,20,6380.61,6275.28,2,4,0,1,0
27.17,2140,10,29.83,21,5384.95,5357.78,0,3,1,2,3
34.08,455,6,25.66,21,11008.08,10974.0,1,3,1,3,0
140.61,408,2,98.67,13,1418.5,1277.89,2,0,0,4,0
65.0,2246,17,58.2,19,5735.84,5670.84,1,2,1,0,3
351.31,867,3,265.72,5,2962.71,2611.4,0,0,2,2,0
445.44,1187,3,454.09,7,3552.66,3107.22,2,1,0,0,0
1298.46,56,5,1347.1,1,12041.5,10743.04,3,4,1,3,1
85.56,1162,7,81.44,16,22544.47,22458.91,2,4,0,2,2
27.63,2658,15,25.67,9,4912.15,4884.52,1,3,1,4,3
258.55,769,3,274.47,12,14918.59,14660.04,0,4,1,1,0
195.67,119,3,141.93,7,3657.71,3462.04,0,4,0,1,0
69.29,941,21,53.67,13,1195.08,1125.79,1,3,1,1,3
1717.45,113,3,1647.07,2,4257.37,2539.92,3,4,1,0,1
22.28,1748,13,23.16,10,2607.05,2584.77,1,3,1,3,3
15.33,1041,12,13.23,13,2620.76,2605.43,1,1,1,1,3
26.5,2411,9,24.38,16,4828.75,4802.25,0,2,1,1,3
93.24,173,6,72.28,15,11564.84,11471.6,2,1,1,1,0
32.86,2672,13,35.34,13,6284.79,6251.93,1,2,1,2,3
30.99,2760,9,24.48,11,2709.1,2678.11,0,3,1,1,3
36.94,840,10,33.4,8,2558.09,2521.15,1,3,0,1,0
723.11,58,3,543.13,2,2011.4,1288.29,3,4,0,0,1
22.78,1388,5,19.54,13,5649.73,5626.95,1,1,1,2,0
769.92,127,4,769.68,1,29180.81,28410.89,3,0,1,2,2
162.25,803,5,159.97,18,1922.38,1760.13,2,4,0,1,0
46.55,2106,12,45.45,11,56708.98,56662.43,0,2,1,1,2
677.0,160,3,727.7,4,6107.25,5430.25,3,0,1,4,1
64.33,802,0,61.25,20,4305.34,4241.01,2,0,1,3,0
22.39,953,11,21.64,16,2152.17,2129.78,0,1,1,4,3
863.23,15,3,888.11,0,1997.18,1133.95,3,0,1,1,1
337.53,430,5,345.18,3,4091.24,3753.71,2,1,0,3,0
20.43,923,18,17.88,20,7574.15,7553.72,1,2,0,3,3
21.72,1492,9,23.85,17,1498.19,1476.47,1,1,1,0,3
18.57,2962,16,14.96,14,1539.72,1521.15,1,3,1,4,3
43.22,1839,14,35.32,9,4560.15,4516.93,1,2,1,0,3
21.98,1501,7,19.43,18,21793.39,21771.41,1,2,1,4,2
35.45,2879,7,35.24,21,1580.13,1544.68,1,3,1,2,3
129.85,1031,5,112.18,2,7563.24,7433.39,2,1,0,0,0
133.21,614,3,94.64,7,5317.49,5184.28,2,4,0,0,0
1114.59,123,1,1023.07,3,4039.57,2924.98,3,4,0,3,1
17.54,2826,14,13.4,15,5019.99,5002.45,1,3,1,2,3
33.93,2536,10,30.05,11,2153.42,2119.49,0,1,1,3,3
144.79,368,5,128.69,23,8557.98,8413.19,2,4,1,1,0
28.59,778,16,24.36,20,6701.07,6672.48,0,2,0,2,3
35.13,2532,8,33.59,18,8006.07,7970.94,0,2,1,2,3
22.68,1303,10,20.76,21,1456.95,1434.27,1,2,1,4,3
663.26,542,5,562.84,21,8349.08,7685.82,0,4,0,0,0
116.12,614,4,110.54,5,4405.07,4288.95,2,0,2,0,0
24.42,2137,16,22.52,20,1648.04,1623.62,0,3,1,4,3
1030.05,127,3,816.98,5,9932.24,8902.19,3,4,0,3,1
194.12,312,9,162.0,17,3831.19,3637.07,0,0,2,0,0
1235.91,152,2,881.96,3,3855.3,2619.39,3,0,0,0,1
539.72,125,2,572.45,2,2334.68,1794.96,2,4,0,0,1
23.78,2797,23,18.55,11,2912.39,2888.61,1,2,1,1,3
33.12,1947,13,28.69,10,1754.16,1721.04,1,1,1,2,3
528.77,151,5,556.0,2,2734.77,2206.0,3,4,0,2,1
46.6,1920,13,48.5,12,8472.44,8425.84,1,3,1,3,3
921.5,47,4,918.33,1,9269.44,8347.94,3,4,1,4,1
215.73,935,6,215.46,20,5003.17,4787.44,0,4,1,1,3
355.37,1031,7,349.82,11,13346.63,12991.26,2,1,0,1,0
50.85,902,19,52.97,19,4679.0,4628.15,1,1,1,3,3
44.27,1702,13,34.47,21,2255.44,2211.17,0,2,1,2,3
192.03,128,1,157.43,19,4787.77,4595.74,2,4,1,2,0
165.35,513,11,159.8,23,3534.87,3369.52,2,4,0,3,0
310.42,128,1,263.78,0,6435.41,6124.99,3,0,0,1,1
14.95,826,9,14.23,14,3792.05,3777.1,1,1,1,1,0
444.67,796,8,414.63,5,11819.83,11375.16,0,1,1,2,0
16.57,370,10,17.41,10,9895.08,9878.51,0,3,0,3,0
13.28,1876,7,14.29,12,11998.35,11985.07,1,3,1,2,3
39.74,1461,19,29.89,8,11535.48,11495.74,1,3,1,0,3
614.74,41,1,474.49,2,6675.8,6061.06,3,4,0,2,1
56.04,1710,7,53.23,10,8334.83,8278.79,1,1,1,4,3
541.85,36,3,559.61,4,9478.74,8936.89,3,0,0,3,1
33.79,2416,14,32.24,17,3696.87,3663.08,1,3,1,0,3
105.35,1023,4,93.37,16,3191.65,3086.3,0,4,1,3,3
1559.05,63,0,1485.92,2,6134.2,4575.15,3,4,1,2,1
210.36,231,5,216.2,11,6099.14,5888.78,2,1,0,4,0
91.12,659,3,79.0,1,5427.46,5336.34,2,0,1,4,0
101.89,2929,8,80.12,12,6410.98,6309.09,1,3,1,1,3
163.59,1008,7,151.41,6,5223.67,5060.08,2,0,1,0,0
131.03,913,7,136.28,8,3480.51,3349.48,2,4,1,3,0
22.52,1428,15,22.1,9,4647.71,4625.19,1,3,1,0,3
37.48,2434,14,38.38,9,14339.59,14302.11,1,3,0,1,3
113.99,279,3,102.22,5,1644.54,1530.55,2,4,0,3,0
39.2,926,16,39.91,11,4698.26,4659.06,0,3,1,1,3
21.97,2269,6,17.01,11,3506.36,3484.39,0,2,1,4,3
50.84,2440,10,52.1,20,2424.36,2373.52,1,2,1,0,3
12.55,2212,10,10.17,12,2814.49,2801.94,0,2,1,4,3
1356.64,170,0,1225.54,4,18975.63,17618.99,3,4,0,4,1
41.01,2187,10,40.98,16,9295.08,9254.07,1,1,1,1,3
89.96,752,1,71.65,3,1977.23,1887.27,0,4,2,4,0
20.52,2681,11,15.8,12,3974.35,3953.83,1,2,1,3,3
1080.65,129,0,759.1,3,3590.2,2509.55,3,4,1,3,1
312.76,1124,3,300.26,4,5588.09,5275.33,2,0,0,0,0
192.72,404,2,158.49,17,7036.29,6843.57,2,0,1,0,0
566.75,141,1,526.48,0,2921.83,2355.08,2,4,0,3,1
61.3,2566,17,47.53,17,5468.85,5407.55,1,3,1,4,3
1238.67,72,2,1256.46,1,5300.82,4062.15,3,0,1,4,1
160.93,159,5,115.27,23,1450.44,1289.51,0,0,1,2,0
19.98,2979,13,16.24,19,6397.32,6377.34,1,3,1,3,3
27.27,1442,19,26.0,19,1965.86,1938.59,1,3,1,4,3
1912.64,171,6,1835.41,5,4331.12,2418.48,3,0,0,2,1
375.72,1171,7,380.68,20,5568.6,5192.88,0,0,1,2,0
26.87,429,12,29.06,19,12625.92,12599.05,1,3,1,0,3
620.57,132,3,602.14,3,4609.96,3989.39,3,4,0,0,1
174.44,458,7,130.44,0,4728.3,4553.86,2,0,1,0,0
1157.26,177,0,1074.81,4,4744.23,3586.97,3,0,0,0,1
51.91,442,11,45.81,8,4452.46,4400.55,1,3,1,0,0
50.53,1128,9,53.39,13,5816.51,5765.98,1,2,1,3,3
1446.8,59,1,1534.3,5,8826.24,7379.44,3,4,1,3,1
212.85,1067,4,149.72,15,5503.09,5290.24,2,4,0,4,0
161.92,1080,7,126.78,5,5431.69,5269.77,2,0,0,3,0
693.03,42,1,617.65,3,4078.66,3385.63,3,4,0,2,1
29.85,2181,10,29.65,21,9137.02,9107.17,0,3,0,1,3
653.38,23,1,581.51,5,1909.26,1255.88,3,0,0,3,1
30.99,1167,18,28.46,18,8750.02,8719.03,0,3,0,4,3
554.43,122,2,388.41,4,2286.27,1731.84,3,4,1,3,1
54.75,657,20,48.5,9,9089.49,9034.74,0,3,1,2,3
32.53,1693,12,25.71,18,14365.1,14332.57,1,3,1,2,3
396.37,16,0,349.86,0,11927.57,11531.2,3,4,0,2,1
29.41,2116,12,25.12,15,1930.9,1901.49,1,3,1,0,3
30.15,826,13,23.13,19,5611.38,5581.23,1,3,1,2,3
18.66,1189,10,16.38,13,11480.46,11461.8,1,1,1,1,3
809.82,47,1,662.31,3,5843.68,5033.86,3,0,0,1,1
37.74,1491,7,41.42,18,3546.42,3508.68,1,3,1,2,3
486.48,477,7,417.33,13,12534.96,12048.48,2,0,0,0,0
36.51,1003,20,39.61,10,16439.33,16402.82,0,3,1,3,3
134.18,327,4,131.97,22,12667.94,12533.76,0,1,1,3,0
20.67,1995,10,17.37,20,3713.43,3692.76,1,3,1,2,3
828.24,148,0,810.99,2,9813.2,8984.96,3,4,1,2,1
1602.12,128,3,1414.27,4,3096.41,1494.29,3,0,0,1,1
28.59,1694,14,30.73,15,23725.93,23697.34,1,2,1,0,2
161.48,755,4,172.4,3,6688.06,6526.58,2,1,1,3,0
36.21,1187,13,26.16,21,3183.39,3147.18,0,3,1,2,3
45.26,1258,8,42.41,12,23642.98,23597.72,1,2,1,3,2
100.37,1330,15,81.78,9,2860.5,2760.13,1,2,1,3,3
11.19,2487,16,8.97,13,3239.73,3228.54,1,2,1,0,3
33.1,2509,11,31.1,16,2038.28,2005.18,1,3,0,2,3
18.29,1114,13,15.85,19,9937.4,9919.11,1,3,1,2,3
709.35,32,1,762.21,0,7710.59,7001.24,3,4,0,1,1
846.49,105,2,842.94,3,28713.29,27866.8,3,4,1,2,2
110.87,174,6,113.21,9,7097.81,6986.94,2,0,0,2,0
358.35,1100,3,321.89,9,1838.15,1479.8,2,4,0,3,0
174.66,588,8,138.32,2,1674.2,1499.54,0,4,1,3,0
385.23,1128,6,412.84,11,2530.75,2145.52,2,4,1,3,0
1577.67,114,1,1275.31,3,14252.41,12674.74,2,4,1,4,1
32.55,1944,16,29.72,20,6344.97,6312.42,1,2,1,1,3
91.82,504,3,93.79,21,5792.3,5700.48,0,4,2,2,0
178.04,976,5,161.15,11,3729.34,3551.3,2,4,1,2,0
983.74,74,0,754.02,5,2781.28,1797.54,3,0,1,3,1
90.59,561,10,98.47,12,3589.42,3498.83,0,0,1,3,0
350.46,1095,7,253.48,14,7428.37,7077.91,2,1,2,2,0
69.84,873,15,71.43,11,5204.57,5134.73,1,3,1,3,3
49.92,1997,8,49.94,20,4893.29,4843.37,1,3,1,2,3
36.47,1122,5,30.72,0,6475.38,6438.91,2,0,1,2,0
56.76,1490,14,59.16,14,3070.34,3013.58,0,3,1,3,3
50.71,1675,14,51.83,15,16999.38,16948.67,1,2,1,4,2
648.83,36,0,568.12,5,3819.2,3170.37,3,4,0,0,1
26.48,2645,12,27.62,17,7055.27,7028.79,1,2,1,1,3
733.26,108,2,750.02,5,2914.08,2180.82,3,4,0,1,1
522.65,142,4,538.0,4,7514.09,6991.44,3,4,0,3,1
132.52,876,13,106.17,13,4402.29,4269.77,2,1,1,0,0
18.78,1411,7,18.0,11,3043.92,3025.14,0,1,1,4,3
263.16,1044,8,252.7,4,15652.03,15388.87,0,4,0,2,2
18.94,1636,14,16.22,19,11022.39,11003.45,1,3,1,2,3
49.82,2837,10,38.47,17,5237.56,5187.74,1,1,1,3,3
160.34,569,3,159.42,17,13708.49,13548.15,0,0,1,3,0
872.44,63,0,879.16,3,1892.02,1019.58,2,0,0,4,1
409.28,723,3,316.35,16,2770.69,2361.41,2,1,1,1,0
71.88,484,6,68.71,21,1198.84,1126.96,2,4,0,0,0
17.96,1122,9,18.12,11,4292.94,4274.98,0,3,1,0,3
52.42,1124,7,38.47,4,6035.17,5982.75,2,0,1,1,0
1171.23,147,0,1159.21,4,1981.32,810.09,3,4,0,1,1
1284.64,155,0,1214.44,0,747.29,-537.35,3,4,1,4,1
20.72,1603,12,18.53,9,5746.19,5725.47,0,2,1,0,3
694.21,337,3,487.79,18,9387.0,8692.79,0,1,1,0,0
19.32,2098,11,14.38,12,1778.07,1758.75,1,3,1,1,3
390.65,915,3,287.53,11,889.49,498.84,2,0,0,4,0
45.69,524,15,33.14,11,25971.44,25925.75,1,3,1,4,2
122.9,358,3,105.67,10,35086.15,34963.25,2,0,1,2,2
34.89,394,7,27.11,16,15580.52,15545.63,1,3,1,1,2
1186.14,30,4,1139.31,5,7278.54,6092.4,3,0,0,2,1
27.27,1147,10,20.42,14,5544.94,5517.67,1,3,1,0,3
255.21,1044,2,250.11,11,2864.68,2609.47,2,4,0,3,0
38.54,2673,13,38.97,14,8596.27,8557.73,1,3,1,1,3
19.04,2438,15,17.05,20,2125.98,2106.94,1,3,1,0,3
33.37,429,16,34.38,13,5616.87,5583.5,1,1,0,3,3
25.71,2668,12,26.75,10,8540.86,8515.15,1,3,1,3,3
1695.3,171,4,1478.43,2,6098.25,4402.95,3,4,0,0,1
1166.03,31,2,992.35,1,2790.58,1624.55,2,0,0,2,1
49.45,1162,20,39.47,11,7131.94,7082.49,0,3,0,3,3
86.3,2648,10,92.85,19,1836.17,1749.87,1,2,1,0,3
536.45,484,9,404.16,16,10522.52,9986.07,2,1,1,1,0
10.81,2035,10,11.13,18,4703.66,4692.85,0,3,1,3,3
9.22,1559,6,6.72,17,3704.31,3695.09,1,2,1,1,3
204.77,277,6,152.34,1,3425.84,3221.07,2,4,0,0,0
33.6,739,14,23.87,18,1290.22,1256.62,0,3,1,4,3
26.97,1918,14,21.9,17,4381.98,4355.01,1,2,1,0,3
73.85,839,9,80.68,7,2597.61,2523.76,2,4,0,0,0
33.12,671,13,30.79,11,4455.14,4422.02,1,1,1,1,3
101.3,458,2,73.44,21,6997.96,6896.66,2,1,0,1,0
587.6,32,2,509.81,4,1862.43,1274.83,3,4,0,3,1
42.03,1126,16,32.15,20,1331.79,1289.76,0,3,1,4,3
311.19,863,6,270.18,9,4525.42,4214.23,2,4,1,2,0
176.88,855,7,151.48,1,1348.27,1171.39,0,4,0,1,0
115.92,424,6,120.85,0,15346.02,15230.1,2,0,0,3,0
70.93,1160,2,57.51,15,2063.96,1993.03,2,4,0,1,0
130.5,1044,6,129.33,21,5288.5,5158.0,2,0,1,2,0
78.33,317,4,63.2,13,1682.73,1604.4,2,4,1,0,0
42.61,1139,18,43.71,16,927.99,885.38,1,2,1,3,3
20.33,622,13,16.38,12,3275.83,3255.5,0,2,1,3,3
36.0,2920,7,28.27,17,6450.43,6414.43,1,3,1,3,3
11.67,2123,10,11.82,14,1291.65,1279.98,1,3,1,0,3
750.24,109,0,673.16,1,2357.73,1607.49,3,4,0,3,1
905.67,32,0,881.1,1,6932.66,6026.99,3,0,0,3,1
17.72,2660,13,13.04,19,8357.27,8339.55,1,2,1,1,3
1833.51,4,3,1484.05,4,4668.01,2834.5,3,4,0,1,1
310.72,140,6,280.8,7,3000.58,2689.86,2,4,0,2,0
481.64,100,3,405.08,5,8941.36,8459.72,3,0,1,2,0
174.9,270,5,154.07,17,5100.31,4925.41,2,1,1,0,0
481.8,362,3,379.33,1,11254.56,10772.76,0,4,1,2,0
15.53,2631,11,15.42,15,1942.65,1927.12,1,1,1,0,3
86.02,913,2,62.54,6,1957.54,1871.52,0,4,0,0,0
135.65,766,3,106.51,3,5155.87,5020.22,0,1,1,4,0
221.19,191,2,196.68,19,9681.69,9460.5,0,0,1,3,0
181.09,773,7,144.89,14,5854.42,5673.33,2,0,0,3,0
12.71,1197,27,9.12,9,3310.79,3298.08,1,3,1,2,3
218.93,1178,5,187.95,23,3123.99,2905.06,2,0,1,1,0
210.95,385,0,211.06,10,11633.44,11422.49,2,0,1,3,0
13.27,2549,7,10.27,21,5152.27,5139.0,0,3,1,2,3
140.36,93,4,101.0,8,8306.75,8166.39,2,4,0,1,0
32.74,898,13,23.13,18,3733.28,3700.54,0,3,1,1,3
36.79,2992,11,38.63,16,2125.38,2088.59,1,3,0,2,3
737.24,17,2,702.78,5,8187.92,7450.68,3,0,1,3,1
24.78,604,15,18.2,11,4120.35,4095.57,1,3,1,4,3
27.54,835,12,27.37,21,4298.82,4271.28,1,1,1,2,3
39.81,2808,12,32.25,19,6458.0,6418.19,1,3,1,2,3
1120.49,162,3,1085.01,4,19471.05,18350.56,2,0,0,4,1
30.27,853,16,24.96,9,1847.95,1817.68,0,2,1,4,3
319.42,134,2,290.17,2,4175.08,3855.66,3,4,0,0,1
39.78,1519,15,28.41,20,6684.87,6645.09,0,2,1,3,3
83.63,747,4,72.13,12,6139.97,6056.34,2,0,1,1,0
188.5,496,6,138.36,14,12491.9,12303.4,2,4,0,2,0
34.5,1929,11,28.9,9,1711.86,1677.36,1,3,0,4,3
514.49,102,1,389.96,4,5633.56,5119.07,2,0,0,4,0
15.29,2311,20,13.19,10,1356.51,1341.22,1,1,1,3,3
624.12,174,2,486.11,0,4517.34,3893.22,3,0,0,1,1
26.06,2483,9,26.91,13,4021.93,3995.87,1,2,1,2,3
246.76,414,6,199.2,9,2636.32,2389.56,2,4,2,3,0
94.46,1191,5,96.27,8,2915.36,2820.9,2,0,1,3,0
99.07,997,7,89.97,15,6004.98,5905.91,2,1,1,2,0
972.92,75,1,1018.26,5,1053.67,80.75,3,0,0,3,1
94.52,905,4,99.13,22,2192.04,2097.52,2,4,0,1,0
38.19,868,11,36.16,10,6397.52,6359.33,1,3,1,1,3
121.87,206,6,130.45,7,1368.31,1246.44,2,4,2,4,0
28.83,1299,14,23.02,13,8063.23,8034.4,1,3,0,0,3
889.46,97,2,716.9,3,1708.74,819.28,3,0,1,0,1
16.85,1689,15,16.16,11,7986.97,7970.12,1,3,1,2,3
61.16,2984,13,65.1,19,2343.21,2282.05,1,3,1,2,3
987.32,79,2,855.2,4,10083.86,9096.54,3,0,0,0,1
19.56,1051,13,17.57,21,2495.89,2476.33,1,3,1,1,3
99.11,280,6,107.54,4,6070.57,5971.46,2,0,2,3,0
908.59,96,1,836.78,5,6048.46,5139.87,3,4,1,4,1
16.58,709,11,13.65,11,3360.19,3343.61,0,3,1,3,3
21.45,787,22,22.74,20,1288.94,1267.49,1,2,1,2,3
28.68,2449,12,24.61,17,7794.4,7765.72,0,3,1,2,3
37.36,2943,12,32.38,15,4228.56,4191.2,0,3,1,2,3
69.27,515,5,72.33,0,5078.53,5009.26,2,1,0,3,0
254.63,143,5,253.25,4,8711.07,8456.44,2,4,1,1,0
155.82,592,3,131.71,16,3621.54,3465.72,2,0,2,4,0
26.69,1580,15,23.37,11,3888.86,3862.17,1,2,1,4,3
294.72,122,2,321.86,2,4980.95,4686.23,3,4,0,3,1
19.77,637,0,17.1,9,6667.26,6647.49,1,2,1,1,0
438.75,1088,8,418.31,3,2350.25,1911.5,2,1,1,4,0
393.62,177,1,307.41,2,15712.18,15318.56,3,4,0,1,1
48.88,2435,14,45.0,16,1428.29,1379.41,1,3,1,3,3
55.29,676,15,56.99,15,6941.47,6886.18,0,3,1,0,3
807.41,119,2,756.33,0,1261.92,454.51,3,0,1,1,1
204.47,210,3,218.95,14,24523.52,24319.05,2,0,1,4,2
140.82,280,2,106.44,22,5157.7,5016.88,2,1,0,1,0
156.48,933,5,160.88,6,15375.75,15219.27,2,4,1,4,2
114.61,780,2,101.74,6,3196.89,3082.28,0,0,1,2,0
451.21,294,7,468.52,8,8508.47,8057.26,0,4,2,1,0
583.51,690,3,459.37,0,3051.46,2467.95,2,4,1,0,1
1523.04,47,3,1208.09,1,9475.93,7952.89,2,4,0,1,1
30.67,1920,11,22.69,19,13850.27,13819.6,1,3,1,3,3
374.8,140,1,295.04,2,970.81,596.01,2,0,1,4,0
632.71,136,3,462.09,5,4034.13,3401.42,2,4,1,1,1
51.45,2010,10,50.85,9,680.66,629.21,1,2,1,2,3
636.68,829,3,688.76,13,5790.93,5154.25,2,0,1,1,0
33.06,2693,16,27.4,13,3569.89,3536.83,1,3,1,2,3
46.17,1872,14,33.33,21,9250.46,9204.29,0,3,1,1,3
56.41,1390,11,40.28,17,11281.26,11224.85,1,3,1,2,3
1165.13,155,2,1254.78,5,13101.8,11936.67,3,4,0,4,1
32.88,2075,14,27.43,10,5428.47,5395.59,1,1,1,0,3
751.65,142,5,592.4,5,2450.18,1698.53,2,0,0,2,1
111.68,463,6,120.37,18,8483.0,8371.32,0,4,0,3,0
9.96,1292,8,10.72,13,11284.05,11274.09,1,2,1,2,3
724.08,29,2,664.96,3,11704.12,10980.04,3,4,0,3,1
171.09,571,5,180.09,10,4268.23,4097.14,2,4,2,0,0
1634.88,121,0,1379.84,3,1999.29,364.41,3,0,0,1,1
22.39,2238,11,24.55,21,1663.25,1640.86,1,3,1,1,3
67.53,128,7,55.33,4,6127.81,6060.28,2,4,1,3,0
44.37,1771,13,46.44,19,3391.37,3347.0,0,2,1,0,3
13.71,1571,18,13.91,12,4504.22,4490.51,0,2,1,3,3
23.95,567,6,24.84,18,6000.7,5976.75,1,3,1,2,0
1107.28,122,3,828.54,3,2910.48,1803.2,3,4,1,0,1
21.03,764,15,22.32,21,2584.94,2563.91,1,3,1,4,3
48.94,904,11,35.65,12,4501.43,4452.49,1,1,1,3,3
42.29,166,7,37.87,23,32908.53,32866.24,2,1,2,0,2
29.16,931,18,31.6,19,5881.57,5852.41,1,2,1,4,3
826.25,88,1,681.78,0,4362.81,3536.56,2,0,0,3,1
781.41,177,3,740.84,0,1162.48,381.07,3,0,1,0,1
30.34,1019,6,24.51,12,6175.08,6144.74,1,3,1,4,0
1294.16,77,0,1325.9,3,2037.01,742.85,3,4,1,1,1
141.43,769,7,118.41,17,3966.59,3825.16,0,1,1,4,0
335.91,899,4,259.8,0,1190.32,854.41,2,1,0,2,0
81.01,871,6,76.82,3,2986.56,2905.55,0,1,1,1,0
55.48,902,8,42.53,18,14524.51,14469.03,1,3,1,1,3
51.23,1217,15,52.23,17,5408.11,5356.88,0,2,1,4,3
28.33,2301,14,20.8,13,2019.73,1991.4,0,1,1,2,3
24.64,1451,7,24.06,18,8120.35,8095.71,1,3,1,1,3
728.99,59,1,600.56,1,2517.79,1788.8,2,0,0,3,1
142.18,278,3,111.39,18,7120.12,6977.94,2,0,0,2,0
1559.33,56,0,1104.8,1,5931.36,4372.03,3,4,0,4,1
79.69,671,7,74.34,8,2546.97,2467.28,2,1,0,3,0
32.48,1033,7,28.83,14,9463.16,9430.68,1,2,0,1,0
289.53,331,4,277.72,14,5502.4,5212.87,2,1,1,3,0
19.34,1335,15,16.65,10,21979.98,21960.64,1,3,1,0,2
9.25,636,13,8.67,12,3602.79,3593.54,1,3,0,2,3
671.27,70,2,511.07,4,6025.29,5354.02,3,4,1,4,1
422.61,388,9,403.56,8,4220.39,3797.78,2,4,1,2,0
26.24,697,7,25.3,10,5834.39,5808.15,1,3,0,1,0
142.0,173,7,141.38,18,10301.1,10159.1,2,1,0,3,0
195.28,1024,7,160.48,20,3471.01,3275.73,0,4,0,4,3
30.94,2832,12,25.21,16,19926.58,19895.64,1,2,1,1,2
37.46,1700,9,32.78,20,4007.34,3969.88,1,2,1,2,3
52.64,986,18,42.48,12,4194.06,4141.42,1,2,1,0,3
18.39,1184,11,12.87,16,4138.84,4120.45,1,2,1,2,3
456.27,928,11,491.75,11,1727.66,1271.39,0,1,2,3,3
532.67,91,2,442.7,1,842.05,309.38,3,4,0,3,1
407.68,135,0,289.08,4,2728.86,2321.18,3,4,0,2,1
14.09,395,10,10.62,11,2911.76,2897.67,0,1,0,3,0
83.92,662,12,91.89,19,15244.63,15160.71,0,2,1,0,3
90.07,964,5,69.07,1,4173.19,4083.12,2,0,0,1,0
27.28,1789,11,29.83,20,10281.12,10253.84,1,3,1,0,3
39.2,1597,14,37.32,8,10751.11,10711.91,1,3,0,4,3
30.11,1955,11,26.0,11,11567.38,11537.27,1,3,1,1,3
48.29,954,12,46.39,20,1035.99,987.7,1,1,1,4,3
2028.67,117,2,2007.54,5,24339.92,22311.25,3,0,0,1,1
591.74,136,1,581.31,2,7432.22,6840.48,3,4,0,4,1
87.51,2244,14,71.87,19,2861.21,2773.7,1,3,1,2,3
23.26,2828,9,17.83,14,10677.19,10653.93,1,3,1,2,3
35.25,535,7,27.58,13,8469.21,8433.96,1,2,1,2,0
27.49,493,13,21.01,12,839.26,811.77,1,3,0,3,3
614.53,10,3,510.77,5,4579.64,3965.11,3,4,0,0,1
325.77,933,6,293.12,2,9998.09,9672.32,2,1,1,1,0
21.44,2486,10,21.67,13,1423.43,1401.99,1,1,1,2,3
87.08,316,7,79.32,20,3120.59,3033.51,0,4,2,2,3
1235.91,137,2,1257.76,1,3401.8,2165.89,3,0,0,4,1
2541.69,96,1,2436.57,0,18690.34,16148.65,3,4,0,2,1
34.39,573,19,32.67,13,8059.86,8025.47,1,3,1,4,3
273.34,868,7,282.03,2,1841.04,1567.7,2,0,0,0,0
3942.4,142,1,3387.67,1,4736.57,794.17,2,4,1,0,1
987.19,12,1,954.17,1,27172.27,26185.08,3,4,1,3,2
495.13,985,5,477.23,17,2997.42,2502.29,2,1,2,2,0
176.02,317,7,174.09,17,6360.16,6184.14,2,1,1,0,0
1543.94,114,1,1327.11,1,12682.94,11139.0,3,0,1,0,1
130.42,1150,3,141.07,18,7605.7,7475.28,2,4,1,3,0
59.95,2906,13,52.3,11,6803.2,6743.25,1,3,0,0,3
80.96,118,3,78.21,21,3136.3,3055.34,0,4,0,3,0
20.76,2555,19,18.63,21,3090.48,3069.72,0,1,1,2,3
2764.61,10,0,2765.17,1,32364.49,29599.88,3,4,1,3,1
1184.43,155,4,1275.19,3,8218.48,7034.05,3,0,0,4,1
809.5,1197,6,587.77,5,9287.64,8478.14,2,4,1,4,1
283.17,718,3,215.12,18,6605.52,6322.35,0,4,2,2,0
21.86,376,17,18.44,11,2472.24,2450.38,1,2,1,4,3
172.31,260,5,137.12,16,13430.04,13257.73,2,4,1,1,0
38.69,2775,13,32.31,11,3973.87,3935.18,1,3,1,4,3
234.17,1057,6,173.25,16,5393.99,5159.82,0,4,1,2,3
43.3,769,9,35.06,10,5763.01,5719.71,0,3,1,3,3
37.76,893,11,27.62,17,2001.75,1963.99,1,3,1,2,3
77.07,1380,14,69.3,15,8074.71,7997.64,1,2,1,1,3
35.12,2102,10,37.52,9,5855.62,5820.5,1,3,1,2,3
27.64,2124,18,22.41,16,3439.07,3411.43,1,3,1,4,3
872.02,55,1,758.99,0,9983.36,9111.34,3,4,0,4,1
421.58,154,10,344.37,19,3088.65,2667.07,2,4,2,4,0
131.09,1035,5,139.16,18,3431.49,3300.4,2,0,1,4,0
1211.67,175,0,1295.33,5,5807.42,4595.75,3,4,0,1,1
48.65,796,19,48.0,10,22863.69,22815.04,0,3,1,3,2
926.36,67,2,708.39,3,3050.87,2124.51,2,4,1,0,1
25.79,1405,8,23.05,18,1608.11,1582.32,1,3,1,3,3
36.45,2363,12,25.77,9,8606.15,8569.7,0,3,1,3,3
146.76,1074,9,137.25,19,1850.24,1703.48,2,0,1,0,0
29.46,2836,21,26.06,9,2481.2,2451.74,0,3,1,1,3
503.4,104,1,359.59,0,2066.21,1562.81,3,4,1,2,1
708.55,79,2,708.44,4,5628.99,4920.44,3,4,1,1,1
15.52,1116,9,12.72,17,7810.32,7794.8,1,3,1,2,3
11.83,1419,14,10.66,20,2577.93,2566.1,1,3,1,1,3
32.95,644,10,34.24,12,7739.48,7706.53,0,1,1,3,3
616.01,249,6,545.27,15,38241.75,37625.74,2,1,0,4,2
276.65,272,1,233.29,10,5966.52,5689.87,2,1,0,2,0
26.64,2942,22,20.8,10,7660.8,7634.16,1,1,1,0,3
1783.88,100,1,1903.18,4,2840.58,1056.7,3,4,0,1,1
170.36,948,1,164.61,12,18954.2,18783.84,2,0,0,3,2
14.71,2345,15,16.04,9,4866.71,4852.0,1,3,1,0,3
21.48,916,10,22.43,18,9612.95,9591.47,1,3,1,4,3
38.92,2222,13,41.47,11,3405.96,3367.04,0,1,1,3,3
252.18,1074,5,241.71,16,10049.43,9797.25,2,4,1,1,0
2512.17,175,2,1938.22,2,10868.66,8356.49,3,4,1,2,1
35.04,2533,16,37.47,20,1789.98,1754.94,0,2,0,0,3
17.21,1565,16,16.94,13,3221.96,3204.75,1,3,1,0,3
59.36,1022,18,61.94,11,1220.36,1161.0,1,1,1,1,3
179.11,855,4,173.02,21,5570.72,5391.61,2,4,1,2,0
26.24,1610,14,24.1,16,7398.7,7372.46,1,3,1,2,3
44.06,2878,8,43.85,19,6057.35,6013.29,1,3,1,3,3
36.55,1000,14,28.08,15,3070.7,3034.15,1,2,1,4,3
97.32,240,7,78.79,13,5168.98,5071.66,2,0,0,3,0
588.28,1196,9,515.05,19,12040.81,11452.53,2,0,0,0,0
322.67,193,4,264.81,8,19019.12,18696.45,2,4,1,4,2
319.4,77,2,337.31,4,3246.44,2927.04,3,0,1,2,0
21.93,540,11,22.12,15,1962.9,1940.97,0,3,1,4,3
65.38,2863,13,51.35,18,4177.49,4112.11,1,3,1,1,3
11.38,1638,17,8.59,20,3929.05,3917.67,1,3,1,4,3
40.27,1176,10,37.96,8,6944.42,6904.15,1,1,0,2,0
861.97,63,2,932.93,0,10911.99,10050.02,2,4,0,0,1
27.71,641,11,26.83,17,6502.62,6474.91,1,2,1,1,3
33.83,1678,6,25.72,12,6039.53,6005.7,1,1,1,1,0
119.92,1184,7,97.09,16,1749.65,1629.73,2,4,0,0,0
15.87,551,12,16.71,14,16105.25,16089.38,1,3,1,2,2
873.62,178,2,717.6,0,1705.75,832.13,3,0,0,2,1
31.74,1423,11,25.82,14,4933.07,4901.33,1,3,1,2,3
538.26,96,3,457.1,1,1196.81,658.55,3,0,1,2,1
1124.4,9,3,1118.7,3,2311.79,1187.39,3,4,1,1,1
124.55,296,7,122.24,17,3712.15,3587.6,2,4,2,4,0
25.58,870,4,25.44,10,5397.69,5372.11,1,2,1,1,0
75.04,852,6,82.1,18,21873.36,21798.32,2,4,0,1,2
388.14,569,7,282.72,22,10180.98,9792.84,2,1,1,3,0
65.88,111,9,50.14,3,3840.79,3774.91,0,4,2,1,0
893.23,172,2,916.75,3,5548.78,4655.55,3,0,0,2,1
1990.93,172,4,1428.11,4,4169.77,2178.84,3,4,0,4,1
44.48,2094,15,46.14,15,13512.11,13467.63,1,3,1,4,3
33.96,2400,13,31.27,19,2302.15,2268.19,0,2,0,0,3
17.5,1617,8,17.98,12,14490.85,14473.35,1,2,1,1,3
232.45,1155,6,191.3,0,3699.81,3467.36,2,4,1,2,0
698.87,162,1,742.2,1,1926.09,1227.22,2,0,1,0,1
44.65,2229,8,41.18,17,10572.9,10528.25,1,2,1,2,3
175.07,696,4,147.39,0,3647.43,3472.36,0,4,2,4,0
177.08,511,3,170.91,9,1365.14,1188.06,2,4,1,4,0
75.73,969,6,72.57,11,6140.92,6065.19,2,0,0,0,0
143.42,1081,3,148.95,12,1924.13,1780.71,2,4,1,2,0
20.57,681,10,17.28,13,7032.07,7011.5,0,2,1,4,3
315.98,818,7,226.53,23,22386.56,22070.58,0,1,1,1,2
22.96,2746,7,21.49,12,10069.13,10046.17,1,3,1,2,3
312.19,853,5,251.53,7,4418.06,4105.87,2,1,1,1,0
13.51,2158,10,10.77,8,7104.98,7091.47,1,3,1,2,3
34.75,703,8,26.0,15,2902.56,2867.81,1,2,1,1,0
690.75,143,4,696.1,4,27794.36,27103.61,3,0,0,0,2
52.71,530,14,56.88,8,2889.15,2836.44,1,3,1,1,3
54.72,2990,14,58.0,10,3259.98,3205.26,1,3,1,2,3
28.22,465,16,28.63,17,6866.96,6838.74,1,2,1,2,3
55.59,1436,10,47.97,19,2145.03,2089.44,1,1,1,2,3
37.95,1046,14,27.75,10,21704.99,21667.04,1,1,1,0,2
7.14,565,16,7.73,17,9701.73,9694.59,0,3,1,4,3
206.15,496,3,189.54,4,6095.71,5889.56,2,4,1,3,0
412.6,328,4,331.81,22,11615.85,11203.25,2,4,0,2,0
1089.72,7,2,933.23,1,22778.43,21688.71,3,4,0,2,1
11.61,2365,14,12.57,15,2330.61,2319.0,1,3,0,1,3
37.34,2017,7,33.14,18,4967.23,4929.89,1,3,1,2,3
30.71,1156,14,28.5,16,8921.19,8890.48,1,3,1,0,3
34.28,1279,11,30.05,8,2104.71,2070.43,1,3,1,3,3
2252.89,59,1,2388.85,0,3061.34,808.45,2,0,0,1,1
224.14,658,3,231.5,1,3689.77,3465.63,0,0,2,1,0
33.4,1227,5,32.36,18,6878.64,6845.24,1,2,1,3,0
139.88,261,6,144.82,8,6267.89,6128.01,0,4,1,1,0
25.21,2079,19,18.3,21,3699.71,3674.5,0,3,1,4,3
33.69,399,4,27.67,16,8334.67,8300.98,1,1,1,2,0
237.9,448,4,185.93,17,4250.24,4012.34,2,4,1,3,0
51.84,435,9,48.72,19,6539.77,6487.93,1,3,1,0,0
26.61,2412,13,22.53,18,12391.28,12364.67,1,3,0,4,3
91.46,734,14,90.0,14,4207.15,4115.69,1,1,0,1,3
40.94,2357,11,29.5,11,4516.94,4476.0,0,2,1,1,3
184.57,784,7,158.85,4,2781.25,2596.68,2,4,0,0,0
16.52,1458,11,13.54,12,2435.07,2418.55,1,3,1,1,3
84.06,556,2,85.21,2,2003.68,1919.62,0,0,1,2,0
81.3,666,5,81.41,18,3528.11,3446.81,2,4,1,1,0
262.06,1176,4,220.31,8,2041.33,1779.27,2,1,0,0,0
92.2,204,7,100.8,19,15863.22,15771.02,2,4,1,3,2
75.58,832,14,79.92,10,12819.38,12743.8,1,2,1,1,3
30.86,1482,12,29.26,21,3287.87,3257.01,1,3,1,4,3
1130.12,126,2,1235.92,1,6540.94,5410.82,3,4,1,3,1
191.46,1055,7,176.15,2,16938.12,16746.66,0,0,0,0,2
477.12,174,3,474.87,2,1136.29,659.17,3,4,0,0,1
29.93,628,4,27.23,17,3639.46,3609.53,2,4,0,4,0
12.76,2264,20,12.83,10,3992.78,3980.02,1,2,1,2,3
222.16,575,2,182.67,6,1583.25,1361.09,2,4,1,0,0
19.28,757,18,19.37,18,6550.43,6531.15,1,1,0,1,3
848.24,719,7,904.53,17,17471.27,16623.03,0,0,0,4,2
15.98,2709,12,12.99,11,5443.0,5427.02,1,2,1,3,3
316.14,804,4,284.94,12,4356.69,4040.55,2,1,2,2,0
91.27,991,5,63.91,2,3065.59,2974.32,2,1,1,1,0
1195.06,75,1,939.33,1,4698.39,3503.33,3,4,1,2,1
26.85,1944,13,29.48,8,10864.07,10837.22,1,3,1,0,3
324.44,470,4,334.58,8,23190.6,22866.16,2,4,0,1,2
81.51,399,7,62.49,14,1379.2,1297.69,0,4,1,2,0
561.22,971,7,550.71,19,6164.18,5602.96,2,4,1,1,0
36.5,2602,9,31.44,17,1807.07,1770.57,1,1,1,0,3
567.0,61,3,544.54,1,3960.35,3393.35,3,4,1,3,1
29.62,1503,11,23.78,17,11692.35,11662.73,1,3,0,3,3
1734.06,114,1,1864.46,3,20628.79,18894.73,3,0,1,1,1
161.67,183,5,139.99,23,3706.38,3544.71,2,1,2,4,0
46.71,941,15,49.9,15,14844.36,14797.65,1,2,1,1,3
342.95,527,3,287.54,7,6262.17,5919.22,2,4,0,2,0
235.69,1015,7,170.92,13,2537.51,2301.82,0,4,1,1,3
17.74,1528,11,17.09,10,5422.5,5404.76,1,2,1,0,3
361.15,83,3,317.5,0,5900.48,5539.33,3,0,0,1,1
157.25,1161,10,142.48,2,3925.54,3768.29,2,0,1,4,0
28.99,1115,13,26.03,15,9882.47,9853.48,0,2,1,2,3
39.62,2050,9,33.38,10,3166.11,3126.49,1,2,0,2,3
359.85,61,4,291.97,4,5393.31,5033.46,3,4,0,0,1
358.31,22,2,256.19,5,3464.27,3105.96,2,0,0,2,0
160.79,986,5,152.14,20,2006.91,1846.12,0,1,0,1,0
2202.95,74,2,2323.33,4,5158.35,2955.4,3,4,0,1,1
1131.26,131,3,981.74,5,7964.98,6833.72,2,4,1,1,1
613.97,22,3,673.48,5,4840.71,4226.74,2,4,0,4,1
28.07,678,6,26.96,11,3062.4,3034.33,1,3,0,4,0
38.24,2042,8,27.05,14,45633.14,45594.9,1,2,1,0,2
19.89,1783,11,18.06,18,2241.03,2221.14,1,3,0,1,3
25.74,1503,13,25.66,13,2809.85,2784.11,1,2,1,1,3
1279.68,100,6,1207.49,1,2930.44,1650.76,3,0,1,1,1
16.52,502,7,11.79,10,5452.07,5435.55,0,2,1,3,0
338.03,216,7,314.03,15,6074.95,5736.92,0,1,0,4,0
52.52,2331,14,45.94,9,19228.2,19175.68,1,2,1,0,2
162.43,1126,6,121.91,6,2897.92,2735.49,2,0,0,3,0
33.89,1074,13,34.91,14,16482.96,16449.07,1,3,1,2,2
21.92,487,11,19.41,14,14930.19,14908.27,0,2,1,4,3
241.36,310,8,205.51,22,9707.55,9466.19,0,0,2,1,0
110.58,742,7,84.55,3,10032.33,9921.75,0,1,1,1,0
26.37,2088,6,26.12,21,5999.33,5972.96,1,2,1,3,3
40.74,2564,12,31.89,11,4034.83,3994.09,1,2,1,0,3
31.2,1880,7,30.81,11,7010.74,6979.54,0,3,1,2,3
148.26,796,4,112.38,10,1716.13,1567.87,0,0,1,4,0
78.57,424,3,81.3,9,5267.96,5189.39,2,0,2,1,0
32.23,1660,15,28.98,13,11068.58,11036.35,1,3,1,3,3
161.55,551,5,146.92,0,3546.1,3384.55,2,4,0,0,0
101.52,1044,5,82.81,22,2141.18,2039.66,2,4,0,3,0
1028.8,7,1,775.88,5,11652.01,10623.21,3,4,0,4,1
38.65,1511,15,38.44,20,2629.7,2591.05,1,2,1,3,3
309.88,1117,3,271.67,16,2505.61,2195.73,2,4,0,2,0
13.18,551,12,10.13,11,29281.07,29267.89,0,3,1,1,2
253.73,739,6,251.79,12,3840.24,3586.51,2,1,1,4,0
204.9,912,3,172.37,5,4373.08,4168.18,2,1,0,2,0
202.05,1012,6,207.97,3,5738.6,5536.55,0,1,0,1,0
283.55,1064,7,231.06,23,3872.82,3589.27,0,4,1,2,3
28.46,1954,12,28.22,9,3671.23,3642.77,1,2,1,0,3
778.49,35,1,702.55,0,5904.69,5126.2,3,4,1,1,1
164.55,789,4,119.11,11,2478.36,2313.81,2,4,0,4,0
44.19,902,17,31.12,18,5526.23,5482.04,1,3,1,1,3
19.87,1775,12,20.86,17,2093.99,2074.12,0,2,1,4,3
290.08,341,6,280.91,8,7350.97,7060.89,2,0,1,1,0
34.26,1217,19,30.75,21,809.48,775.22,1,3,0,1,3
14.59,1189,8,11.2,12,5881.49,5866.9,1,2,1,1,0
34.3,1411,17,30.76,14,1890.81,1856.51,1,3,1,2,3
2140.45,136,2,1753.66,3,14294.69,12154.24,2,4,1,4,1
44.91,1486,9,34.24,18,3530.92,3486.01,1,3,0,0,3
14.18,1702,10,10.94,8,17630.51,17616.33,1,1,1,3,2
216.74,1006,5,207.15,22,16541.6,16324.86,0,0,0,4,2
35.13,2317,10,37.6,17,4543.47,4508.34,0,1,0,3,3
49.87,2614,10,43.03,17,28096.89,28047.02,1,2,1,1,2
19.27,1468,15,16.58,12,4763.85,4744.58,0,3,1,2,3
98.5,358,3,76.38,2,4169.94,4071.44,2,0,2,3,0
32.63,1160,12,34.02,9,10968.92,10936.29,1,1,1,4,3
121.14,630,4,111.22,3,3270.29,3149.15,2,0,0,2,0
265.42,784,3,202.68,5,3545.49,3280.07,0,4,1,1,0
111.69,549,2,118.26,2,2643.05,2531.36,2,4,0,1,0
1599.7,119,3,1628.46,1,12714.45,11114.75,3,4,1,1,1
732.46,120,2,795.64,3,1218.86,486.4,3,4,0,3,1
1340.88,115,2,1010.34,4,9263.56,7922.68,3,4,1,0,1
42.74,1745,11,46.56,19,17471.37,17428.63,1,2,1,1,2
284.82,1139,10,309.13,8,1116.35,831.53,2,4,2,3,0
46.26,1263,10,44.89,20,5066.05,5019.79,1,3,1,0,3
20.44,2852,9,18.8,9,2822.69,2802.25,0,3,1,1,3
74.76,941,3,76.82,15,3777.51,3702.75,2,4,1,0,0
249.47,838,5,194.77,7,1725.39,1475.92,2,0,0,3,0
21.94,1289,12,20.72,12,2482.95,2461.01,1,2,0,1,3
25.05,1253,20,17.93,8,3953.81,3928.76,1,2,0,0,3
39.46,494,7,37.92,11,1843.59,1804.13,1,3,0,2,0
15.12,2345,15,12.88,13,11510.79,11495.67,0,1,1,1,3
21.68,1220,12,16.89,21,7578.05,7556.37,0,3,1,2,3
264.35,13,1,250.35,1,5066.96,4802.61,3,0,0,3,1
200.1,644,5,208.82,3,2811.01,2610.91,0,0,1,4,0
944.36,33,3,849.83,0,2470.03,1525.67,3,4,0,1,1
132.41,704,5,103.93,6,14688.02,14555.61,0,4,0,2,0
610.74,166,0,539.77,0,12958.94,12348.2,3,0,0,2,1
15.97,2841,10,12.68,15,1282.63,1266.66,1,3,1,1,3
90.36,391,8,88.05,2,7736.53,7646.17,0,4,0,2,0
1941.55,145,1,1644.23,2,11795.8,9854.25,2,4,1,2,1
4116.11,1,1,4342.38,3,14017.69,9901.58,3,0,1,0,1
640.92,2,2,477.49,4,9840.13,9199.21,2,0,0,2,1
1521.03,54,3,1077.29,1,3319.58,1798.55,2,4,0,3,1
1561.29,152,2,1586.68,1,15718.65,14157.36,3,0,1,4,1
14.1,948,16,12.81,15,4317.29,4303.19,1,3,1,0,3
589.22,104,1,596.48,0,8155.58,7566.36,3,4,1,2,1
306.17,421,5,292.12,22,2509.6,2203.43,2,4,0,1,0
152.96,1016,4,147.58,21,4502.45,4349.49,2,4,0,1,0
24.43,979,7,25.79,19,3042.39,3017.96,1,2,1,2,0
50.02,2793,14,47.12,12,1667.86,1617.84,1,3,1,0,3
467.56,49,0,346.56,1,6442.14,5974.58,3,0,1,3,1
31.05,2428,9,24.7,19,12599.9,12568.85,0,2,1,4,3
30.97,1724,12,28.7,10,5390.58,5359.61,1,2,1,3,3
37.13,1691,8,30.33,10,5515.82,5478.69,1,3,1,3,3
122.42,715,4,132.83,21,31766.03,31643.61,2,1,0,0,2
21.07,2914,10,18.69,20,1260.95,1239.88,1,3,1,3,3
185.03,210,5,154.33,1,7322.55,7137.52,2,4,1,2,0
1161.51,120,1,862.41,4,6396.43,5234.92,3,0,1,0,1
29.37,2242,11,20.85,10,5900.35,5870.98,0,3,1,3,3
42.87,825,10,33.16,11,4169.64,4126.77,1,3,0,4,0
32.78,944,8,34.99,5,9790.93,9758.15,2,0,1,0,0
124.5,435,5,89.57,10,3426.97,3302.47,2,1,1,2,0
177.26,985,4,166.59,15,7876.16,7698.9,2,4,1,2,0
147.29,284,8,126.39,15,7837.94,7690.65,2,0,0,4,0
119.8,429,8,129.06,9,9118.52,8998.72,2,4,0,2,0
17.73,2160,9,14.5,17,5577.38,5559.65,1,1,1,4,3
180.51,340,2,128.57,16,2185.97,2005.46,2,0,1,0,0
144.22,1090,3,158.5,8,6482.67,6338.45,2,0,1,0,0
52.93,2685,12,50.21,14,6769.15,6716.22,1,2,1,2,3
38.99,600,14,38.68,12,5740.98,5701.99,1,1,1,0,3
103.52,137,6,94.47,0,4643.11,4539.59,2,1,1,2,0
45.93,1834,14,36.64,20,3266.15,3220.22,1,3,1,1,3
467.5,289,2,345.71,21,8314.66,7847.16,2,0,1,3,0
37.99,2148,13,34.36,17,13392.48,13354.49,1,3,1,4,3
1596.86,29,2,1569.65,4,3490.24,1893.38,3,0,0,3,1
43.08,2268,13,38.66,8,12039.96,11996.88,1,3,1,1,3
221.59,957,4,199.38,2,2615.72,2394.13,2,0,1,2,0
40.92,1477,11,43.96,18,3960.45,3919.53,1,2,1,2,3
187.59,875,2,167.81,23,9158.87,8971.28,2,4,2,4,0
535.3,664,4,449.22,9,23058.16,22522.86,2,1,1,1,2
1114.78,108,7,942.59,1,3693.8,2579.02,3,0,1,4,1
1114.19,170,2,924.18,5,4241.75,3127.56,3,4,0,1,1
73.17,2190,14,51.43,15,1155.03,1081.86,1,3,1,4,3
254.41,922,3,272.42,8,1011.2,756.79,2,0,1,1,0
33.61,2144,14,24.81,15,16441.34,16407.73,1,2,1,0,3
402.09,370,7,350.27,12,5763.11,5361.02,2,4,2,1,0
37.38,1352,13,37.11,17,8016.58,7979.2,0,2,1,4,3
109.35,243,3,112.12,0,3159.16,3049.81,2,0,1,4,0
433.22,603,6,333.47,5,19625.96,19192.74,0,1,1,2,2
697.18,56,2,696.63,5,8366.66,7669.48,3,4,1,3,1
255.62,664,4,274.71,9,1690.24,1434.62,2,0,0,3,0
1263.29,159,1,887.85,5,12183.68,10920.39,3,0,0,1,1
156.81,806,6,152.91,5,2382.61,2225.8,2,4,0,0,0
944.25,2,2,774.8,4,16848.16,15903.91,3,4,1,4,1
39.89,1235,9,35.87,17,22980.46,22940.57,1,2,1,3,2
35.4,1289,9,31.31,10,6276.62,6241.22,0,2,1,1,3
50.24,766,16,42.61,10,7448.02,7397.78,1,1,1,1,3
1748.58,110,4,1515.31,5,4041.14,2292.56,3,0,0,3,1
257.09,398,4,261.45,6,6830.93,6573.84,0,4,0,1,0
22.1,947,6,19.18,13,1849.19,1827.09,1,3,1,1,0
209.14,206,1,205.39,15,13248.19,13039.05,2,0,1,3,0
21.13,1467,16,23.2,18,20690.39,20669.26,1,2,1,1,2
50.63,2188,10,40.76,8,5241.2,5190.57,1,3,1,1,3
205.75,247,4,203.6,7,5396.97,5191.22,2,0,0,0,0
15.91,1520,10,14.49,20,4428.79,4412.88,1,2,1,0,3
1386.66,77,2,1282.2,3,5334.11,3947.45,3,0,0,4,1
1702.04,117,1,1516.62,1,2036.59,334.55,2,4,0,3,1
197.97,992,6,211.29,21,1923.85,1725.88,2,0,1,4,0
140.37,2451,14,131.91,13,6062.3,5921.93,0,2,1,4,3
61.85,154,4,51.82,21,1393.51,1331.66,2,1,0,1,0
22.74,2941,10,21.6,19,15598.85,15576.11,1,3,0,4,3
314.71,963,6,284.93,7,11840.91,11526.2,2,4,0,3,0
1504.47,64,1,1537.74,4,11894.08,10389.61,3,0,0,2,1
30.03,547,8,31.06,9,3940.83,3910.8,1,3,1,3,0
458.5,540,4,336.42,16,11363.49,10904.99,0,1,0,1,0
58.0,537,10,41.03,14,7933.83,7875.83,1,1,1,4,0
681.13,173,0,721.44,5,2965.85,2284.72,3,0,0,3,1
208.38,144,3,150.9,9,3207.17,2998.79,0,1,0,3,0
570.44,63,1,555.7,2,12034.35,11463.91,3,4,1,3,1
590.66,38,3,422.44,3,1154.87,564.21,2,4,0,1,1
63.8,198,5,47.03,14,1397.74,1333.94,2,4,1,2,0
29.39,2973,16,26.56,9,7550.2,7520.81,1,1,1,0,3
134.05,533,8,108.28,4,1007.06,873.01,2,0,1,2,0
150.77,392,5,134.89,19,5497.87,5347.1,2,4,1,4,0
29.5,1814,9,21.64,11,3510.7,3481.2,1,3,0,0,3
138.84,600,6,99.08,10,7189.03,7050.19,0,1,1,4,0
447.98,1009,7,367.23,4,8366.38,7918.4,2,0,1,3,0
33.69,2984,16,33.78,21,12820.08,12786.39,1,3,1,3,3
263.2,1048,6,200.34,17,5836.33,5573.13,2,1,0,0,0
26.65,1683,15,28.02,12,6077.73,6051.08,1,3,1,3,3
184.72,1197,4,161.46,8,5142.75,4958.03,0,4,0,1,0
94.53,1199,4,92.52,6,5714.28,5619.75,0,0,0,3,0
178.79,1060,4,184.14,5,13037.05,12858.26,0,0,1,4,0
436.57,36,0,307.65,5,470.36,33.79,2,0,0,2,0
27.05,515,14,20.25,9,19322.87,19295.82,1,2,1,0,2
197.29,710,6,170.22,15,1728.78,1531.49,0,4,1,4,0
97.83,1142,3,68.53,8,7073.41,6975.58,2,4,2,1,0
818.33,115,0,710.48,2,3192.16,2373.83,3,4,0,4,1
205.86,288,10,163.21,10,5543.01,5337.15,0,0,1,4,0
29.57,824,7,27.52,8,17541.97,17512.4,1,2,1,4,2
10.18,2239,21,10.49,18,4040.9,4030.72,1,3,1,3,3
29.7,1126,10,28.3,14,4151.85,4122.15,1,3,1,3,3
37.49,1541,16,36.01,17,7341.03,7303.54,0,3,1,4,3
25.45,1687,13,20.25,18,3624.78,3599.33,1,1,1,3,3
52.65,1029,7,49.43,8,9972.64,9919.99,2,4,1,4,0
32.08,661,8,26.01,11,4358.37,4326.29,1,1,1,2,0
620.93,917,6,501.65,22,1816.39,1195.46,2,0,1,3,0
390.08,656,6,363.35,2,4272.85,3882.77,2,1,1,0,0
22.21,1705,9,20.88,14,7221.21,7199.0,1,2,1,2,3
1255.21,108,0,1009.53,4,9254.13,7998.92,3,4,1,2,1
32.91,966,12,31.85,16,3760.78,3727.87,1,3,1,0,3
1267.69,7,1,1340.9,2,1927.76,660.07,2,0,1,4,1
273.7,260,4,219.78,3,2535.63,2261.93,2,4,1,2,0
1121.59,48,4,1079.55,4,3753.22,2631.63,3,4,1,1,1
75.46,589,7,57.5,8,9256.42,9180.96,2,4,1,1,0
18.57,1298,13,19.44,8,2410.55,2391.98,1,2,1,4,3
113.91,902,5,88.06,7,3575.83,3461.92,2,1,0,0,0
34.57,1246,9,26.72,11,4692.06,4657.49,0,1,1,2,3
1201.03,109,2,1076.13,1,2525.57,1324.54,3,0,0,3,1
151.26,824,2,126.85,7,3320.93,3169.67,2,1,0,4,0
361.25,101,5,361.94,1,11154.58,10793.33,3,4,1,0,1
638.67,94,2,688.23,2,6732.21,6093.54,3,0,0,3,1
217.99,946,2,186.53,20,1509.4,1291.41,2,1,2,2,0
56.25,742,19,56.44,14,3806.36,3750.11,1,1,1,1,3
1287.2,84,2,1100.46,4,1847.68,560.48,2,4,1,0,1
149.01,589,4,132.89,12,3232.41,3083.4,0,0,1,1,0
91.8,192,5,92.86,23,11332.32,11240.52,2,4,2,3,0
23.48,2273,12,25.59,21,2284.82,2261.34,1,2,0,3,3
18.78,2200,13,17.61,18,2810.72,2791.94,1,3,1,3,3
712.1,83,2,626.11,2,6988.13,6276.03,3,0,1,4,1
27.41,2338,13,21.64,15,33114.46,33087.05,1,1,0,3,2
93.71,326,2,90.26,14,2278.64,2184.93,2,4,1,4,0
32.05,1315,5,24.42,21,3304.79,3272.74,1,1,1,3,0
49.09,1805,9,52.55,10,1462.29,1413.2,0,1,1,2,3
20.98,1376,15,20.07,12,4807.69,4786.71,1,2,0,2,3
505.23,159,3,425.53,0,3859.75,3354.52,3,0,0,1,1
510.17,157,2,434.68,1,4064.93,3554.76,3,4,0,3,1
3511.91,160,0,3819.58,0,5229.1,1717.19,3,0,0,4,1
51.31,965,6,53.67,20,21099.78,21048.47,1,1,1,4,2
151.76,857,5,114.8,6,27288.05,27136.29,2,1,1,0,2
32.56,1147,9,29.87,12,3789.61,3757.05,1,3,1,4,3
453.4,339,4,406.62,7,7642.34,7188.94,2,0,0,4,0
17.24,965,15,15.71,20,16136.67,16119.43,1,3,0,0,2
251.49,565,1,228.46,9,10711.14,10459.65,0,1,2,3,0
22.01,693,8,16.24,21,6485.15,6463.14,1,3,1,3,3
149.23,625,3,139.7,12,40563.36,40414.13,0,1,2,2,2
625.12,162,1,577.82,2,6537.9,5912.78,3,4,1,1,1
35.89,2116,13,35.99,13,3623.51,3587.62,1,3,1,1,3
21.16,2757,8,19.85,9,27728.97,27707.81,0,3,1,0,2
162.09,819,2,131.51,4,5784.69,5622.6,2,0,0,4,0
233.69,836,3,193.32,13,29032.01,28798.32,2,4,1,3,2
11.32,601,14,10.75,9,3659.86,3648.54,1,3,0,1,3
837.91,4,1,615.55,5,12499.7,11661.79,3,4,0,4,1
28.79,2633,14,31.12,20,4910.14,4881.35,0,3,1,2,3
35.44,390,18,35.11,9,3037.27,3001.83,1,3,1,3,3
731.56,60,0,559.84,4,1756.17,1024.61,3,4,0,4,1
426.76,331,5,313.79,22,3137.0,2710.24,2,0,0,0,0
15.61,943,9,13.34,18,4908.41,4892.8,0,3,1,3,3
567.3,108,2,508.27,1,6964.5,6397.2,3,0,0,1,1
28.51,2265,11,20.12,14,8825.03,8796.52,1,3,0,2,3
1170.67,52,3,947.31,0,5866.36,4695.69,3,0,1,4,1
43.27,938,5,37.1,7,3583.43,3540.16,2,1,1,4,0
17.75,1604,16,16.33,15,20464.32,20446.57,1,3,1,4,2
99.25,426,3,75.6,4,4649.32,4550.07,0,1,2,0,0
41.55,1978,10,29.86,15,4930.32,4888.77,0,3,1,0,3
59.51,2088,9,59.56,10,2735.0,2675.49,1,3,1,4,3
253.82,985,4,217.95,2,1912.58,1658.76,2,4,1,3,0
198.22,393,4,159.66,12,12909.26,12711.04,2,0,1,2,0
104.7,1056,9,78.56,11,8404.5,8299.8,0,1,1,0,3
28.0,1597,13,23.97,21,13327.9,13299.9,1,3,1,2,3
17.21,1346,11,17.18,21,5086.06,5068.85,1,2,1,1,3
128.36,534,4,130.46,6,9414.08,9285.72,2,4,1,1,0
361.23,723,7,358.99,16,3620.34,3259.11,2,0,0,0,0
457.65,167,1,434.4,1,807.51,349.86,2,4,1,2,1
312.27,225,3,301.76,22,8425.47,8113.2,2,0,2,0,0
82.36,2706,18,64.47,20,2053.04,1970.68,1,2,1,0,3
166.27,636,9,163.81,3,843.6,677.33,2,4,2,4,0
25.05,2808,21,23.01,21,2582.82,2557.77,1,1,0,0,3
153.48,349,2,132.64,6,13559.07,13405.59,2,1,2,2,0
50.77,2370,14,54.94,12,3509.26,3458.49,0,1,0,3,3
20.32,2729,12,14.32,12,25899.6,25879.28,1,3,0,4,2
73.49,831,20,80.83,18,17874.56,17801.07,0,3,0,4,2
209.1,493,9,194.85,12,3138.48,2929.38,2,4,0,3,0
1191.82,158,0,844.8,3,5230.36,4038.54,3,0,0,2,1
27.5,1473,10,25.72,8,2470.86,2443.36,1,3,1,1,3
1283.29,50,5,1353.23,0,4807.98,3524.69,3,0,0,1,1
353.05,61,1,281.12,4,18618.7,18265.65,2,4,0,0,2
1151.46,146,2,1011.54,3,15950.97,14799.51,2,4,0,1,1
25.0,2922,14,25.94,8,1840.48,1815.48,1,3,1,1,3
1680.77,101,2,1341.06,3,2835.82,1155.05,3,4,1,1,1
415.67,693,4,441.19,18,1457.25,1041.58,0,4,1,3,0
23.33,2472,12,22.9,19,9770.8,9747.47,0,2,1,4,3
31.87,596,5,22.31,7,2967.42,2935.55,2,0,1,3,0
168.16,550,9,184.37,10,3222.29,3054.13,2,4,1,2,0
46.35,2101,10,38.54,12,5460.48,5414.13,1,3,1,1,3
81.17,670,6,65.5,22,5610.74,5529.57,0,0,1,3,0
1858.67,176,5,1658.15,4,3432.4,1573.73,3,0,1,3,1
35.07,1009,11,37.17,11,14146.74,14111.67,1,1,1,3,3
28.75,1677,14,31.57,19,24108.65,24079.9,1,3,1,4,2
20.57,880,9,15.08,13,1732.69,1712.12,1,2,1,1,0
381.83,183,3,318.23,11,622.42,240.59,2,0,0,1,0
15.8,1714,10,17.22,11,3962.25,3946.45,0,2,1,0,3
37.86,1155,12,29.64,20,2634.89,2597.03,0,1,1,1,3
565.46,44,3,515.37,3,6339.73,5774.27,3,4,0,2,1
20.83,2163,10,21.97,16,1631.47,1610.64,1,3,1,2,3
39.99,1692,7,40.57,21,4557.63,4517.64,1,3,1,3,3
17.67,766,13,16.29,10,4015.23,3997.56,0,3,1,2,3
4285.9,81,1,3907.27,1,3286.64,-999.26,3,4,0,1,1
70.13,2107,13,71.38,11,3873.99,3803.86,1,3,1,4,3
60.64,818,11,56.96,20,2860.35,2799.71,1,2,1,4,3
278.37,1060,2,225.92,19,2545.87,2267.5,0,4,1,4,0
389.66,951,4,313.67,8,2345.96,1956.3,2,0,1,3,0
30.62,2708,12,26.62,13,4298.3,4267.68,1,3,1,2,3
513.35,121,0,387.12,2,28063.4,27550.05,3,4,1,4,2
484.02,3,5,446.39,4,8000.08,7516.06,3,0,0,4,1
223.6,1031,10,208.32,8,6368.54,6144.94,2,0,1,0,0
66.83,1429,11,64.76,18,7488.53,7421.7,1,3,1,2,3
375.97,302,2,386.41,21,44568.97,44193.0,2,0,0,1,2
27.74,1421,9,26.29,17,16355.4,16327.66,1,2,1,3,2
36.88,2050,14,28.19,19,3624.37,3587.49,1,2,1,4,3
29.56,752,15,26.65,16,2509.61,2480.05,1,3,1,4,3
29.84,619,18,29.53,15,1683.92,1654.08,1,1,1,4,3
486.1,921,5,385.84,3,2021.1,1535.0,0,4,1,2,0
29.18,1708,12,25.16,11,8143.17,8113.99,1,3,1,0,3
36.25,695,18,29.55,17,7694.35,7658.1,1,2,1,4,3
95.28,1105,4,75.28,11,5249.75,5154.47,2,4,1,4,0
227.82,1061,5,161.36,9,11089.91,10862.09,0,4,1,1,0
1047.26,80,4,765.37,0,1691.49,644.23,2,0,0,1,1
36.58,2781,8,37.68,17,3724.28,3687.7,1,2,1,2,3
179.56,1005,1,138.77,1,3261.81,3082.25,2,4,1,3,0
1641.78,121,2,1508.28,3,3929.27,2287.49,2,0,0,2,1
632.66,480,5,682.33,8,5276.01,4643.35,2,0,1,4,0
46.39,1043,15,45.22,8,2939.77,2893.38,1,3,1,4,3
1677.7,26,4,1264.67,5,4361.84,2684.14,3,0,0,4,1
29.07,670,12,27.38,16,5386.19,5357.12,1,1,1,0,3
34.89,733,21,25.53,12,15896.82,15861.93,1,3,1,2,3
27.7,1938,13,29.21,14,9625.89,9598.19,1,3,0,0,3
94.04,1193,7,81.26,18,2564.12,2470.08,0,1,1,2,3
169.43,507,6,181.75,0,23287.77,23118.34,2,4,0,3,2
59.23,575,4,41.97,16,2413.08,2353.85,0,4,1,3,0
67.61,1302,17,67.3,21,8919.97,8852.36,1,3,1,0,3
479.44,169,2,439.56,2,4739.69,4260.25,3,4,0,0,1
20.0,2811,10,17.51,21,1995.39,1975.39,1,1,1,1,3
243.71,453,7,181.82,6,13982.96,13739.25,2,4,1,2,0
65.63,1633,8,46.62,18,6706.12,6640.49,1,3,1,3,3
33.19,2160,14,24.65,15,11256.85,11223.66,1,3,1,2,3
20.95,423,10,14.87,17,11561.32,11540.37,1,3,1,2,0
1798.44,160,0,1389.05,1,2189.58,391.14,3,4,0,0,1
174.93,322,6,157.56,13,4195.78,4020.85,2,4,1,1,0
258.37,745,6,259.29,2,5476.85,5218.48,2,4,1,4,0
23.45,1585,10,16.59,9,12370.33,12346.88,1,1,1,0,3
78.55,1034,13,66.55,16,1807.62,1729.07,1,1,1,4,3
1533.08,96,3,1086.63,5,1632.46,99.38,3,4,1,0,1
741.76,54,2,801.6,0,10623.08,9881.32,3,4,1,3,1
24.49,1411,11,26.75,8,6234.06,6209.57,1,3,1,0,3
201.66,951,4,148.06,13,4504.52,4302.86,0,4,0,4,0
151.9,839,8,129.91,19,949.9,798.0,0,4,0,2,3
19.67,1656,9,19.14,13,2718.63,2698.96,1,1,1,4,3
942.44,155,2,675.62,2,7605.7,6663.26,3,4,1,4,1
19.82,444,10,15.92,19,3177.03,3157.21,1,1,1,1,0
118.97,899,9,95.75,4,22827.6,22708.63,2,4,0,3,2
255.84,61,0,227.29,5,13778.88,13523.04,3,0,0,4,0
215.31,117,8,181.14,2,10851.15,10635.84,2,0,0,3,0
276.15,711,4,218.67,11,7189.47,6913.32,0,4,1,1,0
1111.34,38,2,925.45,1,4780.2,3668.86,3,4,0,0,1
2136.15,94,1,1833.44,5,5076.8,2940.65,3,4,0,4,1
251.85,641,5,266.35,21,2526.85,2275.0,2,4,1,3,0
36.4,2311,18,36.87,16,3593.22,3556.82,1,3,1,2,3
271.74,629,5,290.84,0,7656.71,7384.97,0,1,0,4,0
44.28,2220,14,43.27,20,1695.85,1651.57,1,3,1,0,3
24.27,934,16,22.59,20,6712.59,6688.32,1,2,1,3,3
49.09,2220,21,34.88,21,623.13,574.04,1,1,0,0,3
122.57,1009,3,113.41,23,18384.8,18262.23,2,0,1,3,2
19.6,1776,11,17.88,18,5887.36,5867.76,0,3,1,2,3
278.38,892,2,211.59,22,1161.74,883.36,2,4,1,1,0
817.33,50,1,741.2,4,27373.54,26556.21,3,4,1,0,2
23.68,2723,13,17.61,19,7157.9,7134.22,1,3,1,1,3
347.69,954,7,261.96,6,15341.19,14993.5,0,0,2,0,0
155.93,162,5,160.26,15,9634.59,9478.66,0,0,0,4,0
1938.81,115,2,1708.05,2,11717.44,9778.63,3,0,0,0,1
2291.74,163,1,2357.36,3,6830.62,4538.88,2,4,0,1,1
40.39,2444,18,43.95,12,4736.57,4696.18,1,2,1,1,3
35.35,2428,13,36.01,14,2605.16,2569.81,1,2,1,0,3
261.55,248,6,272.15,8,5727.76,5466.21,2,4,0,2,0
17.09,1146,10,12.32,17,3933.26,3916.17,1,3,1,3,3
23.37,2420,14,17.62,14,1236.25,1212.88,1,3,1,0,3
17.28,1150,11,14.99,19,5299.01,5281.73,1,1,1,1,3
34.74,1086,17,25.72,13,3732.89,3698.15,1,2,1,2,3
45.26,1502,13,47.51,9,3185.41,3140.15,1,2,1,1,3
1431.77,72,1,1291.31,3,5959.37,4527.6,2,4,1,0,1
109.32,792,3,83.98,22,702.36,593.04,2,4,1,2,0
437.79,1021,3,460.55,6,8880.92,8443.13,2,1,1,0,0
1406.27,169,1,1007.85,1,7196.94,5790.67,3,0,1,3,1
204.99,750,6,212.84,18,7462.54,7257.55,0,4,2,1,3
150.79,534,3,118.32,19,2215.8,2065.01,0,4,0,2,0
2132.26,60,0,2305.78,4,1897.46,-234.8,3,4,0,2,1
1609.98,171,2,1355.19,5,3411.31,1801.33,3,4,1,2,1
24.61,2305,11,19.38,16,4365.08,4340.47,0,2,1,1,3
1367.46,25,2,1231.31,4,4799.32,3431.86,3,0,0,2,1
56.73,831,6,55.17,9,14212.36,14155.63,2,4,0,1,0
46.42,1217,16,50.28,16,1822.84,1776.42,0,3,1,1,3
116.59,826,4,84.95,12,2307.02,2190.43,2,0,1,0,0
433.72,110,4,390.02,5,3238.17,2804.45,2,4,0,3,1
41.35,1286,15,40.26,9,49577.94,49536.59,1,2,1,0,2
75.57,898,7,59.43,3,12100.63,12025.06,2,0,1,0,0
408.31,26,1,322.71,3,3079.3,2670.99,3,4,0,2,1
529.18,170,0,479.13,3,6059.0,5529.82,3,4,1,0,1
32.73,2687,10,28.96,13,14756.09,14723.36,1,2,1,3,3
17.87,480,11,17.02,21,7180.37,7162.5,0,3,0,1,3
193.04,731,4,183.92,23,7752.42,7559.38,2,0,2,0,0
147.63,208,6,129.51,18,1487.92,1340.29,0,0,0,3,0
129.3,450,2,116.47,18,780.78,651.48,2,1,1,1,0
52.47,467,4,51.8,17,1230.07,1177.6,2,0,2,1,0
6.33,2102,18,6.93,10,1638.37,1632.04,1,3,0,3,3
2064.15,112,3,1476.59,1,9892.3,7828.15,3,4,1,2,1
35.46,2276,12,36.6,21,4157.21,4121.75,1,3,1,4,3
53.78,2440,10,44.34,9,37094.92,37041.14,1,3,1,4,2
32.92,1779,12,32.11,11,5314.85,5281.93,1,1,1,1,3
9.7,866,16,7.46,8,6961.5,6951.8,1,1,0,3,3
146.81,773,6,138.56,19,7350.65,7203.84,0,0,0,3,0
790.04,88,3,565.92,5,4869.19,4079.15,3,4,1,2,1
431.25,827,3,395.58,22,13799.44,13368.19,2,1,1,2,0
164.17,150,4,151.44,1,10801.64,10637.47,2,4,0,1,0
32.32,2573,10,30.48,11,4436.08,4403.76,1,2,0,4,3
72.53,396,13,57.25,0,1898.74,1826.21,2,4,1,3,0
240.17,1085,10,221.79,5,1125.43,885.26,2,0,1,4,0
27.59,1061,10,23.01,12,5027.46,4999.87,1,3,1,2,3
148.62,159,3,131.84,21,4491.9,4343.28,2,1,1,0,0
1213.01,109,0,1058.8,2,5321.05,4108.04,2,0,1,4,1
26.5,712,9,19.04,11,3403.81,3377.31,0,3,1,0,3
135.79,1092,2,100.97,19,9082.34,8946.55,0,4,1,3,0
46.93,2649,9,37.01,21,3398.79,3351.86,1,3,1,3,3
67.46,1860,11,57.05,19,15547.45,15479.99,1,2,1,4,3
65.66,1054,8,64.95,18,2170.71,2105.05,0,1,1,2,3
34.34,1637,10,36.56,14,8279.3,8244.96,1,3,1,2,3
1013.98,38,0,1065.84,1,1060.36,46.38,2,4,1,4,1
905.29,30,1,725.04,1,2655.74,1750.45,2,4,1,0,1
10.49,1685,14,8.7,21,22985.12,22974.63,1,3,0,2,2
306.77,762,9,316.98,4,6606.6,6299.83,2,4,1,2,0
235.81,783,5,246.15,21,2547.44,2311.63,2,4,0,1,0
35.22,1033,13,27.77,16,7744.96,7709.74,1,3,1,1,3
1271.28,158,4,1227.04,5,8527.98,7256.7,3,4,1,4,1
93.05,972,5,66.26,7,1237.31,1144.26,0,1,0,4,0
129.47,564,5,103.84,11,17754.1,17624.63,2,1,1,2,2
20.42,1792,10,20.55,21,3682.33,3661.91,1,3,1,1,3
750.72,100,5,597.03,5,1574.29,823.57,3,4,0,2,1
19.19,1189,12,18.25,18,5373.3,5354.11,0,3,1,1,3
16.7,539,12,18.13,9,9552.07,9535.37,0,2,1,2,3
59.13,813,6,44.44,19,689.75,630.62,0,1,1,0,0
173.88,875,4,137.13,17,1760.41,1586.53,0,0,2,4,0
14.1,2150,7,10.08,11,772.01,757.91,1,2,1,4,3
91.56,2793,16,91.45,15,4815.43,4723.87,1,2,1,4,3
134.02,908,3,138.11,4,1601.15,1467.13,2,4,0,1,0
52.43,1636,12,41.39,12,4189.11,4136.68,1,3,1,1,3
84.14,2653,16,75.63,9,9673.88,9589.74,1,1,1,0,3
14.96,1772,9,12.46,16,11712.21,11697.25,1,3,1,2,3
2304.87,159,1,1671.82,0,6235.24,3930.37,3,4,1,4,1
780.33,167,1,771.72,4,5482.3,4701.97,3,0,1,2,1
35.66,772,5,32.97,8,1421.34,1385.68,1,3,1,1,0
20.54,1880,15,21.91,10,7109.78,7089.24,1,3,1,2,3
41.07,739,12,43.07,11,1550.37,1509.3,1,2,1,1,3
11.09,1352,9,11.61,20,12524.36,12513.27,1,3,0,2,3
160.75,971,5,113.42,4,992.17,831.42,2,0,1,0,0
45.1,1625,9,44.24,21,6813.57,6768.47,1,2,1,3,3
196.17,903,6,208.22,12,3869.61,3673.44,0,4,0,0,0
144.16,599,6,142.49,20,7384.75,7240.59,2,0,1,4,0
626.13,96,3,543.82,0,8429.99,7803.86,3,4,0,4,1
33.81,530,9,31.64,15,8264.37,8230.56,0,1,0,2,0
1679.29,30,0,1218.47,0,1589.64,-89.65,3,4,0,3,1
141.48,790,5,99.06,23,4293.62,4152.14,2,1,1,2,0
191.85,890,6,138.12,3,4976.09,4784.24,0,0,2,4,0
154.48,1066,6,144.51,17,18877.58,18723.1,2,4,1,4,2
766.11,40,3,639.0,0,2661.57,1895.46,3,4,0,2,1
38.59,649,12,38.57,12,8205.26,8166.67,1,1,1,4,3
73.84,647,17,72.77,10,3502.9,3429.06,1,2,1,4,3
49.22,2147,10,45.06,20,590.76,541.54,1,3,1,2,3
11.87,2063,18,11.0,10,2816.07,2804.2,1,2,1,3,3
682.26,20,2,545.77,5,2763.37,2081.11,3,0,0,3,1
25.69,1892,21,27.32,8,551.52,525.83,1,2,1,2,3
1061.55,137,1,844.73,1,39268.07,38206.52,3,4,1,3,2
54.61,1595,17,57.17,19,3209.27,3154.66,1,3,0,1,3
537.66,797,8,534.42,4,17082.54,16544.88,0,0,0,0,2
732.41,100,0,719.71,0,3834.38,3101.97,2,4,0,2,1
33.26,2674,13,29.5,12,4629.98,4596.72,1,3,1,4,3
25.65,679,11,21.46,10,9325.9,9300.25,1,3,1,2,3
19.96,2251,16,16.56,11,10700.7,10680.74,1,3,1,3,3
802.28,176,5,607.26,0,4033.47,3231.19,2,0,0,1,1
100.96,213,7,71.02,16,8314.6,8213.64,2,4,1,0,0
128.38,1028,4,119.76,6,7206.95,7078.57,2,4,2,4,0
332.86,208,6,354.94,6,15060.02,14727.16,2,0,0,4,0
114.16,889,8,81.06,21,6218.18,6104.02,0,0,1,4,3
15.53,2479,12,16.77,12,10285.92,10270.39,1,3,1,4,3
289.55,948,3,299.8,3,13944.05,13654.5,0,4,2,3,0
1057.69,42,2,947.57,1,1843.62,785.93,3,0,0,4,1
22.6,2791,15,19.06,21,9631.51,9608.91,1,3,0,4,3
72.16,1927,17,78.72,12,2328.19,2256.03,1,1,1,1,3
1358.17,164,2,1264.05,2,2639.43,1281.26,3,4,0,0,1
1005.95,58,5,987.92,0,3159.32,2153.37,3,4,0,0,1
284.41,442,5,242.29,0,2039.45,1755.04,2,0,0,4,0
1007.89,106,1,914.72,2,7350.74,6342.85,3,4,1,3,1
190.29,472,7,166.54,15,2656.3,2466.01,2,0,2,4,0
21.75,1561,11,23.56,18,4024.6,4002.85,1,3,1,4,3
823.81,31,3,873.89,3,35599.66,34775.85,3,0,0,2,2
210.7,144,7,222.02,11,3285.05,3074.35,2,0,2,3,0
269.85,175,4,207.2,16,10704.52,10434.67,0,0,1,1,0
26.8,2950,15,26.78,21,16048.15,16021.35,1,3,1,0,3
1233.86,65,1,1071.03,1,4929.51,3695.65,3,4,1,4,1
128.12,325,4,110.43,19,3158.65,3030.53,2,0,1,3,0
980.58,106,1,737.01,2,1770.57,789.99,3,4,0,0,1
46.68,1742,6,42.92,10,2956.72,2910.04,1,2,1,2,3
14.29,2176,10,14.46,17,1304.92,1290.63,1,3,1,3,3
32.27,2647,14,29.37,16,5568.61,5536.34,1,2,0,4,3
491.93,40,3,528.3,3,3481.25,2989.32,3,0,1,2,1
767.68,92,3,587.36,4,6733.56,5965.88,3,4,0,3,1
30.74,526,16,26.61,10,5031.17,5000.43,1,2,1,4,3
233.39,927,4,218.32,14,10485.39,10252.0,2,0,0,3,0
113.08,609,4,104.13,11,2575.78,2462.7,2,0,0,4,0
35.08,741,15,37.55,9,1417.4,1382.32,0,3,1,1,3
690.82,480,3,720.2,20,1098.24,407.42,2,0,2,4,0
2253.54,136,3,1928.4,5,6498.75,4245.21,2,0,0,3,1
242.28,104,4,240.75,0,2292.44,2050.16,2,0,0,3,0
406.12,1148,4,302.23,0,4552.37,4146.25,0,4,1,3,0
802.35,10,1,569.61,1,3945.81,3143.46,3,4,0,2,1
52.71,2995,13,52.66,12,2701.93,2649.22,1,1,1,4,3
965.71,99,3,1061.19,0,19034.23,18068.52,2,0,1,2,1
20.43,2538,10,16.63,9,2584.2,2563.77,0,3,1,1,3
309.1,154,2,300.78,2,8860.06,8550.96,2,0,0,0,0
40.35,2073,9,41.39,8,7527.83,7487.48,1,1,1,0,3
24.08,1259,12,25.67,18,16148.5,16124.42,1,2,1,4,2
25.59,2696,11,24.96,17,1762.53,1736.94,1,2,0,4,3
26.14,2939,11,20.2,18,5813.04,5786.9,1,3,1,4,3
60.6,1558,7,58.0,14,3839.73,3779.13,1,3,0,0,3
189.53,621,6,152.93,1,3764.79,3575.26,0,4,0,4,0
24.0,2306,6,19.17,10,4421.51,4397.51,1,3,1,2,3
129.69,770,1,123.51,13,11951.41,11821.72,0,0,1,4,0
21.64,2780,14,22.17,18,4882.98,4861.34,0,1,1,4,3
40.86,1800,9,39.39,17,11653.64,11612.78,1,2,1,3,3
325.38,862,7,326.12,10,1066.79,741.41,2,0,1,2,0
17.78,2016,10,13.3,8,13933.54,13915.76,1,3,1,2,3
21.98,751,17,15.45,18,6285.39,6263.41,1,3,1,0,3
126.99,856,3,95.08,3,8445.28,8318.29,0,4,2,4,0
28.21,959,15,23.16,9,2911.04,2882.83,1,3,1,4,3
25.88,1258,17,23.36,9,2555.81,2529.93,0,2,1,0,3
12.29,388,10,12.61,9,5359.02,5346.73,0,1,0,4,0
50.9,2871,7,41.88,12,16201.88,16150.98,1,1,0,4,2
33.59,698,8,32.37,11,2567.13,2533.54,1,2,1,2,0
52.84,2934,12,48.54,16,3656.29,3603.45,1,2,0,3,3
15.19,1403,18,10.92,14,7834.42,7819.23,1,2,1,0,3
198.99,533,7,204.33,22,8779.13,8580.14,0,4,1,3,3
134.31,285,9,122.27,18,10989.76,10855.45,2,1,0,3,0
252.54,377,2,218.97,10,14688.89,14436.35,2,0,1,1,0
151.55,581,1,125.68,5,11996.73,11845.18,0,0,0,1,0
26.64,2098,11,20.4,10,4520.44,4493.8,1,2,0,1,3
64.91,849,8,66.91,11,10681.18,10616.27,0,2,1,2,0
29.4,1920,18,29.65,21,6136.95,6107.55,1,3,1,3,3
12.64,1429,15,9.99,20,1573.43,1560.79,1,1,1,4,3
30.48,2821,8,31.98,10,35426.83,35396.35,1,3,1,4,2
144.46,258,6,113.71,21,5828.01,5683.55,0,1,2,1,0
589.21,1033,5,443.3,11,4701.83,4112.62,2,1,1,3,0
741.48,71,0,664.78,4,8727.61,7986.13,3,4,0,0,1
182.52,895,3,133.19,5,1441.53,1259.01,2,4,0,0,0
45.81,2036,10,40.26,15,16863.36,16817.55,1,3,1,0,2
520.54,1171,7,401.39,5,27503.86,26983.32,2,0,1,1,2
110.82,912,2,96.35,9,1788.66,1677.84,2,0,1,1,0
23.52,882,10,17.37,19,34288.02,34264.5,1,3,1,2,2
36.39,1046,9,37.01,21,24535.18,24498.79,1,2,1,0,2
60.15,423,8,62.34,14,4546.95,4486.8,1,3,1,3,0
28.76,705,8,31.24,9,4748.02,4719.26,1,3,1,1,0
1116.91,59,3,858.34,2,14645.12,13528.21,3,4,0,3,1
1003.06,129,1,870.37,4,12938.83,11935.77,3,4,0,4,1
28.08,2901,9,20.34,20,3749.6,3721.52,1,3,1,2,3
32.83,751,8,35.94,18,2476.96,2444.13,0,1,1,3,3
43.77,1554,15,34.68,8,1209.06,1165.29,1,1,1,0,3
42.17,2548,5,38.79,14,2232.16,2189.99,0,2,0,4,3
293.34,915,5,222.6,19,5353.52,5060.18,2,4,2,1,0
853.05,166,2,908.51,2,5251.13,4398.08,3,4,1,1,1
339.92,1022,5,250.64,7,4965.84,4625.92,2,0,2,3,0
259.77,201,4,195.06,23,6480.12,6220.35,2,4,1,3,0
44.15,2299,16,35.93,19,6422.03,6377.88,1,3,0,2,3
2436.9,119,5,2655.44,5,5038.28,2601.38,3,4,0,2,1
33.1,511,6,23.7,23,3468.38,3435.28,2,1,0,4,0
136.39,681,2,127.6,23,6990.68,6854.29,2,4,0,3,0
89.21,318,9,94.36,6,7034.4,6945.19,2,4,0,0,0
1272.57,24,0,1143.0,1,12435.49,11162.92,3,4,1,2,1
141.74,488,1,149.88,19,1063.77,922.03,2,0,1,3,0
135.69,129,1,137.89,19,15560.74,15425.05,2,4,1,2,0
643.84,23,1,560.68,5,7443.1,6799.26,2,0,1,4,0
67.73,409,6,62.83,6,37824.78,37757.05,2,4,0,1,2
197.9,1034,7,216.14,1,3573.12,3375.22,0,4,1,0,0
78.08,1285,8,68.9,11,6372.16,6294.08,1,1,1,4,0
38.49,2956,15,32.54,9,1631.9,1593.41,1,2,1,1,3
1496.92,66,3,1390.64,4,22266.67,20769.75,3,4,0,4,1
176.36,101,5,168.11,2,29437.38,29261.02,0,4,1,1,2
39.85,1285,19,28.83,20,2718.55,2678.7,0,3,1,4,3
29.97,1655,17,24.84,12,6123.19,6093.22,1,3,1,4,3
761.92,179,1,634.12,0,8641.36,7879.44,2,4,0,2,1
2262.87,118,3,1971.97,3,5731.78,3468.91,3,4,0,2,1
29.42,1160,14,22.58,18,3605.37,3575.95,0,3,1,2,3
36.85,1240,12,26.13,16,5971.23,5934.38,1,3,1,1,3
18.09,1409,11,13.91,13,1864.69,1846.6,1,1,1,3,3
798.46,174,4,843.31,5,2863.27,2064.81,3,4,1,0,1
325.52,161,2,331.54,0,3672.11,3346.59,3,0,0,0,1
54.5,1523,10,40.16,19,5892.47,5837.97,1,1,1,4,3
11.0,2224,13,11.47,20,8440.95,8429.95,1,3,1,2,3
34.83,2044,14,29.03,19,7520.34,7485.51,1,1,1,1,3
146.83,391,5,158.55,12,11124.58,10977.75,0,0,0,0,0
47.87,614,14,44.25,13,6537.32,6489.45,1,1,1,2,3
192.52,512,5,198.0,0,4238.56,4046.04,2,4,0,0,0
1462.44,40,4,1561.31,2,2465.74,1003.3,3,0,0,1,1
127.24,535,8,139.78,4,10382.7,10255.46,2,0,2,2,0
1257.23,177,3,1346.44,4,11455.65,10198.42,3,0,0,4,1
21.24,542,15,15.47,18,2644.94,2623.7,1,1,1,0,3
59.17,719,15,45.95,14,2401.46,2342.29,0,2,1,0,3
1132.23,73,1,878.9,2,3719.47,2587.24,3,0,0,0,1
17.66,747,18,13.15,20,6786.13,6768.47,1,2,0,1,3
23.99,2365,10,24.53,17,913.55,889.56,1,3,1,4,3
16.6,2856,15,18.01,15,3812.22,3795.62,1,3,1,3,3
42.41,885,15,43.73,18,5116.77,5074.36,0,3,1,4,3
154.38,394,5,127.38,15,7776.32,7621.94,0,4,0,4,0
424.68,259,6,356.99,4,2404.83,1980.15,2,4,0,0,0
61.29,543,10,54.57,13,8408.62,8347.33,1,2,1,1,0
929.51,68,0,943.59,2,6963.29,6033.78,3,4,1,3,1
81.51,657,4,84.37,14,8185.85,8104.34,0,4,2,3,0
264.45,1147,6,205.41,8,1613.79,1349.34,2,0,1,1,0
985.36,41,2,787.58,4,5547.67,4562.31,2,4,0,4,1
1230.15,60,1,1340.52,4,7616.0,6385.85,3,4,1,2,1
17.96,583,14,14.53,20,30116.3,30098.34,1,3,1,1,2
482.33,214,3,482.62,6,9283.17,8800.84,0,1,0,0,0
122.68,1029,5,114.46,7,9470.61,9347.93,0,0,0,1,0
140.91,903,7,110.62,11,7252.08,7111.17,2,0,1,4,0
24.86,2792,13,24.71,14,4173.25,4148.39,0,2,1,3,3
189.95,386,3,150.36,18,1916.99,1727.04,2,1,1,3,0
26.27,1690,12,21.27,17,7760.0,7733.73,1,3,1,2,3
711.83,9,3,642.66,2,13105.26,12393.43,2,4,0,4,1
40.87,2834,11,40.8,19,4537.33,4496.46,1,1,1,0,3
40.49,1972,14,28.69,18,20778.64,20738.15,0,2,1,3,2
37.49,1613,23,31.91,8,4958.08,4920.59,1,3,0,2,3
107.3,170,3,86.48,16,2917.89,2810.59,2,4,1,3,0
813.45,45,1,749.49,1,53736.0,52922.55,3,4,0,2,2
11.67,404,17,10.07,20,7438.39,7426.72,0,3,0,3,3
679.59,66,1,491.77,5,3518.61,2839.02,3,4,0,2,1
312.49,342,3,267.88,19,4213.2,3900.71,0,0,1,1,0
194.95,1107,7,155.34,1,3477.45,3282.5,2,0,2,0,0
52.54,2043,14,49.59,14,6832.91,6780.37,1,3,1,2,3
35.14,381,14,26.52,8,6358.42,6323.28,1,1,0,2,0
116.8,1062,8,97.62,8,2328.71,2211.91,2,1,2,1,0
48.76,1307,15,47.88,19,14171.13,14122.37,0,2,1,0,3
92.49,370,5,72.0,6,7904.05,7811.56,2,0,2,0,0
50.92,2862,11,51.36,10,3927.6,3876.68,1,1,1,2,3
211.44,1106,2,182.34,10,4274.24,4062.8,2,4,1,0,0
587.8,48,1,434.34,3,3871.4,3283.6,3,0,1,1,1
1762.89,1,1,1324.12,4,14817.38,13054.49,3,0,0,4,1
189.48,1114,4,197.95,21,2633.99,2444.51,2,0,1,2,0
179.38,633,4,170.94,17,6622.66,6443.28,2,0,2,1,0
123.72,1163,4,118.26,22,4346.29,4222.57,2,4,1,0,0
150.5,545,3,152.78,20,13992.08,13841.58,2,0,0,3,0
12.42,2676,13,11.13,11,610.67,598.25,1,2,1,4,3
32.15,2186,21,28.37,14,3029.02,2996.87,0,2,1,0,3
16.57,2285,13,17.16,13,2380.5,2363.93,1,2,1,0,3
190.73,252,9,148.37,11,5937.11,5746.38,0,1,1,1,0
33.32,677,9,28.4,16,4524.55,4491.23,1,2,1,4,0
17.23,1388,13,13.13,8,4339.66,4322.43,1,3,1,0,3
119.81,176,3,91.33,9,7151.64,7031.83,2,4,2,1,0
658.25,51,1,530.19,1,3151.38,2493.13,2,4,0,1,1
31.11,2425,0,29.94,9,9233.39,9202.28,1,3,1,3,0
32.9,2279,12,31.57,19,4858.14,4825.24,1,2,1,3,3
858.22,109,3,898.39,5,3185.95,2327.73,3,0,1,4,1
23.18,1048,9,20.47,13,9944.82,9921.64,1,1,1,4,0
28.2,517,14,28.64,13,27155.41,27127.21,1,3,0,2,2
1170.22,71,2,839.49,3,1963.37,793.15,3,0,0,2,1
21.35,2766,9,15.73,17,3822.46,3801.11,0,1,1,2,3
1205.06,9,2,1134.85,1,4831.62,3626.56,3,0,0,1,1
1750.56,110,1,1442.49,3,2227.86,477.3,3,4,0,2,1
243.61,819,4,220.11,5,3890.95,3647.34,2,0,0,0,0
80.9,1099,7,72.9,16,44252.01,44171.11,2,1,1,1,2
46.24,1363,9,48.28,19,4828.8,4782.56,1,3,1,3,3
20.31,2821,7,20.81,12,5775.31,5755.0,1,2,1,3,3
509.81,1174,4,535.09,10,2156.64,1646.83,2,0,0,3,0
1135.15,75,3,1197.38,3,1862.81,727.66,3,4,0,4,1
79.07,865,7,76.19,12,2914.19,2835.12,2,1,0,0,0
275.2,590,2,262.41,22,7171.92,6896.72,2,0,1,4,0
13.53,1686,10,11.52,9,4194.53,4181.0,1,1,1,1,3
72.69,777,7,77.49,11,1601.39,1528.7,2,1,1,1,0
434.57,386,4,418.5,17,8245.73,7811.16,2,4,2,2,0
157.54,268,9,127.28,21,9773.82,9616.28,2,4,2,3,0
693.3,56,0,694.43,0,16682.84,15989.54,2,4,0,0,1
24.93,2296,14,17.8,21,3552.78,3527.85,1,1,1,2,3
32.32,1647,13,27.6,21,9497.94,9465.62,1,2,1,3,3
39.57,763,5,39.45,11,9810.95,9771.38,2,0,2,1,0
372.8,461,10,284.78,14,4166.09,3793.29,2,0,1,2,0
35.5,2776,13,32.34,17,11923.64,11888.14,1,3,1,1,3
162.09,1066,14,139.03,7,1427.24,1265.15,2,4,1,3,3
48.05,1182,18,35.84,18,5236.82,5188.77,0,3,1,2,3
539.09,6,0,421.66,5,1514.92,975.83,3,0,1,3,1
13.56,2572,9,10.81,12,7029.98,7016.42,1,1,1,3,3
34.94,794,11,36.98,11,1795.4,1760.46,0,3,1,4,3
90.24,309,4,96.79,14,4568.43,4478.19,0,1,1,3,0
20.68,519,16,20.21,9,2794.91,2774.23,1,2,1,0,3
43.84,2065,6,47.15,21,6783.62,6739.78,1,2,1,4,3
371.77,30,3,271.49,5,6582.82,6211.05,3,0,0,2,0
238.26,760,2,180.23,5,3239.13,3000.87,2,1,1,2,0
1119.13,36,1,818.27,3,8808.22,7689.09,2,4,1,2,1
662.4,148,2,634.36,2,1837.12,1174.72,2,4,0,0,1
677.31,19,1,673.31,1,12207.98,11530.67,3,0,0,0,1
193.87,985,2,212.59,11,6310.56,6116.69,2,1,1,3,0
31.08,1181,12,23.18,12,18778.46,18747.38,1,1,1,2,2
15.89,1971,10,16.52,18,4539.75,4523.86,1,2,1,1,3
42.73,2185,11,35.96,19,6627.16,6584.43,1,1,1,2,3
26.74,2910,10,21.41,16,7162.42,7135.68,1,3,1,3,3
202.06,881,2,198.79,12,2343.71,2141.65,2,1,0,3,0
384.24,778,5,374.3,16,6805.76,6421.52,2,1,1,0,0
61.34,978,6,49.7,5,10567.64,10506.3,0,0,1,0,0
25.24,2911,11,25.79,8,2218.26,2193.02,1,2,1,1,3
93.35,2370,10,94.99,18,5163.33,5069.98,1,1,1,4,3
836.74,64,0,616.2,0,2089.72,1252.98,3,4,0,4,1
171.74,694,6,141.38,14,2063.45,1891.71,0,4,0,0,0
28.04,1006,10,20.42,9,7905.17,7877.13,1,2,1,3,3
25.06,2691,13,19.35,18,5290.27,5265.21,1,3,1,2,3
19.9,1191,11,16.82,11,868.96,849.06,1,2,1,2,3
28.65,2381,10,23.1,17,13025.32,12996.67,1,1,1,4,3
28.9,503,9,22.26,15,3743.48,3714.58,1,3,1,4,0
42.24,2467,11,45.13,9,2764.42,2722.18,1,3,0,1,3
720.2,78,0,615.39,3,3931.96,3211.76,3,4,1,4,1
23.56,2110,14,21.62,9,528.12,504.56,1,2,1,3,3
558.08,23,2,540.12,1,3107.26,2549.18,3,0,0,4,1
433.63,32,3,315.61,4,818.6,384.97,2,4,0,0,1
301.14,845,4,289.15,13,2887.14,2586.0,2,0,1,3,0
195.86,1137,6,177.8,11,13770.51,13574.65,0,1,1,0,0
142.05,1149,10,149.49,16,3781.23,3639.18,0,4,1,4,3
494.75,1106,1,503.52,12,4419.44,3924.69,0,4,1,0,0
89.76,413,4,70.77,7,2227.11,2137.35,2,4,2,2,0
252.02,829,5,214.19,16,7898.38,7646.36,2,4,1,3,0
58.26,1606,8,61.82,20,6767.47,6709.21,1,3,1,1,3
150.15,325,2,135.72,3,64672.45,64522.3,0,1,0,2,2
33.15,1166,8,31.72,19,16380.1,16346.95,1,3,1,3,2
279.19,1018,3,251.56,1,1169.71,890.52,2,0,0,2,0
30.16,2020,8,22.95,20,2946.5,2916.34,1,2,1,3,3
382.33,114,1,394.76,2,796.0,413.67,3,4,1,2,1
23.68,455,9,22.91,16,3231.49,3207.81,1,2,1,3,0
17.95,1608,13,13.72,17,2864.13,2846.18,0,2,1,1,3
744.44,87,1,770.15,0,2893.07,2148.63,2,0,1,1,1
192.88,927,4,206.3,6,2452.53,2259.65,2,4,1,3,0
314.9,497,2,225.87,18,6134.79,5819.89,2,0,0,3,0
87.95,848,13,68.54,17,16382.81,16294.86,1,2,1,3,2
113.49,874,8,100.49,5,2757.36,2643.87,2,1,0,2,0
24.05,1671,14,22.29,13,3446.27,3422.22,0,1,0,2,3
263.54,411,3,185.92,23,2789.13,2525.59,2,4,1,1,0
38.09,2825,13,39.67,13,3363.87,3325.78,1,3,1,0,3
35.17,2966,12,30.14,21,3930.22,3895.05,1,1,1,0,3
181.68,506,5,128.91,16,2726.67,2544.99,0,1,1,0,0
46.76,2911,14,38.12,12,4382.03,4335.27,1,3,1,2,3
51.05,468,13,54.29,9,978.66,927.61,1,1,1,0,0
204.87,958,8,158.8,13,2243.63,2038.76,2,4,1,1,0
42.26,1746,10,31.85,9,5155.38,5113.12,1,1,1,0,3
194.15,768,4,208.01,10,4027.57,3833.42,2,0,0,1,0
21.45,683,15,22.87,20,3258.28,3236.83,1,3,0,4,3
673.19,717,8,660.07,20,2365.84,1692.65,2,4,1,4,0
94.6,1021,14,92.92,18,21048.16,20953.56,2,4,1,0,2
33.9,2539,14,33.61,14,3141.02,3107.12,1,2,1,4,3
44.74,1142,11,45.32,15,2796.11,2751.37,1,3,1,1,3
28.71,2344,12,21.42,12,6374.29,6345.58,1,2,1,2,3
63.85,155,7,61.75,14,4052.3,3988.45,0,0,1,0,0
28.99,694,9,30.61,18,9560.06,9531.07,1,2,1,4,3
44.37,907,15,31.29,9,12030.34,11985.97,1,2,1,3,3
81.99,898,13,65.32,8,6433.63,6351.64,1,1,1,3,3
14.17,2632,13,15.38,10,5857.74,5843.57,1,2,1,2,3
252.91,559,5,224.96,20,8208.66,7955.75,2,0,1,3,0
52.72,1899,11,52.73,8,3333.41,3280.69,1,1,1,0,3
1018.01,171,0,743.21,1,4794.32,3776.31,2,0,1,4,1
108.79,1165,5,89.3,4,2478.41,2369.62,2,4,0,3,0
1066.02,8,0,751.16,1,4673.41,3607.39,3,4,1,2,1
23.73,639,10,23.06,13,866.86,843.13,1,1,1,2,0
65.16,737,18,63.49,9,4343.21,4278.05,1,3,1,0,3
88.45,239,1,88.6,21,4598.73,4510.28,2,1,0,0,0
26.01,693,14,23.25,21,3088.99,3062.98,1,3,1,0,3
29.7,2515,14,22.83,20,8249.1,8219.4,1,2,0,1,3
122.59,133,5,133.86,1,5623.01,5500.42,0,4,1,1,0
695.63,39,0,564.12,0,6961.84,6266.21,3,0,0,3,1
380.58,1163,2,279.8,13,859.81,479.23,2,1,1,1,0
55.35,1172,14,56.02,16,9001.63,8946.28,0,3,1,3,3
20.19,2624,9,20.71,19,14996.84,14976.65,1,3,0,4,3
25.62,2505,14,19.81,20,2315.88,2290.26,1,3,0,1,3
1581.9,102,0,1393.9,5,2648.35,1066.45,2,4,1,4,1
23.64,974,14,22.07,14,4586.43,4562.79,0,2,1,1,3
194.55,554,6,167.53,6,40596.09,40401.54,2,0,2,4,2
22.49,980,13,24.12,14,414.94,392.45,1,2,1,4,3
18.66,1719,14,15.26,12,2349.08,2330.42,1,3,1,3,3
263.68,936,7,282.21,19,4000.27,3736.59,2,0,1,3,0
166.1,1145,4,153.74,10,19527.07,19360.97,2,1,1,1,2
20.99,1546,12,15.94,14,4553.25,4532.26,1,1,1,2,3
754.56,126,0,752.87,2,8287.57,7533.01,3,4,0,2,1
18.1,1179,15,13.88,18,5783.93,5765.83,1,2,1,4,3
107.64,126,9,76.77,20,1902.84,1795.2,2,4,1,3,0
35.72,1590,16,36.08,18,3251.52,3215.8,1,3,1,3,3
115.38,736,4,113.34,10,2880.46,2765.08,2,0,0,2,0
32.02,1877,13,25.66,10,511.33,479.31,0,2,1,1,3
108.33,1945,16,87.02,9,2325.85,2217.52,1,3,0,3,3
35.25,2434,10,35.68,15,15861.74,15826.49,1,3,0,1,3
21.27,1389,8,16.55,10,8314.47,8293.2,1,3,0,3,3
66.91,957,1,58.07,12,12731.92,12665.01,2,1,0,4,0
209.05,311,7,196.86,10,2777.32,2568.27,2,1,0,0,0
118.03,158,9,108.32,12,9063.5,8945.47,2,1,1,3,0
33.05,2013,10,32.88,12,5114.57,5081.52,1,3,1,3,3
13.37,850,11,12.58,13,8491.58,8478.21,1,1,1,0,0
537.46,113,2,463.01,5,6036.14,5498.68,3,4,0,4,1
812.57,36,1,766.59,2,29465.76,28653.19,2,0,0,4,2
14.71,897,8,14.12,20,2915.95,2901.24,1,3,1,2,3
227.96,828,3,236.47,2,12820.62,12592.66,2,1,1,3,0
23.9,2545,15,25.68,17,10930.08,10906.18,1,3,1,2,3
30.63,527,15,22.06,20,5313.87,5283.24,1,3,1,2,3
431.26,145,4,338.25,2,4069.94,3638.68,3,0,0,3,1
38.35,2227,7,28.43,12,7099.18,7060.83,1,3,1,1,3
293.02,278,3,229.8,17,6669.79,6376.77,2,0,0,2,0
578.51,30,2,460.38,0,3089.12,2510.61,2,4,0,4,1
21.43,2879,20,22.16,12,8912.02,8890.59,1,1,1,0,3
136.05,567,2,99.28,22,1325.85,1189.8,2,0,1,2,0
174.27,719,9,190.29,8,8964.33,8790.06,0,0,1,2,0
122.62,736,5,114.41,6,1287.98,1165.36,2,0,0,2,0
761.65,133,2,580.14,5,2673.16,1911.51,3,4,0,2,1
94.3,517,4,99.97,9,2098.18,2003.88,2,4,1,0,0
276.27,1100,9,231.66,17,2852.4,2576.13,2,0,1,0,0
21.03,2217,13,16.8,10,6008.78,5987.75,1,1,1,3,3
19.66,1517,13,14.92,21,15951.99,15932.33,0,3,1,1,3
949.08,19,0,667.19,4,5803.69,4854.61,3,4,0,2,1
38.09,400,10,29.67,19,5610.43,5572.34,1,3,1,1,0
38.18,2079,13,40.09,16,3290.46,3252.28,1,3,1,1,3
207.31,266,5,175.48,23,2553.47,2346.16,2,1,1,0,0
75.06,759,9,63.2,5,3831.66,3756.6,2,1,1,4,0
61.53,2803,11,48.68,13,8613.01,8551.48,1,3,1,3,3
117.97,1052,4,102.0,12,13635.59,13517.62,2,0,1,0,0
25.38,2984,5,23.14,15,8714.08,8688.7,1,3,1,3,3
269.87,672,7,224.64,0,2775.64,2505.77,2,0,0,1,0
1979.35,135,1,1574.29,3,2974.82,995.47,3,4,0,2,1
131.07,694,4,131.87,6,4465.68,4334.61,0,4,1,2,0
68.88,481,13,71.72,16,2898.19,2829.31,1,3,1,0,3
507.06,768,6,507.19,10,1365.91,858.85,2,0,0,4,0
213.88,1160,5,216.23,19,11707.71,11493.83,0,0,0,3,0
442.44,170,1,387.45,5,9170.98,8728.54,2,4,1,3,0
31.36,1906,13,29.21,20,11625.38,11594.02,1,3,1,2,3
30.12,2537,16,23.66,14,9240.51,9210.39,1,3,1,1,3
2371.6,23,0,1998.87,0,3508.37,1136.77,2,0,1,4,1
100.87,767,5,109.3,17,1492.45,1391.58,2,0,1,3,0
58.5,1310,10,56.16,15,8957.66,8899.16,1,3,1,3,3
17.3,2293,14,17.72,9,6579.87,6562.57,1,3,1,3,3
39.79,1232,13,29.39,8,712.04,672.25,1,3,1,0,3
22.38,1293,17,19.48,13,3156.43,3134.05,0,3,1,1,3
20.61,896,6,15.48,8,8191.24,8170.63,1,3,1,2,0
976.85,148,1,865.94,1,12862.85,11886.0,3,0,0,0,1
41.9,2978,10,41.34,17,8431.06,8389.16,1,2,1,0,3
750.75,58,1,686.22,4,7561.3,6810.55,3,0,1,2,1
24.59,2415,6,20.6,13,6287.74,6263.15,1,2,1,2,3
434.71,332,7,444.74,12,1137.18,702.47,2,4,2,0,0
38.78,1238,16,35.29,10,3319.24,3280.46,1,2,1,1,3
130.6,279,5,121.37,4,8621.34,8490.74,2,1,1,1,0
41.31,1787,10,32.93,18,8777.2,8735.89,1,2,1,2,3
20.97,1096,15,16.57,20,2457.54,2436.57,1,1,1,0,3
763.89,313,6,609.99,22,9748.77,8984.88,2,1,1,1,0
50.7,1534,21,53.71,17,3234.57,3183.87,1,3,1,2,3
360.7,1188,0,266.71,2,12372.32,12011.62,2,4,0,4,0
42.25,627,7,39.5,18,8159.32,8117.07,0,4,0,3,3
37.17,1614,12,40.56,12,5871.55,5834.38,1,1,1,4,3
128.57,564,8,121.24,11,27191.12,27062.55,2,0,2,3,2
686.9,20,1,726.4,0,7914.83,7227.93,3,4,0,2,1
159.79,1080,7,129.5,23,5093.02,4933.23,0,0,0,3,0
104.02,630,14,80.85,12,838.83,734.81,1,3,1,4,3
97.31,452,8,99.19,18,3758.19,3660.88,1,2,0,4,0
144.18,675,4,141.55,9,2947.86,2803.68,2,4,1,0,0
36.31,1719,14,29.17,17,18378.25,18341.94,0,3,0,4,2
33.76,1877,10,35.4,19,4749.95,4716.19,1,2,1,4,3
286.58,1051,0,254.45,14,6027.1,5740.52,0,0,2,3,0
44.16,1762,13,39.82,12,6715.88,6671.72,1,3,1,2,3
46.99,1229,14,41.29,16,10383.48,10336.49,0,1,1,1,3
658.61,599,3,510.59,19,13655.59,12996.98,2,4,0,4,0
58.98,644,15,49.35,18,5826.94,5767.96,1,3,0,1,3
297.58,573,7,303.84,3,2853.32,2555.74,2,0,0,4,0
214.01,302,5,197.59,11,3464.0,3249.99,2,0,1,4,0
34.06,2885,16,28.41,21,1257.51,1223.45,1,1,1,3,3
60.82,1656,12,56.13,8,3159.97,3099.15,1,2,1,0,3
127.56,724,1,105.3,18,13584.93,13457.37,0,4,0,2,0
83.35,179,7,62.09,14,4795.78,4712.43,0,0,2,3,0
138.06,739,8,121.91,7,20760.43,20622.37,2,1,0,3,2
49.06,570,14,36.11,9,16810.54,16761.48,1,1,1,4,2
81.22,2037,16,76.33,8,4218.83,4137.61,0,3,1,1,3
349.23,168,3,294.13,1,4264.98,3915.75,2,1,2,0,0
79.12,953,2,60.67,19,5252.8,5173.68,2,0,0,4,0
935.51,170,2,856.49,4,4504.32,3568.81,2,0,0,2,1
50.82,831,9,41.82,13,4951.29,4900.47,1,2,1,0,0
132.2,560,2,135.72,11,1539.07,1406.87,0,0,0,4,0
852.67,132,1,669.34,5,2727.76,1875.09,2,0,1,0,1
932.52,37,3,896.4,2,4625.95,3693.43,3,0,1,3,1
39.07,680,3,31.69,7,1002.11,963.04,2,4,0,3,0
192.2,105,3,161.23,0,2540.73,2348.53,3,0,0,2,0
26.89,2117,14,24.08,12,3928.28,3901.39,1,3,1,0,3
7.34,1857,15,7.18,18,5234.75,5227.41,1,2,0,3,3
20.91,894,10,14.95,20,6276.74,6255.83,1,1,1,1,3
30.21,860,10,27.9,10,3684.97,3654.76,0,2,1,1,3
145.55,920,8,120.94,23,3529.78,3384.23,2,4,1,4,3
30.64,2981,14,23.7,20,6783.98,6753.34,1,2,1,4,3
29.18,2477,16,28.01,11,3624.76,3595.58,1,3,0,1,3
11.14,1745,23,11.6,13,6487.13,6475.99,1,3,1,4,3
471.61,50,2,362.8,3,4396.9,3925.29,3,4,0,4,1
20.47,1976,9,17.68,9,1166.06,1145.59,0,3,0,3,3
39.04,2074,14,31.63,13,6657.19,6618.15,1,3,0,2,3
18.09,1138,16,14.44,16,7936.77,7918.68,1,2,1,3,3
313.89,339,7,269.4,14,4719.07,4405.18,2,4,1,4,0
196.38,608,7,215.95,10,1039.33,842.95,2,1,0,1,0
24.03,371,11,25.86,16,4056.79,4032.76,1,1,1,4,0
52.39,1789,12,46.37,19,3000.71,2948.32,1,3,1,2,3
33.77,2606,24,24.75,10,2624.51,2590.74,1,3,1,3,3
24.86,1782,6,18.03,14,9316.27,9291.41,1,2,1,1,3
132.3,912,5,131.93,0,3166.6,3034.3,2,4,0,2,0
160.51,1153,5,168.67,5,7677.6,7517.09,2,1,0,1,0
331.09,170,4,284.32,3,2675.11,2344.02,2,0,1,3,0
40.03,2592,13,34.55,21,3906.37,3866.34,1,3,1,4,3
754.35,156,2,643.21,1,7329.01,6574.66,3,4,0,1,1
15.3,548,15,13.74,18,3384.41,3369.11,0,2,1,3,3
2944.1,25,4,2249.83,5,2492.17,-451.93,3,0,1,0,1
90.07,1526,18,98.02,20,10983.21,10893.14,0,3,1,2,3
1050.24,7,3,1154.33,3,14792.57,13742.33,3,4,0,3,1
1047.78,163,1,824.39,4,11038.6,9990.82,3,0,1,2,1
263.07,1188,4,198.6,3,951.59,688.52,2,4,0,0,0
570.01,26,3,445.81,2,11364.21,10794.2,3,4,1,2,1
35.06,1831,7,25.03,20,3596.32,3561.26,0,2,1,2,3
179.4,694,3,177.31,22,7481.56,7302.16,0,4,1,2,0
183.33,1149,4,161.41,8,5313.53,5130.2,2,0,0,0,0
38.72,2420,14,42.46,18,8135.48,8096.76,1,3,1,1,3
18.35,2825,9,15.45,18,7288.05,7269.7,1,2,1,2,3
744.66,51,2,656.43,5,3330.33,2585.67,3,4,1,4,1
13.59,612,12,11.1,19,6715.22,6701.63,1,3,1,2,3
43.7,2682,10,44.62,20,10292.39,10248.69,1,3,1,4,3
70.36,2335,20,65.81,21,2762.2,2691.84,1,3,1,2,3
184.31,955,0,141.92,19,2118.42,1934.11,2,0,0,1,0
34.56,871,8,29.14,12,1254.62,1220.06,1,3,1,0,0
1575.57,93,2,1551.4,1,3357.08,1781.51,3,4,0,3,1
82.7,1090,9,59.35,16,2599.7,2517.0,1,2,1,1,3
21.34,2953,11,17.22,18,5396.18,5374.84,1,3,1,4,3
381.27,712,5,307.12,4,14607.64,14226.37,2,4,1,1,0
76.11,1191,5,67.49,5,2454.67,2378.56,2,0,0,0,0
212.35,641,9,209.85,7,3804.88,3592.53,2,0,0,4,0
32.84,1654,18,25.57,15,2065.37,2032.53,0,2,1,4,3
622.22,352,3,678.24,12,4227.32,3605.1,2,0,1,1,0
32.1,2870,13,26.78,16,7822.26,7790.16,1,2,0,4,3
58.9,1879,17,42.01,9,6193.47,6134.57,1,1,1,4,3
61.24,1965,11,45.53,11,5251.62,5190.38,1,1,0,3,3
85.46,363,4,64.54,23,6953.48,6868.02,2,0,0,4,0
1676.75,137,0,1205.88,3,3063.39,1386.64,3,4,1,4,1
2038.5,48,1,2117.34,5,24629.84,22591.34,3,4,1,0,1
26.17,429,11,23.15,12,3283.63,3257.46,1,3,1,0,0
21.9,1489,11,22.74,14,9728.35,9706.45,1,3,1,4,3
333.35,203,7,255.43,11,6894.79,6561.44,2,0,0,1,0
725.73,38,2,761.26,4,13275.35,12549.62,3,0,1,4,1
106.62,382,10,92.43,17,4413.76,4307.14,1,2,1,2,0
971.05,88,3,993.74,3,3093.13,2122.08,3,4,0,0,1
186.67,305,6,150.41,18,3093.07,2906.4,0,0,0,1,0
24.65,803,13,20.03,19,6529.21,6504.56,1,2,1,3,3
10.94,1163,13,11.89,21,3693.87,3682.93,1,3,0,0,3
13.87,2215,10,14.6,9,3755.28,3741.41,1,3,1,0,3
36.16,1158,12,32.34,19,2379.83,2343.67,0,3,1,0,3
47.11,699,11,47.14,14,7576.72,7529.61,1,2,1,4,3
218.52,935,5,187.63,1,6897.46,6678.94,2,1,0,1,0
430.74,112,3,373.41,4,4800.54,4369.8,2,4,0,0,1
1005.32,105,3,770.27,5,2420.11,1414.79,2,4,0,1,1
33.77,1495,19,30.22,10,15271.21,15237.44,1,1,0,3,3
29.34,2333,8,26.12,21,6474.19,6444.85,1,3,1,1,3
29.48,1189,13,22.66,16,8580.7,8551.22,1,2,0,4,3
604.99,1118,0,479.18,16,14336.25,13731.26,0,1,1,1,0
3012.33,92,1,2116.87,4,18022.11,15009.78,2,0,1,4,1
703.98,138,1,566.51,1,999.13,295.15,2,4,0,1,1
58.93,1371,14,62.28,21,2833.76,2774.83,1,2,1,1,3
208.16,1120,8,208.74,21,14193.38,13985.22,0,0,1,3,3
906.86,42,7,782.06,0,11549.16,10642.3,3,0,0,1,1
149.04,530,7,152.26,12,4000.57,3851.53,0,0,2,1,0
28.84,1766,14,28.55,13,6205.26,6176.42,1,2,1,2,3
180.38,828,6,186.49,22,1644.84,1464.46,0,4,1,1,3
44.4,1697,14,38.37,16,2141.43,2097.03,1,3,1,4,3
785.61,724,6,678.27,4,13713.91,12928.3,2,0,1,3,0
26.68,2920,13,22.9,8,520.62,493.94,1,3,1,2,3
679.8,173,1,565.31,2,3434.61,2754.81,3,4,1,0,1
36.54,1107,11,32.41,11,6248.58,6212.04,1,3,1,1,3
102.09,456,3,104.84,18,16358.91,16256.82,2,4,0,1,2
38.92,772,16,32.67,15,7522.06,7483.14,1,1,0,3,3
228.11,830,5,200.64,10,1960.72,1732.61,0,1,1,1,0
136.08,331,3,103.75,22,4974.18,4838.1,2,4,1,3,0
39.02,527,19,29.75,15,11392.03,11353.01,1,3,1,3,3
166.0,596,4,143.67,10,3342.45,3176.45,2,4,1,1,0
362.43,1123,6,321.95,2,17707.44,17345.01,0,1,0,0,2
296.37,1126,8,234.15,16,3339.1,3042.73,2,0,1,4,0
3580.41,84,2,3912.58,5,1724.91,-1855.5,3,0,1,3,1
580.9,116,7,424.3,2,4744.58,4163.68,3,4,1,2,1
136.7,926,8,145.34,11,1871.62,1734.92,2,4,1,3,0
121.88,410,4,122.56,0,2021.08,1899.2,2,0,1,1,0
16.01,788,9,12.51,15,5590.63,5574.62,0,2,1,4,3
43.53,2112,13,44.12,17,9189.8,9146.27,1,1,1,2,3
72.66,1278,8,67.75,14,1873.58,1800.92,0,3,1,0,3
31.77,1051,18,34.38,13,6049.71,6017.94,1,3,1,2,3
778.28,128,2,782.78,2,4741.68,3963.4,3,4,1,1,1
712.12,797,5,553.11,4,8533.99,7821.87,2,0,0,0,1
49.24,356,4,53.09,1,6671.61,6622.37,2,1,1,0,0
110.58,550,5,103.82,11,1686.0,1575.42,0,4,0,2,0
18.13,2934,10,14.46,14,6476.08,6457.95,1,2,1,3,3
283.94,425,4,278.24,2,2006.85,1722.91,2,0,1,2,0
74.62,1725,13,80.12,12,5027.07,4952.45,1,3,0,3,3
27.36,472,19,29.53,10,4522.18,4494.82,1,3,1,2,3
440.6,115,4,402.65,3,5616.91,5176.31,3,4,0,1,1
44.53,2041,18,38.95,16,4671.69,4627.16,1,3,1,1,3
20.74,2140,8,17.69,9,6589.96,6569.22,1,2,1,3,3
67.91,1634,9,67.31,9,3180.8,3112.89,1,3,1,4,3
172.86,480,8,138.58,6,3071.25,2898.39,0,4,1,2,0
22.89,450,8,16.18,13,3087.5,3064.61,0,3,1,1,0
8.42,2372,14,8.86,12,9687.68,9679.26,1,3,1,3,3
29.14,2929,14,23.49,16,2468.77,2439.63,1,3,1,1,3
23.13,1191,14,24.75,20,1368.14,1345.01,1,2,1,0,3
217.03,928,6,232.88,2,19030.28,18813.25,2,4,1,1,2
117.47,344,3,93.62,5,6581.8,6464.33,2,4,1,4,0
855.0,151,2,721.55,4,2630.63,1775.63,3,4,1,4,1
564.51,156,3,494.4,1,5353.22,4788.71,3,4,1,1,1
1256.08,136,1,1041.37,3,2935.68,1679.6,2,0,0,4,1
108.35,328,6,91.46,10,19200.52,19092.17,0,0,0,2,2
697.8,123,2,637.98,4,4240.85,3543.05,3,0,0,0,1
239.85,1016,7,167.96,18,2133.67,1893.82,2,4,1,3,0
41.31,703,8,39.31,15,1964.96,1923.65,1,3,1,1,0
509.96,458,2,364.11,17,2600.62,2090.66,0,1,1,4,0
166.31,838,6,154.04,6,11296.75,11130.44,0,0,0,1,0
678.83,129,4,638.71,0,3845.36,3166.53,3,4,0,1,1
153.4,491,3,138.8,4,2645.11,2491.71,2,4,0,2,0
22.2,1984,8,21.9,13,2390.25,2368.05,0,1,1,2,3
171.74,306,2,148.45,10,3186.87,3015.13,2,0,1,4,0
86.37,182,2,71.92,1,14665.73,14579.36,2,0,0,4,0
308.58,56,3,293.97,4,6722.59,6414.01,3,4,1,0,0
55.67,2746,9,45.91,17,6393.22,6337.55,1,3,1,4,3
53.85,492,3,57.96,4,11638.68,11584.83,0,1,1,1,0
18.5,2487,13,16.67,11,14839.63,14821.13,1,2,0,2,3
488.91,88,2,427.29,3,1547.68,1058.77,3,0,0,4,1
205.03,781,5,173.16,23,3393.71,3188.68,2,1,1,1,0
367.96,837,5,302.11,22,5358.09,4990.13,0,0,1,3,0
289.0,381,5,258.82,22,2458.19,2169.19,2,4,0,3,0
166.9,549,4,163.86,18,2274.24,2107.34,2,4,0,1,0
436.32,11,2,476.08,0,2693.66,2257.34,3,4,1,3,1
607.18,94,1,493.53,3,7189.56,6582.38,2,4,1,0,1
139.23,925,5,141.06,3,8543.26,8404.03,2,1,1,0,0
17.07,679,13,17.83,20,2659.35,2642.28,1,1,1,3,3
30.08,715,14,30.08,8,2386.02,2355.94,1,3,1,3,3
93.99,361,1,74.08,11,4013.57,3919.58,0,0,2,0,0
368.24,708,5,402.8,0,1810.44,1442.2,0,0,1,1,0
497.5,152,0,493.51,4,1960.71,1463.21,3,4,0,0,1
25.42,2225,15,26.87,13,7992.92,7967.5,1,3,1,0,3
42.89,1354,14,45.94,11,5045.78,5002.89,1,2,0,4,3
1593.77,17,2,1330.65,1,21613.65,20019.88,2,0,1,3,1
831.6,26,0,913.55,0,2684.24,1852.64,3,0,0,3,1
372.31,371,4,368.76,6,2445.59,2073.28,0,0,2,1,0
86.73,964,6,61.9,5,2329.82,2243.09,0,1,0,1,0
24.9,2350,10,21.49,10,5195.39,5170.49,1,2,1,1,3
26.07,737,10,19.44,15,3669.04,3642.97,1,3,1,3,3
164.85,909,9,160.0,1,6442.7,6277.85,0,0,1,4,0
11.4,1456,10,10.86,21,5205.55,5194.15,0,1,1,3,3
41.71,1545,17,37.66,12,4345.22,4303.51,1,1,1,0,3
18.52,2302,8,17.56,19,14312.16,14293.64,1,3,1,4,3
597.69,50,1,597.43,5,3024.54,2426.85,3,4,0,3,1
28.81,1577,14,23.44,9,2908.92,2880.11,0,3,1,0,3
415.46,214,3,340.18,9,9261.3,8845.84,2,0,1,4,0
88.39,499,5,78.61,23,1361.27,1272.88,0,0,1,4,0
1158.21,153,2,1035.01,3,2759.5,1601.29,3,0,1,0,1
1635.46,93,2,1197.97,4,5064.03,3428.57,3,4,1,2,1
37.96,1173,4,31.89,0,4536.2,4498.24,2,0,1,2,0
54.74,825,8,46.51,4,5514.55,5459.81,2,4,2,3,0
38.29,1606,10,30.98,20,1181.71,1143.42,0,1,1,0,3
1088.61,53,1,778.54,2,8007.17,6918.56,3,4,1,2,1
53.61,2282,10,41.98,18,3437.54,3383.93,1,3,1,1,3
94.62,655,12,72.68,9,4638.24,4543.62,1,3,1,0,0
178.02,667,5,138.78,16,2789.56,2611.54,0,4,0,2,0
1072.75,123,5,901.28,5,4333.76,3261.01,2,4,1,3,1
36.16,2574,20,34.58,18,2470.05,2433.89,1,3,1,3,3
184.21,831,8,182.8,23,10825.44,10641.23,2,4,1,2,0
258.99,792,3,231.8,12,13252.27,12993.28,2,4,2,2,0
50.78,1712,15,51.43,19,3111.58,3060.8,1,1,1,3,3
42.85,1681,15,32.88,16,1724.44,1681.59,0,3,0,4,3
75.73,1097,2,59.36,15,13306.43,13230.7,2,0,1,2,0
1580.09,136,2,1191.88,4,3429.85,1849.76,2,0,1,2,1
11.87,582,10,11.28,16,1828.04,1816.17,0,1,1,4,3
166.65,344,4,131.7,23,3476.72,3310.07,2,4,0,4,0
36.22,1756,14,35.23,9,8008.73,7972.51,1,2,1,1,3
31.54,729,14,30.93,21,12079.07,12047.53,1,2,1,0,3
111.06,197,4,89.51,10,6510.88,6399.82,2,1,1,2,0
338.15,554,4,332.29,20,1677.33,1339.18,2,4,0,2,0
820.71,4,1,776.32,5,4102.0,3281.29,2,4,0,1,1
34.11,1825,16,32.34,18,1097.43,1063.32,1,3,0,2,3
1008.72,62,1,1102.95,2,8082.58,7073.86,2,4,0,4,1
490.51,68,1,444.4,4,4960.63,4470.12,3,4,1,2,1
248.44,702,2,183.96,13,4909.57,4661.13,0,4,0,4,0
557.43,1030,5,599.1,23,2018.5,1461.07,0,4,0,0,0
27.43,439,13,19.39,10,6213.1,6185.67,1,1,1,4,0
677.06,40,2,511.63,2,2763.51,2086.45,2,0,0,2,1
133.52,559,7,98.14,15,6441.77,6308.25,2,1,0,4,0
36.66,2202,17,27.55,15,1452.56,1415.9,1,3,1,4,3
13.34,2259,14,13.21,21,12413.04,12399.7,1,1,1,3,3
11.67,2910,12,11.82,8,1624.16,1612.49,1,2,1,3,3
27.01,1504,7,28.88,21,7893.59,7866.58,1,3,1,4,3
19.99,372,9,20.92,12,1816.37,1796.38,0,3,1,4,3
61.26,1191,4,43.79,0,1120.54,1059.28,2,0,0,3,0
177.78,357,2,190.33,6,3463.17,3285.39,2,0,1,2,0
82.74,561,9,61.75,21,4240.82,4158.08,0,1,1,0,3
357.8,1178,2,346.41,9,24544.62,24186.82,0,1,1,3,2
18.7,2357,15,15.82,15,13548.42,13529.72,1,3,1,1,3
25.17,1452,12,19.58,9,1557.31,1532.14,1,2,1,1,3
171.53,908,2,172.07,1,4883.69,4712.16,2,4,0,2,0
22.36,2185,12,17.51,21,6659.9,6637.54,1,1,1,0,3
13.84,1904,11,11.26,14,6516.79,6502.95,1,1,1,3,3
1371.8,51,3,1192.68,5,2871.13,1499.33,3,4,1,4,1
758.56,19,0,731.49,3,3865.73,3107.17,2,4,1,3,1
747.99,162,1,680.09,2,5749.93,5001.94,3,0,0,1,1
857.55,169,3,869.06,5,3882.9,3025.35,3,0,0,4,1
161.1,1114,5,175.38,19,2703.13,2542.03,0,4,0,1,3
25.83,1403,7,20.39,11,5325.81,5299.98,1,1,1,2,0
19.05,2729,10,13.91,13,7778.55,7759.5,1,2,1,4,3
413.21,828,2,290.22,3,6143.04,5729.83,0,4,1,4,0
40.07,2093,11,29.38,15,11274.4,11234.33,1,2,0,3,3
51.24,2652,3,46.81,11,11848.12,11796.88,0,2,1,3,3
18.56,1870,16,14.36,18,3715.87,3697.31,1,3,1,0,3
972.68,730,9,1048.36,0,5559.05,4586.37,2,1,0,3,1
796.11,118,1,753.8,0,7783.82,6987.71,2,0,0,0,1
661.06,106,1,674.59,4,6072.84,5411.78,3,4,0,4,1
89.86,1086,2,73.35,5,18724.96,18635.1,0,0,1,3,2
798.92,70,3,621.8,1,3380.19,2581.27,3,4,1,1,1
54.01,2095,8,45.49,21,3863.06,3809.05,1,1,1,3,3
287.46,938,6,296.55,13,1073.39,785.93,2,4,0,0,0
1120.64,70,2,1181.32,0,3554.69,2434.05,3,0,1,1,1
1135.85,141,1,925.04,3,5411.4,4275.55,3,4,0,0,1
145.54,263,3,113.45,9,4240.74,4095.2,0,0,1,3,0
100.72,1186,4,85.55,18,2862.64,2761.92,0,1,1,3,0
21.62,880,14,21.87,20,4893.74,4872.12,1,3,0,1,3
1098.86,101,2,924.43,3,1817.22,718.36,3,4,0,3,1
771.55,94,5,712.21,3,634.72,-136.83,2,4,1,4,1
23.51,2801,12,21.14,12,2003.64,1980.13,0,3,1,4,3
60.68,635,6,57.57,6,2955.9,2895.22,2,0,2,2,0
1271.8,67,1,907.84,0,6011.62,4739.82,3,4,0,1,1
200.27,1145,4,193.89,17,28502.74,28302.47,2,0,2,3,2
1009.1,22,4,876.54,1,8186.31,7177.21,2,4,0,2,1
43.02,616,13,42.82,9,4414.97,4371.95,1,3,1,4,3
34.35,2766,14,28.95,12,5837.21,5802.86,1,2,1,2,3
1820.26,4,2,1348.56,1,2929.2,1108.94,3,0,1,3,1
238.07,668,5,204.37,9,4215.09,3977.02,2,4,2,1,0
36.78,1124,16,35.39,13,5591.39,5554.61,1,1,1,3,3
1242.52,200,6,1300.59,10,11901.35,10658.83,2,4,2,2,1
508.23,476,2,362.33,10,2207.48,1699.25,2,0,1,1,0
80.48,293,1,86.37,4,2989.44,2908.96,0,4,0,1,0
131.62,852,2,112.63,4,4313.44,4181.82,2,4,0,3,0
654.59,40,1,648.99,0,6589.95,5935.36,3,4,1,0,1
18.31,1552,6,19.48,15,2952.73,2934.42,1,3,1,2,3
20.74,782,8,18.2,10,6951.91,6931.17,1,3,1,0,0
657.08,104,0,557.66,1,8676.08,8019.0,3,4,0,1,1
37.05,366,15,32.16,15,2067.28,2030.23,1,1,0,3,3
102.36,140,6,84.31,9,2724.94,2622.58,2,1,1,1,0
26.33,1903,13,26.63,8,8640.27,8613.94,0,2,1,0,3
36.23,2483,10,34.26,8,5478.1,5441.87,1,1,1,4,3
218.13,1197,6,177.92,3,3769.29,3551.16,2,0,2,1,0
43.47,1270,10,31.32,13,2652.97,2609.5,0,2,1,0,3
183.91,1094,4,175.92,20,12589.63,12405.72,0,1,1,3,0
1839.86,4,2,1879.9,4,2590.6,750.74,2,4,0,4,1
141.7,933,3,153.52,14,15615.42,15473.72,2,0,0,3,0
795.34,20,0,564.31,1,4719.73,3924.39,3,4,0,0,1
53.21,2679,16,52.08,14,5310.66,5257.45,0,2,1,2,3
261.6,904,5,277.61,8,6166.2,5904.6,2,4,0,1,0
30.9,1072,14,23.18,11,3463.19,3432.29,1,2,1,0,3
249.5,1135,3,186.47,22,2953.64,2704.14,2,4,2,0,0
1036.39,156,0,1084.5,4,18304.21,17267.82,3,4,0,4,1
223.75,611,2,178.62,21,7199.36,6975.61,2,4,0,3,0
309.21,194,2,235.81,9,2089.03,1779.82,2,4,1,0,0
60.57,603,7,42.91,16,3968.45,3907.88,1,1,1,2,0
1536.13,43,2,1332.49,1,3525.97,1989.84,3,4,0,1,1
575.27,124,1,523.13,3,7401.38,6826.11,2,4,0,2,1
20.25,1661,17,15.01,21,14060.2,14039.95,1,1,1,3,3
269.7,177,3,230.18,22,11994.55,11724.85,0,4,1,4,0
329.13,654,4,314.7,10,3875.41,3546.28,0,4,1,1,0
45.35,866,13,37.91,11,954.35,909.0,1,3,1,0,3
34.25,1070,12,33.15,21,3533.78,3499.53,1,2,1,0,3
865.29,133,4,909.19,5,9583.53,8718.24,3,0,0,3,1
27.84,1627,19,26.16,21,17234.26,17206.42,1,3,1,4,3
15.13,2388,13,16.19,14,3122.89,3107.76,1,3,1,2,3
39.88,2658,17,29.02,13,8499.63,8459.75,1,3,1,0,3
42.54,2465,8,36.93,19,11332.03,11289.49,1,1,1,0,3
26.38,1997,15,20.41,17,31788.71,31762.33,1,3,1,2,2
437.69,20,5,335.61,0,4083.0,3645.31,2,0,0,0,0
80.81,502,3,87.76,23,2715.14,2634.33,2,0,0,1,0
14.06,1216,13,11.29,10,3955.84,3941.78,1,2,1,2,3
1321.08,14,3,1082.59,1,3685.44,2364.36,2,0,0,3,1
41.61,1016,12,41.76,21,4780.28,4738.67,0,3,1,3,3
42.9,795,10,39.44,18,8463.9,8421.0,1,3,1,1,3
17.87,2858,18,13.75,10,2943.46,2925.59,0,2,1,2,3
49.75,2032,19,42.43,9,4575.16,4525.41,0,3,1,0,3
83.34,591,5,64.09,0,1507.51,1424.17,2,4,0,2,0
26.49,371,9,22.34,14,15292.19,15265.7,1,2,1,3,2
123.82,395,3,131.72,7,5354.75,5230.93,0,1,0,0,0
269.47,773,3,200.73,23,6492.8,6223.33,2,1,1,3,0
120.64,566,0,122.36,2,2819.73,2699.09,2,0,1,4,0
549.81,84,2,492.15,5,5354.06,4804.25,2,0,0,0,1
35.55,1416,11,26.65,16,5122.73,5087.18,0,3,1,3,3
629.34,714,6,477.93,0,3319.35,2690.01,2,4,1,1,1
164.33,578,5,176.59,23,2350.3,2185.97,2,0,0,0,0
189.36,635,9,133.19,23,1965.87,1776.51,2,4,1,4,0
12.73,710,10,8.99,20,4059.28,4046.55,1,3,1,4,3
26.5,814,12,20.49,8,3401.48,3374.98,1,3,1,3,3
277.77,1052,5,299.25,23,2280.91,2003.14,2,4,1,3,0
264.25,900,6,259.41,10,13731.13,13466.88,2,4,1,1,0
82.38,2307,12,80.46,10,4018.12,3935.74,1,3,1,2,3
12.07,2435,8,8.66,14,7068.91,7056.84,0,3,1,2,3
82.76,1173,5,61.35,17,2014.07,1931.31,0,0,1,3,0
50.87,1544,10,53.86,11,3214.08,3163.21,0,3,1,2,3
2145.81,136,0,1569.69,2,922.28,-1223.53,2,0,0,4,1
616.83,113,1,442.68,5,10523.41,9906.58,3,4,1,0,1
30.14,385,15,26.12,15,7031.54,7001.4,0,2,1,0,3
347.0,1168,4,333.32,22,3469.88,3122.88,2,4,0,4,0
17.91,504,10,14.63,13,5076.59,5058.68,1,3,1,3,0
91.02,831,6,65.13,19,5094.63,5003.61,2,0,0,1,0
607.43,556,9,510.6,2,11234.32,10626.89,0,0,1,0,0
678.53,51,0,475.1,5,3979.4,3300.87,3,0,1,0,1
24.81,415,9,23.99,20,1538.94,1514.13,1,3,1,0,0
143.71,867,10,107.81,0,11397.3,11253.59,0,0,0,3,0
266.28,450,9,285.61,19,7364.42,7098.14,0,0,0,2,0
702.61,39,3,736.49,2,8584.32,7881.71,3,0,0,4,1
716.32,8,2,636.44,2,3833.78,3117.46,3,4,1,4,1
50.6,2145,6,52.41,8,5963.51,5912.91,1,2,1,3,3
25.6,2716,9,25.94,15,6174.41,6148.81,1,2,1,2,3
48.73,2231,14,35.05,10,13638.42,13589.69,1,1,1,2,3
20.88,1003,18,15.79,18,1784.72,1763.84,1,3,1,4,3
113.18,283,6,123.6,5,13955.45,13842.27,2,1,1,4,0
71.64,1196,1,70.08,17,910.63,838.99,0,1,0,2,0
73.74,2362,7,77.95,8,16161.64,16087.9,1,3,1,4,2
844.62,73,0,881.9,5,4596.21,3751.59,3,0,0,1,1
53.56,2285,16,42.03,17,3421.59,3368.03,1,3,1,3,3
16.05,2038,14,14.84,18,3150.54,3134.49,1,2,1,0,3
413.31,141,2,306.52,0,4501.73,4088.42,2,0,1,2,0
267.72,941,3,190.91,13,5648.18,5380.46,0,1,1,0,0
410.11,386,4,411.15,1,13352.0,12941.89,2,0,1,1,0
146.03,427,6,131.05,5,3196.21,3050.18,2,4,1,1,0
18.97,817,15,16.06,18,1166.21,1147.24,1,3,1,0,3
16.23,2622,7,12.59,18,15795.19,15778.96,1,3,1,4,3
24.56,1812,19,20.84,16,1002.55,977.99,1,1,1,3,3
16.96,2166,13,16.22,13,981.43,964.47,0,3,1,3,3
179.06,637,5,144.73,20,5977.69,5798.63,2,0,1,0,0
523.77,722,6,538.14,9,13640.54,13116.77,2,0,0,3,0
26.11,1439,12,25.33,15,1917.86,1891.75,1,3,1,2,3
452.48,1,1,344.06,0,4443.86,3991.38,3,4,0,3,1
57.52,1107,13,43.19,8,4954.5,4896.98,1,3,1,4,3
161.81,958,8,133.62,0,4779.25,4617.44,0,1,2,0,0
64.06,2012,7,49.41,19,15600.82,15536.76,1,3,1,3,3
46.93,942,16,49.37,16,3769.11,3722.18,1,3,1,2,3
19.9,1670,7,16.9,9,4920.26,4900.36,0,3,0,3,3
176.46,647,3,134.13,19,2865.89,2689.43,2,0,1,2,0
179.89,817,10,182.14,4,9416.94,9237.05,0,1,1,0,0
1285.79,55,2,1234.01,3,2548.21,1262.42,3,0,1,2,1
30.61,1959,10,29.68,8,3372.7,3342.09,1,3,1,2,3
27.97,1558,13,27.78,14,13332.32,13304.35,0,3,1,1,3
226.07,242,3,246.16,1,8110.09,7884.02,0,4,1,1,0
1447.98,93,2,1132.82,4,5021.68,3573.7,3,4,0,4,1
20.54,1493,13,19.07,14,13223.33,13202.79,0,3,1,0,3
29.95,2472,8,26.77,13,4129.18,4099.23,1,2,0,2,3
146.23,411,11,146.45,7,14563.6,14417.37,0,4,1,0,2
37.45,2085,12,26.5,17,9044.18,9006.73,1,3,1,2,3
113.04,256,6,107.18,10,11790.81,11677.77,2,1,1,2,0
168.92,615,9,129.99,2,3685.84,3516.92,0,0,2,1,0
208.4,350,4,176.42,18,2227.26,2018.86,2,4,0,4,0
36.71,2660,11,26.29,9,6890.72,6854.01,1,1,0,3,3
158.86,813,2,122.06,9,14285.55,14126.69,0,1,1,3,0
231.91,1197,4,163.53,13,1933.89,1701.98,2,4,1,4,0
2461.88,154,3,2501.0,0,4841.58,2379.7,3,0,0,3,1
279.92,149,1,224.77,3,5976.36,5696.44,3,0,0,2,0
1296.17,141,1,1278.44,2,6656.76,5360.59,2,4,0,1,1
24.2,890,13,22.49,12,2223.8,2199.6,1,3,1,3,3
190.36,507,6,183.97,10,6210.2,6019.84,2,0,1,0,0
740.34,167,4,522.93,5,5225.75,4485.41,3,4,0,3,1
154.38,672,4,162.49,0,20290.82,20136.44,2,4,1,1,2
138.65,213,5,97.89,18,4459.01,4320.36,2,0,1,1,0
27.4,2151,13,25.6,11,4796.34,4768.94,0,2,1,1,3
136.67,330,3,141.32,8,3425.31,3288.64,2,0,0,3,0
129.0,888,5,98.49,20,6749.41,6620.41,2,4,1,4,0
59.73,971,8,54.17,13,5397.9,5338.17,1,3,0,2,0
23.45,2942,14,23.28,14,5740.32,5716.87,0,1,1,4,3
101.82,1020,20,75.66,19,8956.65,8854.83,0,2,1,4,3
147.35,716,5,117.92,11,3118.33,2970.98,2,1,1,2,0
549.84,127,4,452.88,1,2603.64,2053.8,3,0,1,4,1
152.35,812,10,121.49,15,41545.21,41392.86,0,0,2,4,2
49.94,368,8,47.77,11,1581.44,1531.5,1,2,0,4,0
706.17,58,0,676.49,0,18094.67,17388.5,3,0,0,3,1
43.09,1646,5,32.44,16,5840.64,5797.55,1,1,1,2,0
1630.0,113,4,1421.15,2,8761.99,7131.99,3,4,1,0,1
239.01,390,2,178.04,11,12726.05,12487.04,2,1,0,4,0
51.58,935,8,49.69,18,4202.94,4151.36,1,3,1,4,3
25.03,1974,10,25.5,15,17900.49,17875.46,0,2,0,2,2
1149.53,109,3,879.67,3,10096.64,8947.11,3,4,1,0,1
37.61,619,14,40.43,11,1854.04,1816.43,1,3,1,3,3
25.87,1785,13,18.87,10,4587.34,4561.47,0,1,1,2,3
19.12,2002,10,17.06,12,19322.57,19303.45,0,2,1,2,2
20.03,815,13,21.69,11,2231.52,2211.49,1,1,1,1,3
34.5,2216,10,25.91,18,11006.82,10972.32,1,3,1,3,3
772.5,12,3,664.19,2,9052.53,8280.03,3,0,0,3,1
47.2,976,12,44.41,13,5633.73,5586.53,1,3,1,3,3
9.92,485,16,10.18,18,4123.9,4113.98,0,2,1,4,3
737.06,140,2,609.32,3,28026.21,27289.15,2,0,0,1,2
22.43,1961,14,22.46,11,1919.44,1897.01,1,2,1,3,3
53.56,296,4,38.62,11,22914.52,22860.96,2,0,1,2,2
130.36,1042,6,95.12,8,4748.62,4618.26,0,4,1,0,0
52.64,2791,11,40.93,14,1025.34,972.7,1,1,1,4,3
186.77,210,4,161.03,15,2394.82,2208.05,2,4,0,4,0
153.48,767,8,121.22,20,23017.96,22864.48,2,4,0,2,2
1583.05,56,0,1726.61,2,2590.6,1007.55,2,4,1,2,1
377.14,167,0,401.18,0,14990.1,14612.96,2,4,0,4,1
88.99,681,2,78.71,13,1519.47,1430.48,2,4,2,4,0
91.15,259,3,98.67,23,4115.02,4023.87,2,0,1,3,0
260.75,453,7,205.82,19,2742.36,2481.61,2,4,1,0,0
1677.79,170,6,1802.08,1,3092.42,1414.63,3,4,1,4,1
14.4,1296,7,13.26,13,6068.51,6054.11,1,1,1,1,0
302.72,437,7,274.35,12,4932.18,4629.46,2,0,2,0,0
1496.49,137,1,1349.54,5,7628.6,6132.11,3,4,0,3,1
176.89,594,5,162.63,4,13156.43,12979.54,2,4,1,3,0
548.4,4,0,486.6,5,2369.65,1821.25,3,4,0,1,1
147.07,1104,6,147.55,19,10179.78,10032.71,2,0,1,1,0
115.42,1095,5,107.27,17,4229.97,4114.55,0,4,0,3,3
124.26,1192,8,117.01,1,4069.71,3945.45,0,4,1,4,3
33.44,2779,12,35.25,13,1739.71,1706.27,1,2,1,2,3
80.33,1996,12,77.4,8,7321.41,7241.08,1,2,1,2,3
844.47,281,10,659.27,21,2645.26,1800.79,2,0,1,4,0
35.12,834,11,37.52,8,548.44,513.32,1,3,1,3,3
261.63,581,10,268.87,18,4482.44,4220.81,0,0,1,1,0
30.25,2025,18,28.14,18,19475.95,19445.7,1,2,1,0,2
14.15,1047,16,13.58,12,8669.21,8655.06,1,2,1,4,3
29.65,1010,10,29.98,9,1276.07,1246.42,0,1,1,0,3
509.72,1001,8,465.34,13,2345.09,1835.37,2,4,0,3,0
1671.61,3,0,1775.57,2,3875.06,2203.45,3,4,0,4,1
36.0,2915,12,36.17,19,3006.32,2970.32,1,2,1,4,3
587.72,88,3,627.96,3,5352.06,4764.34,3,4,0,1,1
318.88,671,5,297.04,1,4114.44,3795.56,0,0,2,2,0
44.63,441,12,48.56,17,9303.25,9258.62,1,2,1,4,3
49.72,1479,12,51.34,18,8439.61,8389.89,0,2,1,0,3
56.94,768,11,61.12,20,2641.78,2584.84,0,3,0,0,3
49.45,1091,7,36.11,19,7271.18,7221.73,1,1,1,4,0
21.27,2652,13,15.93,18,2778.7,2757.43,1,1,1,1,3
64.86,1368,17,71.2,10,2611.96,2547.1,1,1,0,4,3
21.66,2184,16,20.38,13,4375.69,4354.03,0,3,1,4,3
463.8,963,6,502.9,23,4414.6,3950.8,0,1,0,3,0
606.99,41,3,471.7,4,3979.61,3372.62,3,4,1,2,1
484.16,76,1,371.47,4,4852.67,4368.51,3,0,0,1,1
128.22,1018,3,121.21,1,4574.42,4446.2,0,4,2,4,0
1234.65,96,1,1049.97,4,6761.65,5527.0,3,4,1,1,1
94.58,575,7,76.35,4,1667.36,1572.78,2,0,0,1,0
41.42,2678,15,43.69,13,3495.11,3453.69,1,1,1,4,3
1330.08,18,0,1254.47,1,3835.96,2505.88,3,0,1,4,1
36.97,2395,17,35.28,21,13795.04,13758.07,1,3,1,2,3
433.16,6,4,424.02,1,2002.61,1569.45,3,4,0,0,1
47.23,2423,11,38.73,13,3752.97,3705.74,1,3,0,3,3
98.8,908,3,91.78,0,5344.04,5245.24,2,0,0,4,0
694.92,5,3,668.25,0,5989.33,5294.41,3,4,0,3,1
933.93,14,0,779.79,2,6341.1,5407.17,3,4,0,0,1
164.03,370,3,119.32,12,2881.81,2717.78,2,4,2,0,0
41.97,1356,18,31.03,11,6855.37,6813.4,1,3,1,2,3
21.51,2301,18,22.7,11,3413.44,3391.93,1,1,1,4,3
29.67,873,13,23.14,19,14342.99,14313.32,1,3,1,4,3
24.01,1287,14,26.4,9,7296.63,7272.62,1,3,1,4,3
205.58,347,3,185.81,19,3770.19,3564.61,2,0,1,4,0
477.26,949,7,373.92,15,1838.96,1361.7,2,0,2,1,0
133.83,508,4,116.02,0,5539.8,5405.97,0,4,1,1,0
202.68,974,7,145.86,3,2469.37,2266.69,2,0,1,3,0
442.14,759,2,476.27,6,4470.25,4028.11,0,1,2,4,0
189.98,1129,6,140.46,15,10567.88,10377.9,2,4,0,1,0
923.33,140,2,1003.22,3,1624.09,700.76,2,4,0,1,1
21.12,1477,11,17.41,20,3119.15,3098.03,1,1,0,3,3
83.44,1126,9,64.66,17,2355.54,2272.1,2,1,1,0,0
28.49,880,9,29.63,16,14010.18,13981.69,1,2,1,1,0
163.14,138,5,173.3,12,6532.61,6369.47,0,0,1,0,0
137.39,977,4,111.15,2,3301.66,3164.27,0,1,2,3,0
78.8,333,3,59.96,13,6758.71,6679.91,2,1,1,4,0
31.87,2597,10,30.67,8,5657.67,5625.8,0,1,1,2,3
287.17,131,2,228.09,18,2257.54,1970.37,2,0,2,0,0
52.51,1013,14,55.79,11,13274.15,13221.64,0,3,1,3,3
13.81,960,11,11.35,10,13424.68,13410.87,1,1,1,1,0
896.41,133,0,875.44,2,13197.32,12300.91,3,0,0,1,1
121.31,554,12,98.16,16,2284.0,2162.69,0,4,0,0,3
14.63,1717,14,14.13,11,6617.2,6602.57,0,3,1,3,3
54.51,1397,8,42.25,20,3187.81,3133.3,1,3,1,4,3
538.82,132,3,525.76,2,3831.2,3292.38,3,0,0,0,1
682.29,20,2,571.87,2,766.42,84.13,3,4,1,0,1
1152.4,172,1,1245.73,0,1080.72,-71.68,3,4,0,0,1
80.86,564,4,82.74,13,1573.16,1492.3,0,1,0,3,0
434.42,718,7,466.58,17,2085.07,1650.65,2,4,1,4,0
15.72,2426,14,14.6,17,2621.18,2605.46,0,3,1,4,3
284.77,630,6,298.65,1,13105.68,12820.91,2,1,1,1,0
297.26,4,1,298.18,1,10697.36,10400.1,2,4,0,4,1
135.62,929,2,138.8,22,8884.64,8749.02,2,0,2,4,0
160.27,105,4,136.41,0,2492.57,2332.3,2,1,1,4,0
497.26,95,1,475.26,2,2413.71,1916.45,3,0,1,1,1
639.82,140,2,604.77,5,2928.89,2289.07,3,4,1,3,1
520.52,461,4,471.06,7,2571.64,2051.12,2,0,1,1,0
172.26,787,3,177.35,13,6977.45,6805.19,0,0,1,0,0
632.2,5,3,543.85,1,9890.28,9258.08,2,0,1,1,1
20.88,1033,12,21.24,11,6601.17,6580.29,1,3,1,3,3
104.9,693,5,102.28,3,3399.52,3294.62,2,0,1,0,0
1605.46,122,1,1145.88,4,2264.36,658.9,3,4,0,1,1
768.63,122,4,730.79,5,4392.73,3624.1,3,0,0,0,1
26.29,1905,11,22.76,8,6832.53,6806.24,0,3,1,1,3
56.86,1400,6,58.67,9,4889.78,4832.92,0,1,0,0,0
114.15,1144,6,91.41,11,3287.28,3173.13,0,1,1,4,0
493.63,38,4,347.83,3,6120.89,5627.26,3,4,1,4,1
467.44,918,5,427.0,12,2076.54,1609.1,2,4,1,2,0
506.06,985,1,384.25,2,3786.16,3280.1,2,4,0,1,1
37.13,2903,10,30.14,10,3496.16,3459.03,0,3,1,3,3
794.8,105,2,582.86,3,9482.17,8687.37,2,0,1,0,1
465.37,1103,6,392.85,8,6626.07,6160.7,0,4,1,2,0
53.58,1982,12,40.99,8,3835.88,3782.3,1,2,1,0,3
945.34,172,3,954.42,0,4545.28,3599.94,3,4,1,2,1
15.42,2834,14,13.46,21,2206.74,2191.32,1,3,1,2,3
25.8,1020,15,20.61,12,3767.61,3741.81,1,2,1,3,3
15.35,1131,7,15.89,21,4750.77,4735.42,1,2,1,4,3
29.18,1770,15,25.6,17,3034.6,3005.42,0,2,0,4,3
39.89,853,13,35.89,8,4842.65,4802.76,1,2,1,4,3
506.64,169,1,418.06,3,4142.06,3635.42,3,4,1,0,1
17.4,2022,12,13.38,18,2305.96,2288.56,1,2,1,4,3
1269.88,27,1,964.54,0,5829.04,4559.16,3,0,0,4,1
27.3,952,16,25.57,12,2344.9,2317.6,1,2,1,4,3
42.26,2773,8,45.13,17,15545.0,15502.74,1,2,0,0,3
29.26,2730,8,27.03,21,762.19,732.93,1,1,1,1,3
187.11,897,3,171.76,9,7750.59,7563.48,2,1,1,4,0
95.47,963,5,90.78,19,1298.07,1202.6,0,0,1,4,0
621.66,133,4,575.09,20,5187.72,4566.06,2,4,1,0,0
630.54,92,2,478.1,1,1642.26,1011.72,3,0,1,4,1
69.1,1467,9,52.07,18,7632.89,7563.79,1,1,1,4,3
20.38,1359,17,16.22,12,5930.49,5910.11,1,1,1,3,3
21.83,2395,13,18.95,12,27537.65,27515.82,1,1,1,3,2
771.81,179,4,833.67,0,613.67,-158.14,3,0,0,0,1
10.34,399,11,9.78,11,9761.93,9751.59,0,2,1,3,3
228.42,968,5,187.29,2,41779.03,41550.61,2,4,0,0,2
48.78,1772,15,45.1,21,7110.79,7062.01,1,2,1,0,3
16.11,864,14,17.56,15,8378.06,8361.95,0,3,0,1,3
532.27,141,3,405.0,4,2307.05,1774.78,3,4,1,2,1
324.99,463,8,297.8,11,9037.6,8712.61,2,0,0,3,0
22.76,1282,14,17.19,18,5320.21,5297.45,0,3,1,3,3
39.17,1435,10,40.44,14,3047.93,3008.76,1,3,1,2,3
60.35,2589,14,47.47,19,2938.51,2878.16,1,3,1,2,3
129.14,541,6,133.0,7,3978.87,3849.73,0,1,0,4,0
81.86,192,5,73.86,12,2510.51,2428.65,2,4,2,1,0
117.41,1422,13,117.74,20,13447.15,13329.74,1,3,1,0,3
32.63,2629,14,34.89,20,2879.5,2846.87,1,1,1,2,3
88.79,1081,6,80.97,23,5458.01,5369.22,2,4,1,1,0
265.19,994,2,194.89,8,1280.91,1015.72,2,4,0,0,0
82.03,221,6,66.36,9,10573.58,10491.55,0,0,1,3,0
122.85,1025,8,115.55,2,5969.01,5846.16,2,4,2,2,0
40.59,2036,11,34.3,18,13148.5,13107.91,1,2,1,0,3
279.5,1033,5,197.41,15,4995.92,4716.42,2,0,1,4,0
87.8,154,7,70.86,7,20758.5,20670.7,0,4,0,0,2
68.11,2524,5,59.95,20,7001.19,6933.08,0,3,0,3,3
27.54,2260,7,24.64,8,7692.18,7664.64,1,2,1,3,3
1107.66,44,4,872.2,1,2857.53,1749.87,3,0,0,3,1
79.45,867,14,75.23,14,5164.51,5085.06,0,3,1,3,3
117.45,241,6,114.28,15,2419.16,2301.71,0,0,0,1,0
